{"type":"FeatureCollection","features":[{"type":"Feature","geometry":{"type":"MultiPolygon","coordinates":[[[[117.704,4.163],[117.839,4.04],[117.935,4.06],[117.907,4.157],[117.704,4.163]]],[[[124.451,-9.18],[124.428,-9.299],[124.348,-9.375],[124.31,-9.489],[124.258,-9.501],[124.197,-9.373],[124.121,-9.427],[124.03,-9.342],[123.689,-9.611],[123.646,-9.775],[123.65,-9.889],[123.576,-10.014],[123.746,-10.05],[123.749,-10.098],[123.547,-10.187],[123.469,-10.356],[123.574,-10.338],[123.826,-10.364],[124.034,-10.276],[124.122,-10.173],[124.418,-10.164],[124.541,-10.037],[124.735,-9.9],[124.847,-9.748],[124.971,-9.662],[125.002,-9.536],[125.062,-9.486],[124.954,-9.242],[124.974,-9.192],[125.143,-9.189],[125.162,-9.061],[125.087,-8.986],[124.948,-9.079],[124.92,-8.962],[124.692,-9.068],[124.563,-9.171],[124.451,-9.18]]],[[[117.567,4.16],[117.436,4.186],[117.217,4.353],[117.165,4.333],[116.804,4.33],[116.712,4.367],[116.577,4.332],[116.533,4.395],[116.494,4.325],[116.391,4.295],[116.311,4.383],[116.126,4.379],[116.021,4.271],[115.844,4.389],[115.817,4.281],[115.647,4.169],[115.622,4.04],[115.538,3.898],[115.589,3.858],[115.549,3.605],[115.601,3.441],[115.518,3.357],[115.483,3.206],[115.517,3.157],[115.464,3.031],[115.31,2.986],[115.242,3.042],[115.067,2.828],[115.056,2.609],[115.162,2.59],[115.206,2.51],[115.127,2.479],[114.92,2.296],[114.779,2.247],[114.752,2.154],[114.781,2.036],[114.845,2.025],[114.832,1.903],[114.671,1.821],[114.669,1.694],[114.501,1.436],[114.398,1.504],[114.16,1.425],[114.054,1.465],[113.91,1.442],[113.808,1.34],[113.65,1.233],[113.503,1.314],[113.398,1.294],[113.324,1.351],[113.089,1.431],[112.958,1.416],[113.023,1.537],[112.855,1.583],[112.769,1.552],[112.47,1.568],[112.18,1.449],[112.184,1.369],[112.1,1.155],[111.91,1.114],[111.823,1.008],[111.655,1.031],[111.539,0.998],[111.352,1.014],[111.198,1.075],[110.853,0.997],[110.784,0.908],[110.554,0.851],[110.423,0.909],[110.352,0.987],[110.263,0.994],[110.17,1.174],[110.093,1.192],[109.976,1.288],[109.933,1.379],[109.843,1.403],[109.642,1.637],[109.642,1.781],[109.547,1.814],[109.528,1.89],[109.645,2.083],[109.561,1.99],[109.341,1.936],[109.348,1.81],[109.253,1.668],[109.096,1.561],[109.061,1.384],[108.986,1.216],[108.933,1.178],[108.98,0.996],[108.941,0.884],[108.855,0.832],[108.927,0.641],[108.91,0.531],[108.945,0.445],[108.921,0.34],[109.102,0.243],[109.167,0.112],[109.3,0.01],[109.161,0.034],[109.188,-0.177],[109.225,-0.237],[109.119,-0.203],[109.046,-0.246],[109.103,-0.361],[109.123,-0.5],[109.262,-0.592],[109.344,-0.584],[109.469,-0.737],[109.263,-0.667],[109.273,-0.854],[109.407,-0.911],[109.489,-0.852],[109.677,-0.984],[109.735,-0.879],[109.734,-0.954],[109.835,-1.086],[109.923,-1.104],[109.93,-1.223],[110.03,-1.286],[110.069,-1.433],[110.034,-1.646],[109.904,-1.826],[110.075,-1.922],[110.129,-2.07],[110.096,-2.197],[110.16,-2.436],[110.221,-2.533],[110.157,-2.621],[110.212,-2.653],[110.246,-2.786],[110.205,-2.896],[110.263,-3.003],[110.508,-2.875],[110.617,-2.91],[110.662,-3.081],[110.794,-2.944],[110.754,-3.026],[110.907,-3.083],[111.061,-3.061],[111.296,-2.936],[111.448,-2.93],[111.584,-3.009],[111.703,-2.944],[111.673,-2.895],[111.737,-2.813],[111.833,-3.062],[111.815,-3.19],[111.843,-3.362],[111.822,-3.545],[111.905,-3.572],[112.117,-3.382],[112.303,-3.314],[112.39,-3.34],[112.525,-3.438],[112.618,-3.424],[113.021,-3.163],[112.949,-3.125],[113.017,-3.037],[113.035,-2.923],[113.101,-3.043],[113.183,-3.077],[113.241,-3.177],[113.351,-3.272],[113.466,-3.184],[113.62,-3.185],[113.632,-3.457],[113.713,-3.473],[113.886,-3.431],[114.042,-3.356],[114.123,-3.216],[114.126,-3.368],[114.248,-3.36],[114.365,-3.212],[114.264,-3.398],[114.412,-3.485],[114.488,-3.488],[114.55,-3.348],[114.537,-3.563],[114.611,-3.684],[114.604,-3.855],[114.632,-4.013],[114.625,-4.171],[114.713,-4.171],[115.06,-3.986],[115.583,-3.781],[115.836,-3.633],[115.968,-3.609],[116.01,-3.451],[116.163,-3.173],[116.265,-3.137],[116.161,-3.004],[116.11,-3.006],[116.151,-2.816],[116.244,-3.009],[116.334,-2.926],[116.37,-2.824],[116.393,-2.574],[116.31,-2.516],[116.54,-2.513],[116.603,-2.224],[116.531,-2.169],[116.411,-2.204],[116.371,-2.138],[116.289,-2.169],[116.463,-2.02],[116.467,-1.907],[116.38,-1.765],[116.222,-1.79],[116.325,-1.704],[116.557,-1.606],[116.539,-1.481],[116.61,-1.421],[116.762,-1.365],[116.791,-1.244],[116.715,-1.125],[116.787,-1.159],[116.82,-1.261],[117.024,-1.203],[117.164,-0.982],[117.25,-0.909],[117.282,-0.809],[117.339,-0.901],[117.379,-0.839],[117.615,-0.786],[117.539,-0.695],[117.599,-0.521],[117.596,-0.423],[117.441,-0.525],[117.489,-0.387],[117.434,-0.264],[117.53,-0.032],[117.47,0.109],[117.62,0.502],[117.811,0.812],[117.914,0.84],[117.994,0.788],[118.03,0.859],[117.901,1.079],[117.99,1.079],[118.069,0.929],[118.188,0.875],[118.565,0.804],[118.686,0.846],[118.798,0.805],[119.003,0.962],[119.006,1.038],[118.857,1.058],[118.729,1.254],[118.613,1.351],[118.4,1.454],[118.425,1.486],[118.127,1.655],[118.046,1.783],[117.924,1.819],[117.863,1.886],[117.873,1.99],[117.741,2.045],[117.9,2.05],[117.941,2.163],[118.091,2.262],[117.979,2.467],[117.826,2.607],[117.784,2.758],[117.633,2.812],[117.736,2.902],[117.544,2.929],[117.688,2.971],[117.565,2.984],[117.617,3.086],[117.482,3.101],[117.454,3.171],[117.353,3.183],[117.37,3.305],[117.447,3.435],[117.325,3.436],[117.228,3.505],[117.217,3.603],[117.091,3.646],[117.524,3.625],[117.469,3.792],[117.547,3.664],[117.749,3.637],[117.826,3.704],[117.734,3.752],[117.777,3.799],[117.52,4.049],[117.396,4.099],[117.373,4.17],[117.508,4.123],[117.567,4.16]]],[[[140.974,-2.601],[140.699,-2.608],[140.745,-2.499],[140.608,-2.439],[140.389,-2.397],[140.332,-2.456],[140.21,-2.402],[140.166,-2.325],[139.865,-2.372],[139.283,-2.122],[139.107,-2.013],[138.803,-1.921],[138.665,-1.789],[138.357,-1.71],[138.075,-1.61],[137.925,-1.484],[137.794,-1.484],[137.532,-1.598],[137.349,-1.71],[137.143,-1.787],[137.102,-1.888],[137.205,-1.95],[137.226,-2.074],[137.024,-2.118],[136.759,-2.249],[136.404,-2.22],[136.266,-2.56],[136.072,-2.673],[135.965,-2.776],[135.91,-2.986],[135.746,-3.077],[135.767,-3.109],[135.639,-3.178],[135.47,-3.363],[135.322,-3.386],[134.985,-3.33],[134.964,-3.238],[134.881,-3.243],[134.819,-3.136],[134.851,-2.9],[134.772,-2.978],[134.701,-2.959],[134.667,-2.826],[134.658,-2.563],[134.556,-2.465],[134.484,-2.539],[134.478,-2.635],[134.533,-2.834],[134.464,-2.862],[134.402,-2.745],[134.33,-2.522],[134.193,-2.379],[134.152,-2.175],[134.156,-2.039],[134.087,-1.683],[134.207,-1.573],[134.282,-1.35],[134.204,-1.213],[134.127,-1.148],[134.036,-0.958],[134.172,-0.864],[133.977,-0.723],[133.745,-0.751],[133.392,-0.723],[133.155,-0.532],[132.975,-0.445],[132.905,-0.453],[132.709,-0.36],[132.437,-0.347],[132.27,-0.385],[132.1,-0.47],[131.884,-0.682],[131.517,-0.785],[131.545,-0.737],[131.243,-0.819],[131.254,-1.08],[131.182,-1.217],[131.03,-1.276],[130.96,-1.446],[131.126,-1.453],[131.206,-1.524],[131.324,-1.469],[131.275,-1.392],[131.373,-1.395],[131.428,-1.498],[131.573,-1.48],[131.704,-1.511],[131.723,-1.572],[131.811,-1.52],[131.805,-1.608],[131.964,-1.539],[131.897,-1.601],[131.917,-1.707],[132.018,-1.683],[131.928,-1.806],[131.973,-1.965],[132.073,-2.105],[132.215,-2.166],[132.348,-2.27],[132.56,-2.186],[132.699,-2.305],[132.816,-2.245],[132.944,-2.283],[133.296,-2.204],[133.446,-2.238],[133.646,-2.236],[133.71,-2.176],[133.94,-2.108],[133.95,-2.169],[133.792,-2.26],[133.95,-2.293],[133.895,-2.363],[133.987,-2.406],[133.747,-2.438],[133.82,-2.477],[133.817,-2.649],[133.713,-2.512],[133.682,-2.717],[133.667,-2.563],[133.607,-2.532],[133.519,-2.59],[133.438,-2.503],[133.411,-2.567],[133.312,-2.443],[133.173,-2.422],[133.034,-2.479],[132.835,-2.736],[132.737,-2.81],[132.586,-2.717],[132.202,-2.676],[131.966,-2.793],[132.044,-2.803],[131.978,-2.915],[132.075,-2.958],[132.188,-2.917],[132.326,-2.947],[132.553,-3.107],[132.602,-3.232],[132.692,-3.338],[132.812,-3.282],[132.832,-3.461],[132.932,-3.554],[132.881,-3.643],[132.756,-3.628],[132.731,-3.682],[132.826,-3.938],[132.796,-3.941],[132.969,-4.112],[133.079,-4.061],[133.269,-4.052],[133.456,-3.847],[133.409,-3.722],[133.586,-3.567],[133.559,-3.433],[133.663,-3.362],[133.668,-3.122],[133.802,-3.018],[133.861,-2.923],[133.864,-3.08],[133.683,-3.233],[133.697,-3.427],[133.642,-3.462],[133.708,-3.61],[133.829,-3.722],[133.844,-3.638],[133.959,-3.838],[134.092,-3.824],[134.127,-3.745],[134.193,-3.836],[134.144,-3.875],[134.315,-4.02],[134.334,-3.869],[134.43,-3.908],[134.525,-4.026],[134.676,-3.908],[134.908,-3.923],[134.928,-3.977],[134.703,-3.94],[134.658,-4.133],[134.823,-4.259],[135.228,-4.461],[135.43,-4.43],[135.725,-4.495],[135.97,-4.52],[136.036,-4.586],[136.267,-4.676],[136.355,-4.677],[136.822,-4.928],[136.947,-4.876],[136.954,-4.923],[137.219,-5.013],[137.283,-4.94],[137.404,-5.098],[137.465,-5.096],[137.58,-5.182],[137.706,-5.222],[137.822,-5.363],[137.925,-5.329],[137.987,-5.47],[138.075,-5.42],[138.071,-5.729],[138.363,-5.679],[138.158,-5.774],[138.209,-5.825],[138.377,-5.856],[138.271,-5.887],[138.365,-6.092],[138.39,-6.234],[138.466,-6.402],[138.709,-6.63],[138.673,-6.695],[138.822,-6.806],[139,-6.853],[139.126,-6.972],[138.931,-6.843],[138.74,-6.897],[138.581,-6.891],[138.572,-6.942],[138.762,-7.114],[139.175,-7.237],[139.004,-7.24],[138.905,-7.199],[138.688,-7.193],[138.886,-7.361],[138.958,-7.507],[139.093,-7.56],[139.007,-7.754],[138.994,-7.865],[138.911,-7.923],[138.921,-8.08],[138.839,-8.138],[138.914,-8.292],[139.09,-8.134],[139.224,-8.074],[139.283,-8.173],[139.357,-8.199],[139.515,-8.179],[139.631,-8.125],[139.932,-8.109],[140.042,-8.046],[139.971,-8.142],[140.032,-8.246],[140.252,-8.409],[140.507,-8.638],[140.622,-8.807],[140.857,-9.049],[140.977,-9.106],[140.977,-7.962],[140.977,-6.897],[140.916,-6.863],[140.849,-6.703],[140.859,-6.608],[140.953,-6.481],[140.977,-6.335],[140.977,-5.621],[140.976,-4.596],[140.974,-3.8],[140.974,-2.601]]],[[[113.395,-8.447],[113.289,-8.433],[113.282,-8.488],[113.395,-8.447]]],[[[123.146,-8.426],[123,-8.449],[122.883,-8.583],[122.955,-8.586],[123.007,-8.508],[123.164,-8.474],[123.146,-8.426]]],[[[128.231,-8.251],[128.104,-8.212],[128.152,-8.285],[128.231,-8.251]]],[[[129.03,-8.207],[128.834,-8.2],[128.993,-8.261],[129.03,-8.207]]],[[[127.742,-8.159],[127.604,-8.207],[127.769,-8.213],[127.742,-8.159]]],[[[117.664,-8.148],[117.494,-8.176],[117.486,-8.343],[117.567,-8.364],[117.664,-8.148]]],[[[127.216,-8.027],[127.152,-8.097],[127.225,-8.109],[127.216,-8.027]]],[[[131.105,-7.629],[130.971,-7.701],[131.109,-7.682],[131.105,-7.629]]],[[[130.969,-7.535],[130.859,-7.487],[130.845,-7.542],[130.969,-7.535]]],[[[131.175,-7.404],[131.027,-7.413],[131.005,-7.486],[131.089,-7.498],[131.175,-7.404]]],[[[120.96,-7.282],[120.816,-7.258],[120.816,-7.302],[121.057,-7.321],[120.96,-7.282]]],[[[120.758,-7.076],[120.621,-6.998],[120.67,-7.151],[120.771,-7.131],[120.758,-7.076]]],[[[138.753,-6.778],[138.627,-6.72],[138.682,-6.848],[138.782,-6.839],[138.753,-6.778]]],[[[131.597,-6.679],[131.527,-6.781],[131.591,-6.768],[131.597,-6.679]]],[[[134.707,-6.589],[134.621,-6.747],[134.669,-6.773],[134.738,-6.631],[134.707,-6.589]]],[[[134.608,-6.421],[134.452,-6.288],[134.358,-6.379],[134.464,-6.425],[134.512,-6.514],[134.608,-6.421]]],[[[134.841,-6.288],[134.794,-6.402],[134.838,-6.46],[134.886,-6.336],[134.841,-6.288]]],[[[134.378,-6.254],[134.333,-6.235],[134.234,-6.13],[134.226,-6.029],[134.126,-6.034],[134.141,-6.158],[134.338,-6.332],[134.378,-6.254]]],[[[109.906,-7.838],[110.034,-7.885],[110.477,-8.112],[110.691,-8.176],[111.058,-8.255],[111.096,-8.208],[111.171,-8.283],[111.266,-8.249],[111.442,-8.276],[111.449,-8.313],[111.631,-8.323],[111.673,-8.368],[111.792,-8.257],[111.927,-8.303],[112.342,-8.333],[112.442,-8.392],[112.673,-8.447],[112.834,-8.376],[112.903,-8.404],[112.987,-8.323],[113.198,-8.277],[113.346,-8.324],[113.414,-8.39],[113.64,-8.459],[113.72,-8.525],[113.814,-8.508],[113.98,-8.62],[114.197,-8.646],[114.303,-8.612],[114.385,-8.665],[114.367,-8.741],[114.597,-8.776],[114.589,-8.664],[114.461,-8.618],[114.423,-8.465],[114.377,-8.519],[114.359,-8.409],[114.447,-8.014],[114.467,-7.831],[114.259,-7.7],[114.14,-7.701],[114.016,-7.618],[113.945,-7.678],[113.804,-7.722],[113.529,-7.7],[113.299,-7.789],[113.133,-7.728],[113.037,-7.655],[112.845,-7.593],[112.761,-7.531],[112.823,-7.263],[112.784,-7.205],[112.701,-7.255],[112.604,-7.193],[112.684,-7.175],[112.611,-7.079],[112.666,-7.055],[112.583,-6.99],[112.604,-6.905],[112.364,-6.871],[112.193,-6.905],[112.068,-6.894],[111.976,-6.785],[111.882,-6.809],[111.74,-6.782],[111.61,-6.665],[111.493,-6.623],[111.429,-6.699],[111.157,-6.692],[111.052,-6.457],[110.925,-6.404],[110.73,-6.457],[110.671,-6.5],[110.645,-6.688],[110.572,-6.836],[110.472,-6.946],[110.356,-6.973],[110.198,-6.891],[109.896,-6.918],[109.726,-6.863],[109.532,-6.835],[109.352,-6.876],[109.143,-6.856],[109.001,-6.789],[108.923,-6.845],[108.835,-6.788],[108.749,-6.812],[108.605,-6.762],[108.54,-6.487],[108.372,-6.34],[108.36,-6.246],[108.198,-6.228],[108.204,-6.276],[108.094,-6.327],[107.811,-6.189],[107.678,-6.238],[107.621,-6.187],[107.47,-6.145],[107.354,-5.976],[107.15,-5.973],[107.044,-5.914],[106.994,-6.079],[106.793,-6.104],[106.721,-6.031],[106.549,-6.007],[106.495,-6.035],[106.257,-5.942],[106.176,-6.014],[106.053,-5.881],[105.888,-6.071],[105.832,-6.229],[105.824,-6.435],[105.711,-6.535],[105.678,-6.475],[105.619,-6.533],[105.628,-6.616],[105.454,-6.809],[105.364,-6.665],[105.261,-6.767],[105.486,-6.868],[105.96,-6.818],[106.053,-6.837],[106.283,-6.983],[106.537,-6.983],[106.541,-7.055],[106.381,-7.247],[106.398,-7.378],[106.523,-7.411],[107.107,-7.456],[107.411,-7.496],[107.591,-7.57],[107.687,-7.662],[107.807,-7.687],[107.865,-7.745],[107.954,-7.74],[108.327,-7.817],[108.454,-7.819],[108.54,-7.692],[108.673,-7.721],[108.873,-7.611],[108.89,-7.679],[109.014,-7.733],[109.098,-7.687],[109.369,-7.713],[109.426,-7.774],[109.657,-7.782],[109.906,-7.838]]],[[[124.065,-5.962],[123.979,-5.87],[123.966,-5.915],[124.059,-6.027],[124.065,-5.962]]],[[[123.777,-5.514],[123.691,-5.473],[123.815,-5.596],[123.777,-5.514]]],[[[123.54,-5.246],[123.559,-5.351],[123.634,-5.367],[123.624,-5.267],[123.54,-5.246]]],[[[127.235,-3.821],[127.138,-3.847],[127.227,-3.917],[127.235,-3.821]]],[[[127.615,-3.307],[127.564,-3.256],[127.48,-3.293],[127.625,-3.362],[127.615,-3.307]]],[[[127.772,-3.163],[127.643,-3.224],[127.778,-3.244],[127.772,-3.163]]],[[[127.954,-2.917],[127.838,-3.033],[127.947,-3.018],[127.954,-2.917]]],[[[119.847,-0.875],[119.734,-0.634],[119.682,-0.737],[119.537,-0.85],[119.453,-1.096],[119.328,-1.214],[119.299,-1.388],[119.333,-1.573],[119.308,-1.695],[119.365,-1.828],[119.336,-1.97],[119.216,-2.01],[119.134,-2.204],[119.141,-2.442],[118.914,-2.648],[118.823,-2.621],[118.757,-2.776],[118.772,-2.862],[118.881,-2.861],[118.853,-3.053],[118.764,-3.091],[118.853,-3.296],[118.84,-3.348],[118.927,-3.566],[119.027,-3.51],[119.209,-3.49],[119.298,-3.428],[119.498,-3.495],[119.509,-3.578],[119.457,-3.715],[119.593,-4.026],[119.627,-4.315],[119.591,-4.564],[119.491,-4.754],[119.525,-4.883],[119.46,-5.073],[119.408,-5.116],[119.353,-5.356],[119.438,-5.522],[119.433,-5.588],[119.518,-5.558],[119.57,-5.656],[119.806,-5.692],[119.915,-5.569],[120.1,-5.596],[120.323,-5.51],[120.458,-5.626],[120.381,-5.337],[120.264,-5.15],[120.309,-4.871],[120.387,-4.829],[120.444,-4.627],[120.402,-4.574],[120.362,-4.387],[120.381,-4.167],[120.352,-4.1],[120.354,-3.931],[120.447,-3.729],[120.422,-3.666],[120.388,-3.215],[120.285,-3.163],[120.203,-2.958],[120.543,-2.747],[120.584,-2.682],[120.776,-2.615],[121.006,-2.661],[121.08,-2.759],[121.033,-2.814],[121.087,-2.905],[121.048,-3.066],[121.067,-3.194],[120.979,-3.267],[120.87,-3.446],[120.894,-3.539],[121.16,-3.796],[121.265,-3.835],[121.354,-3.968],[121.555,-4.021],[121.628,-4.087],[121.585,-4.237],[121.536,-4.231],[121.485,-4.656],[121.554,-4.744],[121.704,-4.835],[121.823,-4.813],[121.992,-4.856],[122.129,-4.8],[122.043,-4.708],[122.108,-4.52],[122.43,-4.417],[122.599,-4.397],[122.769,-4.478],[122.67,-4.315],[122.842,-4.438],[122.9,-4.389],[122.907,-4.196],[122.842,-4.129],[122.675,-4.123],[122.656,-4.007],[122.553,-3.976],[122.667,-3.919],[122.53,-3.865],[122.441,-3.731],[122.355,-3.728],[122.25,-3.656],[122.201,-3.557],[122.292,-3.451],[122.252,-3.376],[122.373,-3.372],[122.296,-3.313],[122.358,-3.218],[122.433,-3.243],[122.465,-3.177],[122.28,-3.04],[122.313,-2.927],[122.193,-2.866],[122.177,-2.807],[122.016,-2.694],[122.019,-2.615],[121.883,-2.413],[121.823,-2.287],[121.701,-2.18],[121.575,-2.163],[121.535,-2.059],[121.402,-1.909],[121.341,-1.991],[121.312,-1.783],[121.441,-1.814],[121.54,-1.923],[121.692,-1.908],[121.799,-1.718],[122.019,-1.618],[122.184,-1.614],[122.369,-1.493],[122.478,-1.381],[122.648,-1.159],[122.721,-1.109],[122.812,-0.924],[123.061,-0.881],[123.096,-0.835],[123.15,-0.935],[123.311,-1.051],[123.383,-1.004],[123.454,-0.758],[123.403,-0.643],[123.24,-0.57],[123.076,-0.556],[123.026,-0.6],[122.823,-0.612],[122.735,-0.648],[122.96,-0.731],[122.716,-0.792],[122.612,-0.752],[122.208,-0.765],[122.105,-0.926],[121.926,-0.955],[121.714,-0.935],[121.66,-0.813],[121.501,-0.859],[121.267,-1.149],[121.197,-1.203],[121.167,-1.323],[121.073,-1.421],[120.988,-1.381],[120.89,-1.395],[120.83,-1.34],[120.676,-1.395],[120.565,-1.216],[120.582,-1.105],[120.5,-0.975],[120.412,-0.905],[120.326,-0.939],[120.244,-0.888],[120.089,-0.657],[119.996,-0.209],[120.023,-0.071],[120.084,0.006],[120.128,0.181],[120.273,0.378],[120.375,0.478],[120.503,0.529],[120.68,0.531],[120.892,0.423],[120.987,0.447],[121.119,0.411],[121.164,0.457],[121.508,0.487],[121.528,0.537],[121.69,0.524],[121.8,0.426],[122.324,0.497],[122.653,0.48],[122.978,0.483],[123.074,0.516],[123.239,0.325],[123.39,0.298],[123.571,0.304],[123.632,0.267],[123.746,0.311],[124.322,0.399],[124.514,0.503],[124.503,0.534],[124.636,0.725],[124.664,0.806],[124.822,0.941],[124.899,0.973],[125.034,1.175],[125.144,1.421],[125.249,1.485],[125.168,1.585],[125.18,1.667],[125.043,1.681],[125.034,1.733],[124.837,1.589],[124.85,1.49],[124.692,1.401],[124.62,1.417],[124.548,1.36],[124.594,1.196],[124.389,1.186],[124.315,1.038],[124.153,0.946],[124.008,0.898],[123.948,0.839],[123.832,0.832],[123.612,0.886],[123.563,0.867],[123.369,0.927],[123.191,0.928],[122.968,0.963],[122.918,0.86],[122.849,0.818],[122.624,0.966],[122.454,1.021],[122.235,1.01],[122.088,1.062],[121.97,1.029],[121.926,1.099],[121.631,1.062],[121.481,1.121],[121.43,1.233],[121.451,1.298],[121.265,1.23],[121.159,1.303],[120.909,1.354],[120.821,1.31],[120.803,1.068],[120.69,0.996],[120.568,0.782],[120.346,0.856],[120.342,0.983],[120.278,0.994],[120.236,0.832],[120.063,0.743],[120.025,0.667],[120.032,0.516],[119.912,0.474],[119.854,0.342],[119.869,0.287],[119.785,0.239],[119.888,0.071],[119.826,-0.09],[119.675,0.03],[119.639,-0.051],[119.73,-0.121],[119.792,-0.107],[119.758,-0.47],[119.854,-0.716],[119.847,-0.875]]],[[[100.947,1.825],[100.856,1.999],[100.666,2.134],[100.561,2.157],[100.382,2.355],[100.308,2.569],[100.203,2.71],[100.131,2.682],[100.126,2.53],[100.055,2.727],[99.954,2.704],[99.998,2.799],[99.98,2.948],[99.853,3.047],[99.751,3.18],[99.589,3.228],[99.49,3.336],[99.18,3.546],[98.958,3.671],[98.797,3.725],[98.711,3.804],[98.677,3.915],[98.477,4.046],[98.306,4.08],[98.263,4.177],[98.276,4.425],[98.206,4.498],[97.997,4.546],[98.007,4.634],[97.909,4.89],[97.664,5.073],[97.497,5.252],[97.268,5.155],[96.973,5.273],[96.828,5.28],[96.651,5.216],[96.362,5.225],[96.126,5.282],[95.93,5.414],[95.888,5.512],[95.612,5.627],[95.511,5.603],[95.413,5.65],[95.197,5.546],[95.252,5.396],[95.199,5.293],[95.291,5.192],[95.426,4.827],[95.565,4.638],[95.617,4.628],[96.01,4.226],[96.191,4.126],[96.43,3.825],[96.56,3.747],[96.761,3.749],[96.884,3.682],[97.019,3.523],[97.183,3.246],[97.271,3.214],[97.332,3.031],[97.422,2.928],[97.603,2.866],[97.644,2.669],[97.658,2.412],[97.744,2.281],[97.881,2.25],[97.956,2.272],[98.153,2.157],[98.269,2.038],[98.444,1.991],[98.535,1.936],[98.658,1.764],[98.727,1.792],[98.819,1.682],[98.753,1.536],[98.789,1.414],[98.917,1.117],[98.981,0.832],[99.042,0.777],[99.049,0.62],[99.09,0.622],[99.139,0.274],[99.244,0.216],[99.316,0.243],[99.408,0.164],[99.611,0.099],[99.747,-0.03],[99.759,-0.168],[99.814,-0.295],[100.001,-0.456],[100.16,-0.668],[100.301,-0.816],[100.38,-1.03],[100.37,-1.161],[100.406,-1.264],[100.569,-1.331],[100.571,-1.443],[100.784,-1.816],[100.858,-1.892],[100.887,-2.037],[100.832,-2.141],[100.923,-2.333],[101.105,-2.587],[101.327,-2.739],[101.419,-2.927],[101.637,-3.251],[102.066,-3.55],[102.222,-3.643],[102.305,-3.845],[102.313,-3.991],[102.701,-4.27],[102.876,-4.421],[102.92,-4.493],[103.173,-4.618],[103.393,-4.814],[103.415,-4.869],[103.51,-4.869],[103.692,-4.952],[103.913,-5.139],[103.901,-5.219],[104.002,-5.263],[103.993,-5.313],[104.111,-5.446],[104.258,-5.54],[104.298,-5.643],[104.384,-5.692],[104.542,-5.842],[104.561,-5.928],[104.716,-5.921],[104.689,-5.808],[104.533,-5.56],[104.623,-5.491],[104.791,-5.609],[105.118,-5.782],[105.215,-5.759],[105.18,-5.58],[105.239,-5.569],[105.25,-5.459],[105.311,-5.466],[105.515,-5.678],[105.545,-5.658],[105.602,-5.81],[105.783,-5.829],[105.83,-5.655],[105.833,-5.383],[105.865,-5.256],[105.867,-5.041],[105.91,-4.943],[105.872,-4.849],[105.906,-4.469],[105.853,-4.404],[105.813,-4.239],[105.87,-4.004],[105.952,-3.834],[105.82,-3.673],[105.881,-3.451],[105.929,-3.365],[106.073,-3.256],[106.054,-3.047],[106.016,-2.969],[105.879,-2.951],[105.792,-2.862],[105.778,-2.69],[105.673,-2.663],[105.608,-2.552],[105.624,-2.402],[105.202,-2.347],[105.117,-2.38],[105.002,-2.332],[104.929,-2.375],[104.883,-2.285],[104.768,-2.43],[104.709,-2.574],[104.743,-2.341],[104.876,-2.165],[104.874,-2.08],[104.773,-1.998],[104.692,-2.046],[104.637,-1.922],[104.537,-1.854],[104.538,-1.761],[104.454,-1.531],[104.445,-1.305],[104.397,-1.191],[104.377,-1.032],[104.212,-1.073],[103.956,-0.977],[103.839,-1.033],[103.65,-0.943],[103.463,-0.758],[103.346,-0.696],[103.418,-0.518],[103.573,-0.475],[103.591,-0.425],[103.482,-0.374],[103.346,-0.36],[103.437,-0.338],[103.489,-0.212],[103.415,-0.217],[103.494,-0.118],[103.587,-0.095],[103.592,-0.011],[103.792,-0.013],[103.76,0.239],[103.645,0.345],[103.606,0.311],[103.541,0.435],[103.362,0.536],[103.224,0.488],[103.166,0.408],[103.076,0.383],[102.903,0.268],[102.716,0.258],[103.075,0.442],[103.056,0.558],[102.877,0.726],[102.667,0.75],[102.552,0.738],[102.464,0.774],[102.24,0.982],[102.194,1.066],[102.201,1.182],[102.147,1.248],[102.118,1.387],[102.021,1.438],[101.779,1.644],[101.592,1.655],[101.427,1.709],[101.378,1.773],[101.3,2.047],[101.067,2.22],[101.05,2.291],[100.908,2.3],[100.813,2.25],[100.803,2.162],[100.886,2.036],[100.947,1.825]]],[[[120.792,-9.961],[120.67,-9.885],[120.58,-9.735],[120.478,-9.641],[120.271,-9.643],[120.244,-9.509],[120.071,-9.441],[119.946,-9.288],[119.821,-9.379],[119.629,-9.342],[119.169,-9.386],[119.025,-9.438],[118.942,-9.57],[119.037,-9.676],[119.177,-9.741],[119.285,-9.741],[119.406,-9.79],[119.477,-9.749],[119.674,-9.8],[119.697,-9.853],[119.976,-9.992],[120.034,-10.112],[120.156,-10.221],[120.392,-10.263],[120.45,-10.31],[120.566,-10.228],[120.711,-10.207],[120.827,-10.091],[120.792,-9.961]]],[[[115.55,-8.666],[115.468,-8.732],[115.589,-8.807],[115.624,-8.769],[115.55,-8.666]]],[[[119.723,-8.621],[119.606,-8.769],[119.698,-8.802],[119.723,-8.621]]],[[[119.559,-8.518],[119.415,-8.443],[119.377,-8.722],[119.47,-8.741],[119.443,-8.679],[119.559,-8.518]]],[[[123.349,-8.269],[123.237,-8.234],[123.126,-8.259],[123.036,-8.332],[123.041,-8.411],[123.321,-8.385],[123.349,-8.269]]],[[[116.633,-8.275],[116.376,-8.202],[116.27,-8.248],[116.028,-8.445],[116.073,-8.578],[116.06,-8.714],[115.829,-8.792],[116.002,-8.899],[116.152,-8.876],[116.205,-8.92],[116.565,-8.896],[116.5,-8.803],[116.681,-8.556],[116.743,-8.392],[116.633,-8.275]]],[[[119.086,-8.132],[119.042,-8.149],[119.052,-8.261],[119.127,-8.22],[119.086,-8.132]]],[[[119.204,-8.611],[119.042,-8.63],[119.051,-8.47],[118.988,-8.309],[118.813,-8.296],[118.731,-8.349],[118.727,-8.452],[118.657,-8.526],[118.696,-8.371],[118.647,-8.289],[118.444,-8.258],[118.304,-8.368],[118.244,-8.329],[118.115,-8.114],[117.895,-8.09],[117.73,-8.159],[117.706,-8.23],[117.823,-8.354],[118.003,-8.474],[118.134,-8.487],[118.282,-8.642],[118.068,-8.656],[117.969,-8.748],[117.887,-8.699],[117.805,-8.72],[117.731,-8.565],[117.592,-8.515],[117.558,-8.405],[117.447,-8.409],[117.434,-8.481],[117.195,-8.358],[116.985,-8.496],[116.838,-8.508],[116.749,-8.667],[116.821,-8.787],[116.735,-8.873],[116.763,-9.016],[117.01,-9.107],[117.127,-9.091],[117.171,-9.032],[117.334,-9.059],[117.558,-9.002],[117.738,-8.91],[117.89,-8.937],[118.079,-8.844],[118.158,-8.868],[118.394,-8.675],[118.435,-8.706],[118.387,-8.796],[118.465,-8.865],[118.757,-8.802],[118.829,-8.851],[118.945,-8.841],[118.927,-8.797],[118.747,-8.776],[118.765,-8.711],[118.898,-8.688],[118.992,-8.755],[119.138,-8.746],[119.204,-8.611]]],[[[123.026,-8.289],[122.98,-8.147],[122.863,-8.07],[122.796,-8.11],[122.741,-8.23],[122.876,-8.186],[122.951,-8.203],[122.758,-8.361],[122.598,-8.395],[122.494,-8.475],[122.501,-8.576],[122.288,-8.634],[122.141,-8.542],[122.04,-8.515],[122.008,-8.428],[121.893,-8.493],[121.68,-8.511],[121.51,-8.602],[121.381,-8.572],[121.291,-8.477],[121.031,-8.393],[120.976,-8.337],[120.745,-8.33],[120.594,-8.233],[120.594,-8.282],[120.213,-8.293],[120.109,-8.392],[120.025,-8.385],[119.871,-8.494],[119.804,-8.597],[119.806,-8.741],[119.92,-8.871],[119.976,-8.814],[120.131,-8.771],[120.244,-8.823],[120.382,-8.796],[120.594,-8.796],[120.764,-8.865],[120.833,-8.817],[120.923,-8.926],[121.067,-8.941],[121.165,-8.895],[121.341,-8.918],[121.396,-8.794],[121.794,-8.884],[122.005,-8.802],[122.115,-8.732],[122.408,-8.741],[122.565,-8.669],[122.807,-8.611],[122.849,-8.552],[122.804,-8.438],[122.897,-8.461],[122.904,-8.363],[123.026,-8.289]]],[[[115.619,-8.289],[115.502,-8.173],[115.216,-8.06],[115.136,-8.073],[115.023,-8.173],[114.858,-8.193],[114.691,-8.135],[114.452,-8.095],[114.468,-8.219],[114.549,-8.334],[114.639,-8.399],[114.797,-8.405],[114.927,-8.467],[115.156,-8.662],[115.186,-8.722],[115.094,-8.818],[115.236,-8.82],[115.212,-8.728],[115.323,-8.624],[115.605,-8.501],[115.714,-8.375],[115.619,-8.289]]],[[[109.019,-7.758],[108.822,-7.679],[108.794,-7.719],[109.019,-7.758]]],[[[115.571,-6.905],[115.461,-6.843],[115.276,-6.835],[115.219,-6.904],[115.293,-7.008],[115.382,-6.911],[115.557,-6.94],[115.571,-6.905]]],[[[112.701,-5.726],[112.583,-5.794],[112.701,-5.849],[112.701,-5.726]]],[[[102.407,-5.404],[102.172,-5.28],[102.099,-5.335],[102.298,-5.473],[102.39,-5.477],[102.407,-5.404]]],[[[116.399,-3.393],[116.325,-3.533],[116.393,-3.632],[116.434,-3.41],[116.399,-3.393]]],[[[116.304,-3.718],[116.263,-3.406],[116.268,-3.219],[116.126,-3.319],[116.053,-3.479],[116.013,-3.65],[116.074,-3.801],[116.089,-3.925],[116.05,-4.02],[116.091,-4.067],[116.306,-3.904],[116.304,-3.718]]],[[[100.399,-3.184],[100.465,-3.133],[100.468,-3.015],[100.227,-2.773],[100.179,-2.827],[100.189,-2.967],[100.345,-3.127],[100.379,-3.272],[100.478,-3.315],[100.399,-3.184]]],[[[100.207,-2.694],[99.984,-2.485],[100.016,-2.834],[100.139,-2.82],[100.207,-2.694]]],[[[99.823,-2.293],[99.721,-2.159],[99.694,-2.068],[99.594,-2.015],[99.531,-2.156],[99.604,-2.266],[99.859,-2.357],[99.823,-2.293]]],[[[108.964,-1.573],[108.901,-1.533],[108.807,-1.565],[108.831,-1.662],[108.933,-1.641],[108.964,-1.573]]],[[[109.76,-1.104],[109.705,-0.984],[109.657,-1.004],[109.588,-0.97],[109.452,-1.004],[109.417,-1.254],[109.479,-1.299],[109.698,-1.191],[109.76,-1.104]]],[[[99.274,-1.635],[99.131,-1.448],[99.07,-1.251],[98.905,-0.991],[98.883,-0.913],[98.658,-0.963],[98.594,-1.198],[98.812,-1.529],[98.885,-1.679],[99.101,-1.799],[99.255,-1.772],[99.274,-1.635]]],[[[98.502,-0.461],[98.507,-0.365],[98.451,-0.258],[98.369,-0.349],[98.317,-0.535],[98.422,-0.587],[98.504,-0.551],[98.502,-0.461]]],[[[98.48,-0.158],[98.443,-0.052],[98.364,0.01],[98.344,-0.045],[98.542,-0.381],[98.56,-0.278],[98.48,-0.158]]],[[[103.294,0.625],[103.212,0.708],[103.137,0.574],[103.171,0.514],[103.281,0.538],[103.294,0.625]]],[[[103.819,0.886],[103.911,0.781],[103.898,0.853],[103.819,0.886]]],[[[103.489,0.777],[103.401,0.88],[103.346,0.763],[103.459,0.658],[103.489,0.777]]],[[[103.802,0.853],[103.73,0.848],[103.821,0.769],[103.802,0.853]]],[[[103.942,0.996],[103.845,1.013],[103.911,0.938],[103.942,0.996]]],[[[103.443,1.013],[103.39,1.13],[103.315,1.062],[103.358,1.004],[103.443,1.013]]],[[[103.049,0.797],[103.022,0.845],[102.764,1.011],[102.664,0.996],[102.605,1.011],[102.556,1.126],[102.489,1.133],[102.502,0.973],[102.407,0.873],[102.558,0.78],[102.852,0.798],[103.007,0.694],[103.049,0.797]]],[[[103.126,0.928],[103.037,1.045],[102.802,1.163],[102.716,1.154],[102.637,1.041],[102.648,1.006],[102.791,1.031],[103.086,0.841],[103.175,0.882],[103.126,0.928]]],[[[104.146,1.16],[104.041,1.181],[103.903,1.091],[103.951,1.014],[104.049,0.984],[104.131,1.049],[104.146,1.16]]],[[[104.655,1.096],[104.587,1.22],[104.508,1.18],[104.4,1.203],[104.232,1.093],[104.246,1.017],[104.315,1.004],[104.452,1.058],[104.421,0.957],[104.483,0.859],[104.6,0.835],[104.65,0.918],[104.655,1.096]]],[[[102.473,1.242],[102.291,1.405],[102.217,1.409],[102.201,1.298],[102.242,1.222],[102.233,1.1],[102.334,0.964],[102.465,0.963],[102.447,1.1],[102.473,1.242]]],[[[102.496,1.364],[102.49,1.49],[102.349,1.555],[102.008,1.615],[102.057,1.511],[102.135,1.456],[102.33,1.413],[102.435,1.299],[102.51,1.277],[102.496,1.364]]],[[[98.555,1.682],[98.44,1.65],[98.599,1.632],[98.555,1.682]]],[[[101.721,2.058],[101.649,2.128],[101.531,2.056],[101.441,2.065],[101.394,1.931],[101.46,1.766],[101.577,1.709],[101.715,1.778],[101.776,1.948],[101.721,2.058]]],[[[97.329,2.148],[97.247,2.231],[97.103,2.213],[97.207,2.176],[97.322,2.031],[97.329,2.148]]],[[[109.109,2.532],[108.983,2.561],[109.027,2.486],[109.109,2.532]]],[[[96.48,2.415],[96.396,2.525],[96.246,2.6],[96.091,2.758],[95.982,2.79],[95.912,2.906],[95.792,2.943],[95.769,2.841],[95.698,2.779],[95.931,2.596],[96.066,2.579],[96.328,2.395],[96.335,2.355],[96.481,2.364],[96.48,2.415]]],[[[108.842,2.974],[108.776,2.888],[108.89,2.888],[108.899,2.983],[108.842,2.974]]],[[[105.802,2.997],[105.723,2.977],[105.696,2.885],[105.812,2.904],[105.802,2.997]]],[[[106.285,3.179],[106.208,3.225],[106.211,3.128],[106.285,3.087],[106.285,3.179]]],[[[106.271,3.361],[106.23,3.258],[106.279,3.231],[106.271,3.361]]],[[[117.625,3.438],[117.542,3.428],[117.572,3.313],[117.667,3.272],[117.682,3.416],[117.625,3.438]]],[[[117.894,3.498],[117.848,3.575],[117.785,3.538],[117.894,3.498]]],[[[117.517,3.477],[117.394,3.566],[117.268,3.593],[117.255,3.507],[117.517,3.477]]],[[[117.699,4.111],[117.661,4.149],[117.594,4.064],[117.665,3.983],[117.741,4.026],[117.699,4.111]]],[[[108.396,3.875],[108.391,3.997],[108.257,4.131],[108.225,4.245],[107.985,4.012],[108.062,3.856],[108.245,3.813],[108.094,3.696],[108.174,3.652],[108.318,3.684],[108.396,3.875]]],[[[95.115,5.711],[95.058,5.757],[95.061,5.656],[95.115,5.711]]],[[[95.342,5.896],[95.273,5.807],[95.338,5.779],[95.342,5.896]]],[[[123.39,-10.591],[123.386,-10.433],[123.225,-10.544],[123.049,-10.711],[122.813,-10.778],[122.842,-10.921],[123.209,-10.813],[123.243,-10.738],[123.409,-10.679],[123.39,-10.591]]],[[[121.94,-10.43],[121.69,-10.564],[121.86,-10.604],[121.991,-10.522],[121.94,-10.43]]],[[[123.466,-10.15],[123.404,-10.158],[123.32,-10.268],[123.338,-10.337],[123.413,-10.333],[123.396,-10.228],[123.466,-10.15]]],[[[123.928,-8.227],[123.798,-8.18],[123.712,-8.246],[123.642,-8.223],[123.568,-8.375],[123.517,-8.337],[123.568,-8.248],[123.414,-8.267],[123.37,-8.317],[123.468,-8.366],[123.358,-8.411],[123.227,-8.526],[123.399,-8.586],[123.5,-8.522],[123.543,-8.569],[123.657,-8.405],[123.677,-8.438],[123.775,-8.306],[123.938,-8.265],[123.928,-8.227]]],[[[124.308,-8.22],[124.258,-8.182],[124.109,-8.385],[124.058,-8.306],[123.985,-8.338],[123.907,-8.455],[124.019,-8.43],[124.051,-8.539],[124.165,-8.528],[124.3,-8.319],[124.308,-8.22]]],[[[138.897,-8.337],[138.831,-8.186],[138.689,-8.181],[138.564,-8.307],[138.558,-8.367],[138.894,-8.405],[138.897,-8.337]]],[[[125.134,-8.217],[125.093,-8.162],[124.665,-8.17],[124.603,-8.207],[124.569,-8.131],[124.451,-8.149],[124.397,-8.22],[124.41,-8.306],[124.334,-8.413],[124.418,-8.465],[124.65,-8.405],[124.766,-8.408],[125.123,-8.352],[125.134,-8.217]]],[[[128.091,-8.131],[128.018,-8.143],[127.774,-8.103],[127.802,-8.176],[128.042,-8.255],[128.118,-8.179],[128.091,-8.131]]],[[[131.109,-8.131],[131.038,-8.083],[130.855,-8.24],[130.763,-8.351],[130.879,-8.309],[130.894,-8.251],[130.991,-8.235],[131.161,-8.152],[131.109,-8.131]]],[[[129.841,-7.878],[129.725,-7.796],[129.588,-7.836],[129.594,-7.924],[129.694,-8.038],[129.776,-8.055],[129.859,-7.933],[129.841,-7.878]]],[[[126.837,-7.726],[126.813,-7.669],[126.722,-7.668],[126.627,-7.56],[126.504,-7.59],[126.328,-7.696],[126.203,-7.713],[125.948,-7.678],[125.808,-7.864],[125.812,-8.008],[125.925,-7.912],[126.075,-7.884],[126.19,-7.924],[126.422,-7.933],[126.466,-7.967],[126.559,-7.82],[126.713,-7.747],[126.837,-7.726]]],[[[127.47,-7.528],[127.373,-7.506],[127.358,-7.656],[127.488,-7.579],[127.47,-7.528]]],[[[138.939,-7.542],[138.805,-7.374],[138.621,-7.365],[138.395,-7.405],[138.244,-7.456],[138.028,-7.61],[137.895,-7.816],[137.801,-8.042],[137.759,-8.073],[137.638,-8.426],[137.849,-8.378],[138.178,-8.385],[138.293,-8.419],[138.444,-8.379],[138.603,-8.255],[138.661,-8.169],[138.904,-8.076],[138.884,-7.933],[138.983,-7.83],[138.989,-7.738],[139.076,-7.576],[138.939,-7.542]]],[[[131.699,-7.227],[131.704,-7.132],[131.638,-7.109],[131.529,-7.17],[131.356,-7.435],[131.255,-7.472],[131.195,-7.597],[131.204,-7.713],[131.139,-7.686],[131.161,-7.81],[131.086,-7.872],[131.116,-8.001],[131.23,-8.004],[131.283,-7.936],[131.317,-8.018],[131.39,-7.847],[131.558,-7.707],[131.643,-7.599],[131.699,-7.414],[131.643,-7.255],[131.699,-7.227]]],[[[131.982,-7.189],[131.918,-7.104],[131.757,-7.11],[131.772,-7.165],[131.878,-7.164],[131.966,-7.255],[131.982,-7.189]]],[[[128.67,-7.137],[128.62,-7.063],[128.533,-7.151],[128.639,-7.22],[128.67,-7.137]]],[[[114.046,-6.915],[113.924,-6.865],[113.526,-6.896],[113.446,-6.882],[113.067,-6.881],[112.842,-6.909],[112.701,-7.033],[112.726,-7.159],[112.818,-7.161],[113.128,-7.231],[113.549,-7.234],[113.583,-7.153],[113.665,-7.11],[113.833,-7.132],[113.91,-7.048],[114.125,-6.982],[114.046,-6.915]]],[[[105.264,-6.528],[105.188,-6.548],[105.183,-6.672],[105.256,-6.628],[105.264,-6.528]]],[[[134.484,-6.576],[134.45,-6.441],[134.349,-6.4],[134.295,-6.298],[134.136,-6.177],[134.099,-6.226],[134.12,-6.42],[134.055,-6.775],[134.185,-6.919],[134.311,-6.859],[134.521,-6.587],[134.484,-6.576]]],[[[120.546,-5.938],[120.489,-5.767],[120.448,-5.844],[120.45,-6.141],[120.481,-6.477],[120.553,-6.11],[120.546,-5.938]]],[[[132.802,-5.787],[132.734,-5.655],[132.62,-5.603],[132.675,-5.712],[132.67,-5.9],[132.742,-5.95],[132.802,-5.787]]],[[[134.758,-6.158],[134.772,-6.09],[134.626,-5.933],[134.765,-5.89],[134.703,-5.836],[134.758,-5.671],[134.641,-5.579],[134.697,-5.534],[134.581,-5.424],[134.491,-5.448],[134.352,-5.714],[134.258,-5.679],[134.207,-5.729],[134.362,-5.781],[134.288,-5.924],[134.291,-6.156],[134.334,-6.221],[134.502,-6.299],[134.608,-6.37],[134.702,-6.322],[134.758,-6.158]]],[[[133.184,-5.31],[133.11,-5.311],[133.004,-5.647],[132.929,-5.698],[132.841,-5.985],[132.949,-5.874],[132.949,-5.794],[133.034,-5.654],[133.113,-5.596],[133.184,-5.31]]],[[[122.067,-5.215],[121.97,-5.067],[121.854,-5.102],[121.807,-5.26],[121.882,-5.39],[121.968,-5.468],[122.053,-5.432],[122.067,-5.215]]],[[[122.78,-4.917],[122.736,-4.644],[122.657,-4.624],[122.499,-4.725],[122.405,-4.738],[122.327,-4.835],[122.403,-5.062],[122.342,-5.109],[122.28,-5.37],[122.407,-5.353],[122.469,-5.396],[122.511,-5.287],[122.543,-5.429],[122.655,-5.323],[122.598,-5.228],[122.643,-5.079],[122.78,-4.917]]],[[[123.15,-5.225],[123.059,-5.144],[122.968,-5.198],[122.964,-4.993],[123.015,-4.929],[123.052,-4.74],[123.124,-4.71],[123.22,-4.817],[123.204,-4.612],[123.148,-4.508],[123.02,-4.39],[122.909,-4.475],[122.848,-4.649],[122.855,-4.818],[122.757,-5.165],[122.803,-5.232],[122.732,-5.253],[122.567,-5.507],[122.638,-5.662],[122.736,-5.627],[122.828,-5.676],[122.918,-5.527],[122.876,-5.458],[122.978,-5.394],[123.066,-5.418],[123.213,-5.302],[123.15,-5.225]]],[[[133.558,-4.232],[133.467,-4.205],[133.334,-4.109],[133.331,-4.165],[133.46,-4.244],[133.558,-4.232]]],[[[123.204,-3.993],[123.102,-4.012],[123.028,-3.974],[122.951,-4.047],[122.978,-4.129],[123.087,-4.234],[123.169,-4.221],[123.253,-4.09],[123.204,-3.993]]],[[[123.177,-3.574],[123.061,-3.571],[123.12,-3.629],[123.177,-3.574]]],[[[128.529,-3.533],[128.41,-3.543],[128.393,-3.643],[128.564,-3.592],[128.529,-3.533]]],[[[128.331,-3.512],[128.159,-3.585],[128.035,-3.589],[127.912,-3.703],[127.986,-3.772],[128.203,-3.639],[128.161,-3.739],[128.335,-3.627],[128.331,-3.512]]],[[[128.721,-3.526],[128.598,-3.492],[128.627,-3.618],[128.728,-3.615],[128.721,-3.526]]],[[[127.241,-3.471],[127.269,-3.386],[127.063,-3.334],[127.094,-3.201],[126.893,-3.126],[126.84,-3.074],[126.72,-3.06],[126.421,-3.07],[126.297,-3.106],[126.185,-3.181],[126.091,-3.112],[125.992,-3.248],[126.053,-3.446],[126.149,-3.526],[126.174,-3.603],[126.589,-3.817],[126.742,-3.859],[126.946,-3.766],[127.122,-3.653],[127.243,-3.606],[127.241,-3.471]]],[[[106.909,-2.93],[106.813,-2.892],[106.723,-2.966],[106.895,-3.018],[106.909,-2.93]]],[[[107.395,-2.869],[107.41,-2.948],[107.505,-2.855],[107.395,-2.869]]],[[[130.873,-3.574],[130.761,-3.406],[130.667,-3.404],[130.578,-3.123],[130.345,-2.978],[130.047,-2.992],[129.825,-2.918],[129.612,-2.807],[129.444,-2.785],[129.358,-2.856],[129.122,-2.958],[129.053,-2.804],[128.865,-2.862],[128.516,-2.834],[128.381,-2.86],[128.175,-2.857],[128.121,-2.945],[128.104,-3.067],[128.008,-3.074],[127.842,-3.173],[127.93,-3.323],[127.899,-3.524],[127.926,-3.553],[127.988,-3.376],[128.057,-3.297],[128.067,-3.197],[128.136,-3.075],[128.2,-3.111],[128.179,-3.194],[128.282,-3.221],[128.399,-3.41],[128.484,-3.462],[128.678,-3.432],[128.693,-3.349],[128.877,-3.203],[128.982,-3.252],[128.961,-3.356],[129.114,-3.349],[129.236,-3.402],[129.358,-3.41],[129.486,-3.463],[129.563,-3.44],[129.502,-3.334],[129.545,-3.298],[129.89,-3.333],[129.983,-3.46],[130.126,-3.533],[130.419,-3.637],[130.607,-3.778],[130.842,-3.865],[130.832,-3.694],[130.873,-3.574]]],[[[108.294,-2.848],[108.198,-2.678],[108.067,-2.594],[107.834,-2.525],[107.67,-2.561],[107.643,-2.748],[107.594,-2.786],[107.611,-2.918],[107.581,-3.011],[107.64,-3.122],[107.631,-3.241],[107.842,-3.145],[107.87,-3.052],[107.966,-3.151],[107.994,-3.242],[108.091,-3.161],[108.211,-3.136],[108.204,-3.005],[108.294,-2.848]]],[[[134.581,-2.416],[134.581,-2.308],[134.521,-2.407],[134.581,-2.416]]],[[[134.385,-2.004],[134.333,-2.083],[134.36,-2.153],[134.427,-2.033],[134.385,-2.004]]],[[[126.069,-2.384],[125.977,-2.18],[125.985,-1.994],[125.933,-1.965],[125.863,-2.087],[125.946,-2.272],[125.966,-2.402],[126.046,-2.474],[126.069,-2.384]]],[[[123.857,-1.95],[123.787,-1.874],[123.794,-1.992],[123.857,-1.95]]],[[[126.329,-1.819],[125.993,-1.786],[125.703,-1.819],[125.483,-1.777],[125.347,-1.811],[125.438,-1.895],[125.432,-1.95],[125.62,-1.916],[125.98,-1.902],[126.272,-1.867],[126.329,-1.819]]],[[[123.133,-1.765],[123.067,-1.892],[123.153,-1.824],[123.133,-1.765]]],[[[134.236,-1.739],[134.169,-1.83],[134.175,-1.943],[134.245,-1.796],[134.236,-1.739]]],[[[130.386,-1.888],[130.438,-1.851],[130.352,-1.741],[130.353,-1.68],[130.22,-1.736],[130.012,-1.75],[129.715,-1.881],[129.926,-2.004],[130.256,-2.046],[130.338,-1.95],[130.374,-2.013],[130.434,-1.963],[130.344,-1.928],[130.386,-1.888]]],[[[125.315,-1.779],[125.284,-1.731],[125.191,-1.782],[125.12,-1.683],[125.096,-1.752],[124.633,-1.631],[124.385,-1.668],[124.331,-1.827],[124.406,-2.004],[124.543,-2.007],[124.853,-1.897],[125.014,-1.944],[125.05,-1.888],[125.322,-1.864],[125.315,-1.779]]],[[[136.848,-1.765],[136.705,-1.731],[136.39,-1.726],[136.191,-1.654],[135.897,-1.648],[135.422,-1.611],[135.484,-1.675],[135.718,-1.703],[136.273,-1.909],[136.338,-1.861],[136.454,-1.895],[136.645,-1.876],[136.73,-1.826],[136.872,-1.819],[136.848,-1.765]]],[[[106.769,-2.56],[106.354,-2.463],[106.264,-2.351],[106.163,-2.007],[106.175,-1.879],[106.035,-1.678],[106.046,-1.594],[105.876,-1.489],[105.72,-1.524],[105.751,-1.703],[105.813,-1.793],[105.715,-1.774],[105.652,-1.707],[105.703,-1.655],[105.629,-1.614],[105.594,-1.526],[105.46,-1.563],[105.35,-1.649],[105.395,-1.738],[105.376,-1.822],[105.154,-1.936],[105.147,-2.08],[105.23,-2.07],[105.306,-2.135],[105.45,-2.123],[105.566,-2.067],[105.607,-2.115],[105.796,-2.172],[105.829,-2.395],[105.944,-2.499],[105.902,-2.629],[105.987,-2.821],[106.094,-2.841],[106.447,-2.981],[106.517,-3.095],[106.707,-3.094],[106.738,-3.005],[106.613,-2.943],[106.675,-2.7],[106.769,-2.56]]],[[[135.286,-1.477],[135.109,-1.474],[135.104,-1.518],[135.275,-1.522],[135.286,-1.477]]],[[[128.145,-1.594],[127.899,-1.427],[127.625,-1.33],[127.482,-1.448],[127.435,-1.412],[127.379,-1.632],[127.533,-1.731],[127.703,-1.69],[127.933,-1.683],[128.052,-1.715],[128.151,-1.67],[128.145,-1.594]]],[[[127.69,-1.214],[127.547,-1.171],[127.461,-1.236],[127.666,-1.272],[127.69,-1.214]]],[[[123.503,-1.264],[123.407,-1.219],[123.232,-1.395],[123.201,-1.155],[122.972,-1.194],[122.899,-1.184],[122.836,-1.274],[122.812,-1.444],[122.874,-1.585],[122.993,-1.509],[123.095,-1.346],[123.164,-1.312],[123.185,-1.486],[123.112,-1.556],[123.25,-1.623],[123.259,-1.466],[123.327,-1.421],[123.362,-1.511],[123.529,-1.433],[123.551,-1.285],[123.503,-1.264]]],[[[129.954,-1.163],[129.859,-1.142],[129.744,-1.2],[129.859,-1.233],[129.954,-1.163]]],[[[134.998,-1.019],[134.878,-0.936],[134.8,-1.028],[134.852,-1.109],[134.957,-1.129],[134.998,-1.019]]],[[[131.057,-1.001],[131.035,-0.915],[130.892,-0.89],[130.649,-0.988],[130.77,-1.248],[130.853,-1.331],[130.983,-1.349],[131.073,-1.078],[131.057,-1.001]]],[[[130.917,-0.778],[130.801,-0.77],[130.733,-0.826],[130.448,-0.819],[130.441,-0.893],[130.618,-0.908],[130.819,-0.87],[130.917,-0.778]]],[[[136.376,-1.094],[136.196,-1.067],[136.066,-0.872],[135.847,-0.696],[135.778,-0.749],[135.677,-0.686],[135.602,-0.696],[135.37,-0.636],[135.394,-0.723],[135.485,-0.757],[135.661,-0.887],[135.741,-0.819],[135.781,-0.873],[135.828,-1.108],[135.906,-1.189],[135.991,-1.169],[136.143,-1.223],[136.294,-1.183],[136.376,-1.094]]],[[[127.296,-0.744],[127.214,-0.615],[127.156,-0.772],[127.32,-0.794],[127.296,-0.744]]],[[[130.678,-0.436],[130.505,-0.441],[130.462,-0.525],[130.641,-0.528],[130.678,-0.436]]],[[[121.854,-0.401],[121.68,-0.469],[121.878,-0.511],[121.916,-0.47],[121.854,-0.401]]],[[[104.549,-0.398],[104.47,-0.332],[104.383,-0.401],[104.325,-0.365],[104.256,-0.476],[104.336,-0.543],[104.356,-0.662],[104.42,-0.575],[104.511,-0.614],[104.592,-0.484],[104.549,-0.398]]],[[[122.03,-0.332],[121.872,-0.333],[121.875,-0.395],[122.027,-0.407],[122.03,-0.332]]],[[[127.889,-0.765],[127.79,-0.69],[127.653,-0.707],[127.606,-0.629],[127.683,-0.46],[127.579,-0.325],[127.517,-0.302],[127.461,-0.407],[127.317,-0.34],[127.303,-0.511],[127.399,-0.62],[127.47,-0.641],[127.458,-0.816],[127.626,-0.752],[127.653,-0.827],[127.749,-0.885],[127.822,-0.864],[127.889,-0.765]]],[[[127.235,-0.49],[127.292,-0.278],[127.235,-0.252],[127.11,-0.288],[127.117,-0.525],[127.235,-0.49]]],[[[103.713,-0.27],[103.558,-0.223],[103.462,-0.367],[103.613,-0.387],[103.757,-0.346],[103.713,-0.27]]],[[[131.298,-0.237],[131.297,-0.159],[131.154,-0.086],[130.825,-0.004],[130.558,-0.073],[130.51,-0.045],[130.428,-0.107],[130.281,-0.105],[130.303,-0.173],[130.414,-0.142],[130.399,-0.214],[130.242,-0.196],[130.311,-0.258],[130.445,-0.283],[130.507,-0.25],[130.562,-0.427],[130.579,-0.334],[130.688,-0.291],[130.733,-0.442],[130.865,-0.429],[130.948,-0.367],[130.887,-0.296],[130.811,-0.319],[130.629,-0.141],[130.696,-0.08],[130.797,-0.239],[130.879,-0.254],[130.952,-0.346],[131.098,-0.323],[131.238,-0.389],[131.339,-0.278],[131.298,-0.237]]],[[[104.929,-0.237],[104.849,-0.14],[104.766,-0.188],[104.62,-0.004],[104.537,0.021],[104.517,-0.089],[104.437,-0.181],[104.541,-0.271],[104.736,-0.214],[104.851,-0.301],[105.011,-0.282],[104.929,-0.237]]],[[[129.537,-0.134],[129.309,0.048],[129.373,-0.08],[129.458,-0.114],[129.517,-0.209],[129.537,-0.134]]],[[[127.46,-0.004],[127.409,0.147],[127.391,0.053],[127.46,-0.004]]],[[[104.497,0.071],[104.421,0.173],[104.411,0.092],[104.497,0.071]]],[[[104.689,0.071],[104.548,0.224],[104.49,0.243],[104.606,0.092],[104.689,0.071]]],[[[127.399,0.38],[127.337,0.349],[127.396,0.281],[127.399,0.38]]],[[[127.379,0.623],[127.446,0.667],[127.385,0.757],[127.379,0.623]]],[[[104.284,0.708],[104.277,0.788],[104.206,0.726],[104.284,0.708]]],[[[127.371,0.784],[127.325,0.863],[127.313,0.757],[127.371,0.784]]],[[[104.226,0.88],[104.113,0.953],[104.092,0.88],[104.188,0.799],[104.226,0.88]]],[[[97.928,0.996],[97.792,1.144],[97.694,1.186],[97.486,1.477],[97.35,1.545],[97.236,1.417],[97.064,1.415],[97.252,1.259],[97.388,1.019],[97.389,0.952],[97.614,0.824],[97.704,0.573],[97.827,0.563],[97.883,0.643],[97.901,0.906],[97.928,0.996]]],[[[127.666,-0.209],[127.708,-0.287],[127.851,-0.365],[128.049,-0.713],[128.204,-0.769],[128.284,-0.878],[128.433,-0.909],[128.228,-0.71],[128.043,-0.415],[128.017,-0.313],[127.892,-0.017],[127.921,0.146],[127.881,0.302],[127.91,0.438],[127.96,0.483],[128.152,0.456],[128.262,0.391],[128.475,0.387],[128.538,0.327],[128.861,0.244],[128.824,0.311],[128.69,0.347],[128.684,0.542],[128.313,0.668],[128.214,0.774],[128.293,0.818],[128.315,0.902],[128.44,0.932],[128.701,1.071],[128.741,1.405],[128.686,1.445],[128.719,1.571],[128.46,1.545],[128.187,1.374],[128.092,1.257],[128.196,1.196],[128.161,1.132],[128.055,1.12],[127.936,1.007],[127.923,0.87],[127.796,0.799],[127.655,0.89],[127.638,1.001],[127.834,1.144],[127.894,1.157],[127.974,1.298],[128.035,1.538],[127.996,1.627],[128.015,1.719],[127.941,1.8],[127.852,1.825],[127.865,1.929],[127.943,1.981],[128.05,2.148],[128.047,2.204],[127.917,2.172],[127.69,1.925],[127.581,1.752],[127.519,1.532],[127.541,1.476],[127.406,1.23],[127.404,1.043],[127.471,1.066],[127.508,0.886],[127.625,0.832],[127.555,0.74],[127.527,0.561],[127.572,0.422],[127.714,0.277],[127.681,0.162],[127.7,0.048],[127.666,-0.209]]],[[[128.686,2.484],[128.566,2.634],[128.467,2.594],[128.321,2.459],[128.197,2.266],[128.289,2.04],[128.49,2.054],[128.567,2.11],[128.642,2.261],[128.686,2.484]]],[[[125.444,2.793],[125.36,2.753],[125.383,2.642],[125.444,2.793]]],[[[125.653,3.47],[125.513,3.708],[125.442,3.737],[125.442,3.638],[125.521,3.577],[125.505,3.481],[125.624,3.398],[125.653,3.47]]],[[[126.744,3.853],[126.812,3.732],[126.856,3.758],[126.744,3.853]]],[[[126.657,3.981],[126.678,3.812],[126.713,3.921],[126.657,3.981]]],[[[126.871,4.331],[126.885,4.457],[126.816,4.546],[126.734,4.536],[126.705,4.424],[126.711,4.264],[126.803,4.223],[126.665,4.034],[126.759,3.993],[126.81,4.037],[126.81,4.157],[126.922,4.282],[126.871,4.331]]],[[[114.369,-7.09],[114.27,-7.081],[114.293,-7.143],[114.392,-7.179],[114.369,-7.09]]],[[[122.139,-0.384],[122.095,-0.264],[122.071,-0.398],[122.139,-0.384]]],[[[115.891,-7.107],[115.88,-7.158],[115.778,-7.115],[115.838,-7.197],[115.894,-7.164],[115.891,-7.107]]],[[[134.728,-6.505],[134.663,-6.455],[134.656,-6.559],[134.728,-6.505]]],[[[123.601,-1.603],[123.523,-1.483],[123.477,-1.563],[123.487,-1.7],[123.575,-1.72],[123.601,-1.603]]],[[[98.548,0.159],[98.539,0.09],[98.689,0.071],[98.845,0.085],[98.836,0.141],[98.717,0.175],[98.548,0.159]]]]},"properties":{"NAME":"Indonesia","ADMIN":"Indonesia","ISO_A2":"ID","ISO_A3":"IDN","CONTINENT":"Asia","SUBREGION":"South-Eastern Asia","POP_EST":270625568,"GDP_MD":1119190,"LABEL_X":101.892949,"LABEL_Y":-0.954404,"ID":"IDN"}},{"type":"Feature","geometry":{"type":"MultiPolygon","coordinates":[[[[117.704,4.163],[117.907,4.157],[117.702,4.268],[117.644,4.215],[117.704,4.163]]],[[[102.073,6.258],[102.06,6.095],[101.959,6.012],[101.913,5.859],[101.8,5.74],[101.65,5.783],[101.634,5.856],[101.535,5.906],[101.249,5.787],[101.225,5.699],[101.105,5.638],[100.967,5.781],[101.015,5.898],[101.071,5.92],[101.094,6.086],[101.053,6.135],[101.082,6.246],[100.974,6.273],[100.822,6.26],[100.806,6.415],[100.713,6.493],[100.648,6.447],[100.387,6.522],[100.318,6.577],[100.281,6.689],[100.167,6.695],[100.167,6.566],[100.127,6.442],[100.175,6.291],[100.248,6.221],[100.349,6.013],[100.376,5.811],[100.344,5.669],[100.385,5.377],[100.43,5.303],[100.409,5.127],[100.365,5.084],[100.454,4.909],[100.577,4.854],[100.597,4.572],[100.633,4.533],[100.565,4.319],[100.633,4.155],[100.776,4.086],[100.802,3.991],[100.719,3.991],[100.721,3.868],[100.845,3.851],[100.812,3.787],[101.041,3.622],[101.108,3.474],[101.298,3.275],[101.373,3.002],[101.283,2.911],[101.286,2.85],[101.399,2.819],[101.542,2.661],[101.783,2.576],[101.865,2.395],[101.927,2.422],[102.188,2.216],[102.489,2.093],[102.722,1.847],[102.804,1.86],[102.935,1.748],[103.037,1.716],[103.367,1.538],[103.446,1.359],[103.516,1.27],[103.681,1.442],[103.84,1.477],[103.974,1.42],[104.008,1.549],[104.106,1.375],[104.277,1.367],[104.295,1.447],[104.255,1.638],[104.195,1.799],[104.135,1.849],[104.121,1.954],[103.969,2.213],[103.949,2.34],[103.838,2.464],[103.767,2.624],[103.638,2.672],[103.474,2.851],[103.435,2.962],[103.456,3.204],[103.428,3.367],[103.482,3.512],[103.405,3.6],[103.339,3.758],[103.438,3.975],[103.395,4.116],[103.455,4.183],[103.494,4.337],[103.451,4.488],[103.469,4.55],[103.449,4.795],[103.12,5.381],[102.959,5.542],[102.876,5.571],[102.696,5.713],[102.5,5.897],[102.38,6.133],[102.2,6.233],[102.164,6.197],[102.073,6.258]]],[[[115.146,4.909],[115.207,4.826],[115.273,4.637],[115.272,4.475],[115.361,4.33],[115.324,4.315],[115.113,4.382],[115.035,4.621],[115.03,4.821],[114.982,4.889],[114.948,4.819],[114.752,4.739],[114.782,4.498],[114.848,4.424],[114.782,4.285],[114.817,4.26],[114.767,4.132],[114.675,4.044],[114.587,4.021],[114.477,4.145],[114.42,4.26],[114.283,4.265],[114.246,4.481],[113.999,4.601],[113.947,4.274],[113.737,4.001],[113.434,3.753],[113.278,3.484],[113.069,3.279],[113.008,3.162],[112.727,3.066],[112.014,2.886],[111.67,2.843],[111.44,2.68],[111.423,2.54],[111.521,2.491],[111.405,2.484],[111.448,2.372],[111.365,2.341],[111.246,2.436],[111.209,2.389],[111.185,2.145],[111.271,2.154],[111.211,2.074],[111.096,1.774],[111.137,1.682],[111.038,1.677],[111.007,1.555],[111.155,1.367],[110.968,1.503],[110.84,1.566],[110.727,1.547],[110.466,1.621],[110.521,1.723],[110.366,1.716],[110.343,1.798],[110.291,1.674],[110.254,1.706],[109.928,1.692],[109.887,1.76],[109.732,1.84],[109.655,1.937],[109.645,2.083],[109.528,1.89],[109.547,1.814],[109.642,1.781],[109.642,1.637],[109.843,1.403],[109.933,1.379],[109.976,1.288],[110.093,1.192],[110.17,1.174],[110.263,0.994],[110.352,0.987],[110.423,0.909],[110.554,0.851],[110.784,0.908],[110.853,0.997],[111.198,1.075],[111.352,1.014],[111.539,0.998],[111.655,1.031],[111.823,1.008],[111.91,1.114],[112.1,1.155],[112.184,1.369],[112.18,1.449],[112.47,1.568],[112.769,1.552],[112.855,1.583],[113.023,1.537],[112.958,1.416],[113.089,1.431],[113.324,1.351],[113.398,1.294],[113.503,1.314],[113.65,1.233],[113.808,1.34],[113.91,1.442],[114.054,1.465],[114.16,1.425],[114.398,1.504],[114.501,1.436],[114.669,1.694],[114.671,1.821],[114.832,1.903],[114.845,2.025],[114.781,2.036],[114.752,2.154],[114.779,2.247],[114.92,2.296],[115.127,2.479],[115.206,2.51],[115.162,2.59],[115.056,2.609],[115.067,2.828],[115.242,3.042],[115.31,2.986],[115.464,3.031],[115.517,3.157],[115.483,3.206],[115.518,3.357],[115.601,3.441],[115.549,3.605],[115.589,3.858],[115.538,3.898],[115.622,4.04],[115.647,4.169],[115.817,4.281],[115.844,4.389],[116.021,4.271],[116.126,4.379],[116.311,4.383],[116.391,4.295],[116.494,4.325],[116.533,4.395],[116.577,4.332],[116.712,4.367],[116.804,4.33],[117.165,4.333],[117.217,4.353],[117.436,4.186],[117.567,4.16],[117.652,4.285],[117.606,4.382],[117.671,4.426],[117.73,4.355],[117.892,4.257],[118.005,4.232],[118.137,4.299],[118.543,4.36],[118.645,4.444],[118.49,4.575],[118.334,4.652],[118.219,4.756],[118.136,4.882],[118.217,4.966],[118.357,5.039],[118.509,4.931],[118.585,4.972],[118.681,4.944],[119.156,5.106],[119.267,5.201],[119.274,5.361],[119.205,5.443],[119.086,5.41],[119.008,5.436],[118.948,5.389],[118.919,5.455],[118.737,5.548],[118.594,5.682],[118.411,5.796],[118.262,5.828],[118.161,5.793],[118.134,5.69],[117.965,5.686],[117.908,5.785],[118.059,5.809],[118.125,5.864],[118.017,6.061],[117.884,5.955],[117.774,5.908],[117.493,5.895],[117.675,5.989],[117.6,6.198],[117.723,6.255],[117.744,6.39],[117.641,6.522],[117.558,6.54],[117.534,6.621],[117.442,6.553],[117.309,6.629],[117.228,6.838],[117.257,6.938],[117.144,7.004],[117.029,6.91],[117.058,6.846],[116.974,6.708],[116.824,6.582],[116.778,6.627],[116.859,6.818],[116.832,6.973],[116.777,7.027],[116.669,6.876],[116.645,6.717],[116.503,6.495],[116.348,6.38],[116.293,6.276],[116.106,6.126],[116.142,6.073],[116.051,5.842],[115.92,5.747],[115.849,5.56],[115.674,5.529],[115.585,5.616],[115.55,5.54],[115.404,5.424],[115.36,5.32],[115.49,5.223],[115.605,5.212],[115.557,5.067],[115.358,4.903],[115.199,4.951],[115.146,4.909]]],[[[111.411,2.391],[111.381,2.698],[111.315,2.784],[111.308,2.452],[111.37,2.36],[111.411,2.391]]],[[[104.223,2.786],[104.186,2.885],[104.132,2.791],[104.157,2.713],[104.223,2.786]]],[[[118.51,4.649],[118.476,4.694],[118.346,4.67],[118.572,4.601],[118.51,4.649]]],[[[115.249,5.365],[115.159,5.252],[115.259,5.291],[115.249,5.365]]],[[[100.31,5.451],[100.192,5.463],[100.196,5.3],[100.289,5.263],[100.343,5.418],[100.31,5.451]]],[[[99.901,6.364],[99.851,6.466],[99.786,6.423],[99.645,6.436],[99.719,6.353],[99.729,6.261],[99.901,6.364]]],[[[117.469,6.767],[117.444,6.699],[117.347,6.655],[117.507,6.673],[117.469,6.767]]],[[[117.003,7.356],[116.886,7.229],[117.02,7.295],[117.003,7.356]]],[[[117.171,7.343],[117.064,7.271],[117.072,7.102],[117.153,7.173],[117.247,7.183],[117.27,7.349],[117.171,7.343]]]]},"properties":{"NAME":"Malaysia","ADMIN":"Malaysia","ISO_A2":"MY","ISO_A3":"MYS","CONTINENT":"Asia","SUBREGION":"South-Eastern Asia","POP_EST":31949777,"GDP_MD":364681,"LABEL_X":113.83708,"LABEL_Y":2.528667,"ID":"MYS"}},{"type":"Feature","geometry":{"type":"MultiPolygon","coordinates":[[[[-69.51,-17.507],[-69.684,-17.656],[-69.818,-17.659],[-69.858,-17.734],[-69.783,-17.982],[-69.865,-18.145],[-69.97,-18.251],[-70.134,-18.319],[-70.395,-18.338],[-70.304,-18.445],[-70.357,-18.773],[-70.277,-19.109],[-70.288,-19.301],[-70.226,-19.411],[-70.214,-19.596],[-70.151,-19.719],[-70.123,-20.072],[-70.16,-20.221],[-70.131,-20.267],[-70.192,-20.367],[-70.206,-20.528],[-70.194,-20.816],[-70.127,-20.935],[-70.168,-20.997],[-70.08,-21.233],[-70.059,-21.433],[-70.104,-21.609],[-70.152,-21.665],[-70.15,-21.862],[-70.213,-22.083],[-70.27,-22.62],[-70.313,-22.791],[-70.297,-22.918],[-70.373,-23.051],[-70.451,-23.097],[-70.506,-23.01],[-70.581,-23.108],[-70.6,-23.244],[-70.585,-23.424],[-70.632,-23.517],[-70.539,-23.532],[-70.497,-23.469],[-70.413,-23.511],[-70.405,-23.651],[-70.499,-23.785],[-70.526,-23.996],[-70.5,-24.097],[-70.583,-24.525],[-70.576,-24.732],[-70.521,-24.919],[-70.473,-24.975],[-70.497,-25.104],[-70.437,-25.193],[-70.445,-25.345],[-70.531,-25.457],[-70.651,-25.541],[-70.635,-25.626],[-70.74,-25.829],[-70.631,-26.01],[-70.699,-26.393],[-70.692,-26.544],[-70.732,-26.749],[-70.823,-26.887],[-70.789,-26.996],[-70.871,-27.118],[-70.96,-27.161],[-70.946,-27.372],[-70.892,-27.493],[-70.912,-27.622],[-71.039,-27.666],[-71.138,-27.946],[-71.174,-28.361],[-71.307,-28.562],[-71.302,-28.675],[-71.391,-28.799],[-71.488,-28.845],[-71.522,-28.94],[-71.488,-29.036],[-71.494,-29.193],[-71.376,-29.282],[-71.307,-29.421],[-71.336,-29.525],[-71.288,-29.603],[-71.335,-29.711],[-71.287,-29.91],[-71.412,-29.992],[-71.383,-30.148],[-71.446,-30.162],[-71.518,-30.279],[-71.635,-30.238],[-71.677,-30.343],[-71.713,-30.615],[-71.707,-30.779],[-71.655,-30.976],[-71.668,-31.15],[-71.501,-31.89],[-71.544,-32.193],[-71.412,-32.37],[-71.477,-32.535],[-71.446,-32.643],[-71.548,-32.796],[-71.518,-32.873],[-71.568,-33.002],[-71.762,-33.102],[-71.672,-33.359],[-71.706,-33.434],[-71.625,-33.541],[-71.688,-33.721],[-71.808,-33.777],[-71.86,-33.912],[-72.027,-34.163],[-71.995,-34.37],[-72.048,-34.404],[-72.057,-34.659],[-72.188,-34.886],[-72.231,-35.116],[-72.398,-35.233],[-72.53,-35.49],[-72.647,-35.567],[-72.598,-35.81],[-72.78,-35.953],[-72.838,-36.179],[-72.832,-36.308],[-73.002,-36.714],[-73.07,-36.714],[-73.119,-36.597],[-73.126,-36.718],[-73.207,-36.775],[-73.145,-36.834],[-73.209,-37.16],[-73.283,-37.214],[-73.467,-37.235],[-73.608,-37.155],[-73.672,-37.363],[-73.604,-37.512],[-73.678,-37.579],[-73.668,-37.719],[-73.503,-37.933],[-73.463,-38.092],[-73.543,-38.421],[-73.454,-38.735],[-73.433,-38.687],[-73.283,-39.075],[-73.221,-39.342],[-73.242,-39.49],[-73.406,-39.695],[-73.376,-39.858],[-73.458,-39.834],[-73.714,-39.978],[-73.66,-40.11],[-73.735,-40.175],[-73.781,-40.437],[-73.728,-40.544],[-73.841,-40.667],[-73.809,-40.706],[-73.893,-40.864],[-73.855,-40.916],[-73.947,-40.973],[-73.92,-41.153],[-73.841,-41.333],[-73.854,-41.422],[-73.798,-41.566],[-73.669,-41.617],[-73.76,-41.749],[-73.495,-41.806],[-73.201,-41.785],[-73.059,-41.697],[-73.112,-41.586],[-72.957,-41.484],[-72.752,-41.548],[-72.609,-41.707],[-72.416,-41.658],[-72.351,-41.456],[-72.338,-41.628],[-72.416,-41.692],[-72.645,-41.723],[-72.889,-41.911],[-72.737,-42.014],[-72.581,-42.031],[-72.517,-41.951],[-72.456,-42.441],[-72.558,-42.211],[-72.62,-42.185],[-72.81,-42.243],[-72.678,-42.478],[-72.558,-42.525],[-72.824,-42.504],[-72.865,-42.621],[-72.842,-42.838],[-72.747,-42.91],[-72.761,-43.009],[-72.865,-43.019],[-72.934,-43.098],[-72.912,-43.235],[-73.085,-43.316],[-73.111,-43.461],[-73.026,-43.587],[-72.917,-43.589],[-73.046,-43.728],[-72.85,-43.759],[-72.967,-43.82],[-73.013,-43.772],[-73.07,-43.914],[-73.139,-43.985],[-73.127,-44.097],[-73.173,-44.06],[-73.284,-44.174],[-73.118,-44.159],[-73.16,-44.26],[-72.927,-44.321],[-72.934,-44.365],[-72.687,-44.488],[-72.595,-44.35],[-72.598,-44.505],[-72.68,-44.544],[-72.728,-44.759],[-72.81,-44.768],[-73.117,-44.948],[-73.348,-44.958],[-73.406,-45.026],[-73.304,-45.145],[-73.437,-45.191],[-73.461,-45.266],[-73.257,-45.248],[-72.982,-45.401],[-72.858,-45.389],[-72.86,-45.464],[-73.014,-45.445],[-73.209,-45.302],[-73.517,-45.46],[-73.592,-45.78],[-73.327,-45.619],[-73.197,-45.677],[-73.402,-45.702],[-73.564,-45.842],[-73.661,-45.976],[-73.619,-46.102],[-73.688,-46.322],[-73.43,-46.03],[-73.58,-46.31],[-73.742,-46.421],[-73.832,-46.578],[-73.989,-46.56],[-73.794,-46.362],[-73.77,-46.235],[-73.882,-46.142],[-74.016,-46.218],[-73.845,-46.342],[-74.026,-46.287],[-74.044,-46.198],[-74.342,-46.261],[-74.021,-46.148],[-73.982,-46.03],[-74.193,-45.882],[-74.156,-45.797],[-74.462,-45.815],[-74.4,-45.93],[-74.558,-45.903],[-74.56,-45.826],[-74.691,-45.842],[-74.713,-45.984],[-74.824,-46.126],[-74.795,-46.209],[-74.91,-46.15],[-74.961,-46.268],[-75.091,-46.216],[-75.222,-46.404],[-75.345,-46.395],[-75.517,-46.554],[-75.705,-46.639],[-75.707,-46.787],[-75.552,-46.948],[-75.353,-46.901],[-75.434,-46.863],[-75.422,-46.714],[-75.562,-46.681],[-75.202,-46.63],[-74.942,-46.517],[-75.083,-46.641],[-74.856,-46.814],[-74.826,-46.77],[-74.681,-46.884],[-74.479,-46.902],[-74.435,-46.856],[-74.673,-46.849],[-74.627,-46.779],[-74.267,-46.782],[-74.119,-46.988],[-74.02,-46.978],[-73.958,-47.06],[-74.139,-47.222],[-74.325,-47.219],[-74.407,-47.342],[-74.529,-47.422],[-74.328,-47.586],[-74.14,-47.586],[-74.075,-47.628],[-74.482,-47.699],[-74.345,-47.637],[-74.471,-47.551],[-74.612,-47.568],[-74.736,-47.705],[-74.628,-47.768],[-74.318,-47.79],[-74.068,-47.771],[-73.924,-47.843],[-73.802,-47.807],[-73.731,-47.624],[-73.71,-47.776],[-73.55,-47.808],[-73.619,-47.864],[-73.481,-47.963],[-73.659,-47.912],[-73.592,-48.042],[-73.4,-48.162],[-73.295,-48.127],[-73.351,-48.219],[-73.502,-48.177],[-73.556,-48.247],[-73.592,-48.141],[-73.748,-48.082],[-73.867,-48.092],[-74.061,-48],[-74.331,-48],[-74.172,-48.219],[-74.284,-48.171],[-74.334,-48.032],[-74.517,-47.959],[-74.625,-48.004],[-74.442,-48.182],[-74.318,-48.212],[-74.262,-48.335],[-73.916,-48.419],[-74.02,-48.438],[-73.993,-48.597],[-74.197,-48.473],[-74.392,-48.599],[-74.372,-48.719],[-74.453,-48.831],[-74.401,-48.975],[-74.461,-49.02],[-74.372,-49.187],[-74.424,-49.371],[-74.215,-49.523],[-74.133,-49.226],[-74.036,-49.145],[-74.057,-49.012],[-73.889,-49.007],[-74.044,-49.083],[-74.009,-49.226],[-73.925,-49.321],[-74.074,-49.262],[-74.124,-49.423],[-74.078,-49.501],[-73.88,-49.528],[-73.853,-49.653],[-73.688,-49.72],[-73.728,-49.782],[-73.893,-49.658],[-73.927,-49.57],[-74.023,-49.618],[-74.054,-49.539],[-74.234,-49.566],[-74.322,-49.633],[-74.316,-49.719],[-74.064,-49.714],[-74.348,-49.792],[-74.289,-49.893],[-74.036,-49.965],[-73.904,-49.916],[-74.049,-50.037],[-74.318,-49.929],[-74.365,-49.99],[-74.194,-50.186],[-74.006,-50.202],[-73.959,-50.288],[-74.096,-50.228],[-74.194,-50.26],[-74.348,-50.086],[-74.628,-50.115],[-74.683,-50.209],[-74.482,-50.249],[-74.536,-50.296],[-74.355,-50.36],[-74.253,-50.441],[-74.129,-50.423],[-74.017,-50.503],[-74.297,-50.481],[-74.126,-50.762],[-73.947,-50.83],[-73.811,-50.742],[-73.759,-50.516],[-73.487,-50.66],[-73.553,-50.707],[-73.637,-50.64],[-73.783,-50.687],[-73.777,-50.826],[-74.105,-50.871],[-74.256,-50.939],[-74.232,-51.036],[-74.102,-50.965],[-74.13,-51.188],[-74.054,-51.212],[-74.008,-51.119],[-73.879,-51.238],[-73.694,-51.139],[-73.718,-51.289],[-73.621,-51.628],[-73.688,-51.495],[-73.814,-51.392],[-73.934,-51.399],[-73.904,-51.612],[-73.699,-51.785],[-73.655,-51.689],[-73.523,-51.803],[-73.436,-52.015],[-73.599,-51.823],[-73.65,-51.828],[-73.54,-52.055],[-73.293,-52.166],[-73.341,-51.753],[-73.273,-52.04],[-73.177,-52.081],[-73.145,-51.94],[-72.919,-51.859],[-73.077,-51.872],[-73.07,-51.725],[-72.632,-51.826],[-72.563,-51.725],[-72.703,-51.698],[-72.794,-51.596],[-73.054,-51.503],[-73.227,-51.508],[-73.091,-51.421],[-72.926,-51.543],[-72.713,-51.582],[-72.522,-51.713],[-72.453,-51.913],[-72.659,-52.036],[-72.476,-52.187],[-72.497,-52.315],[-72.632,-52.407],[-72.889,-52.452],[-72.679,-52.323],[-72.602,-52.339],[-72.537,-52.196],[-72.715,-52.037],[-72.696,-51.981],[-72.854,-51.948],[-72.947,-52.166],[-72.869,-52.197],[-72.768,-52.051],[-72.841,-52.241],[-72.995,-52.187],[-72.988,-52.069],[-73.191,-52.104],[-73.334,-52.219],[-73.432,-52.153],[-73.529,-52.196],[-73.699,-52.026],[-73.745,-52.065],[-73.581,-52.208],[-73.563,-52.323],[-73.666,-52.424],[-73.531,-52.457],[-73.553,-52.551],[-73.688,-52.598],[-73.571,-52.632],[-73.7,-52.715],[-73.616,-52.749],[-73.397,-52.636],[-73.394,-52.544],[-73.269,-52.674],[-73.16,-52.564],[-73.235,-52.496],[-73.092,-52.494],[-73.163,-52.643],[-73.307,-52.715],[-73.296,-52.783],[-73.564,-52.797],[-73.383,-52.845],[-73.314,-52.934],[-73.444,-52.982],[-73.327,-53.071],[-73.116,-53.097],[-72.954,-53.024],[-73.016,-52.842],[-72.86,-52.789],[-72.68,-52.663],[-72.905,-52.63],[-72.848,-52.503],[-72.57,-52.557],[-72.414,-52.649],[-72.328,-52.525],[-72.087,-52.521],[-71.76,-52.568],[-71.572,-52.561],[-71.478,-52.646],[-71.851,-52.695],[-72,-52.646],[-72.161,-52.652],[-72.398,-52.783],[-72.715,-52.869],[-72.611,-52.774],[-72.703,-52.708],[-72.762,-52.77],[-72.976,-52.839],[-72.934,-53.105],[-72.689,-53.24],[-72.981,-53.16],[-73.182,-53.186],[-73.199,-53.241],[-72.944,-53.353],[-72.763,-53.388],[-72.721,-53.462],[-72.523,-53.544],[-72.365,-53.537],[-72.522,-53.366],[-72.536,-53.27],[-72.412,-53.256],[-72.452,-53.19],[-72.206,-53.201],[-72.38,-53.05],[-72.204,-53.055],[-72.086,-53.134],[-71.906,-53.011],[-71.352,-52.807],[-71.169,-52.813],[-71.119,-52.92],[-71.199,-52.924],[-71.383,-53.126],[-71.742,-53.223],[-71.76,-53.472],[-71.814,-53.521],[-72.004,-53.528],[-71.803,-53.457],[-71.856,-53.225],[-72.022,-53.247],[-72.015,-53.393],[-72.211,-53.442],[-72.077,-53.35],[-72.097,-53.268],[-72.282,-53.243],[-72.453,-53.407],[-72.284,-53.581],[-72.053,-53.707],[-71.992,-53.678],[-71.645,-53.824],[-71.336,-53.88],[-71.034,-53.81],[-70.939,-53.592],[-70.993,-53.383],[-70.958,-53.223],[-70.817,-52.992],[-70.857,-52.734],[-70.716,-52.737],[-70.322,-52.638],[-69.847,-52.487],[-69.672,-52.531],[-69.497,-52.385],[-69.442,-52.252],[-69.13,-52.208],[-68.898,-52.304],[-68.449,-52.347],[-68.454,-52.3],[-68.82,-52.243],[-69.212,-52.138],[-69.485,-52.132],[-69.953,-52.007],[-71.918,-51.99],[-71.958,-51.868],[-72.073,-51.779],[-72.281,-51.701],[-72.352,-51.583],[-72.45,-51.553],[-72.351,-51.476],[-72.258,-51.231],[-72.397,-51.092],[-72.293,-51.029],[-72.263,-50.836],[-72.338,-50.761],[-72.303,-50.649],[-72.506,-50.601],[-72.618,-50.667],[-72.778,-50.62],[-73.096,-50.771],[-73.178,-50.749],[-73.262,-50.557],[-73.274,-50.364],[-73.323,-50.268],[-73.531,-50.141],[-73.481,-50.023],[-73.573,-49.932],[-73.465,-49.76],[-73.587,-49.53],[-73.458,-49.308],[-73.145,-49.304],[-73.098,-49.273],[-73.183,-49.239],[-73.01,-48.99],[-72.743,-48.914],[-72.592,-48.791],[-72.577,-48.452],[-72.295,-48.333],[-72.343,-48.07],[-72.544,-47.915],[-72.344,-47.602],[-72.329,-47.426],[-72.171,-47.408],[-72.029,-47.27],[-72.041,-47.204],[-71.913,-47.235],[-71.863,-47.169],[-72,-47.042],[-71.915,-46.998],[-71.97,-46.934],[-71.934,-46.8],[-71.687,-46.69],[-71.685,-46.519],[-71.752,-46.393],[-71.763,-46.245],[-71.915,-46.152],[-71.77,-46.113],[-71.612,-45.971],[-71.743,-45.858],[-71.799,-45.74],[-71.765,-45.572],[-71.526,-45.519],[-71.508,-45.408],[-71.312,-45.299],[-71.497,-45.112],[-71.589,-44.978],[-71.76,-44.932],[-71.889,-44.947],[-72.074,-44.902],[-72.048,-44.755],[-71.855,-44.791],[-71.497,-44.743],[-71.336,-44.802],[-71.238,-44.748],[-71.241,-44.658],[-71.123,-44.53],[-71.21,-44.428],[-71.438,-44.402],[-71.822,-44.403],[-71.806,-44.223],[-71.859,-44.108],[-71.762,-44.064],[-71.66,-43.926],[-71.803,-43.726],[-71.704,-43.672],[-71.724,-43.595],[-71.874,-43.539],[-71.937,-43.457],[-71.902,-43.322],[-71.751,-43.295],[-71.743,-43.19],[-72.01,-43.12],[-72.149,-42.999],[-72.113,-42.864],[-72.148,-42.593],[-72.042,-42.491],[-72.125,-42.263],[-72.04,-42.145],[-71.948,-42.167],[-71.736,-42.084],[-71.794,-41.867],[-71.926,-41.623],[-71.853,-41.567],[-71.904,-41.368],[-71.873,-41.249],[-71.851,-40.938],[-71.956,-40.72],[-71.873,-40.647],[-71.804,-40.426],[-71.678,-40.34],[-71.824,-40.21],[-71.801,-40.08],[-71.684,-40.099],[-71.621,-39.895],[-71.714,-39.726],[-71.677,-39.568],[-71.52,-39.615],[-71.542,-39.532],[-71.462,-39.434],[-71.402,-39.236],[-71.416,-38.935],[-71.228,-38.809],[-70.874,-38.691],[-70.849,-38.528],[-70.974,-38.425],[-71.017,-38.265],[-71.01,-38.066],[-71.185,-37.706],[-71.133,-37.591],[-71.123,-37.443],[-71.206,-37.293],[-71.089,-37.103],[-71.195,-36.839],[-71.145,-36.688],[-71.073,-36.697],[-71.043,-36.484],[-70.935,-36.473],[-70.89,-36.4],[-70.719,-36.415],[-70.703,-36.26],[-70.568,-36.139],[-70.451,-36.152],[-70.38,-36.046],[-70.42,-35.868],[-70.357,-35.815],[-70.422,-35.66],[-70.408,-35.506],[-70.475,-35.314],[-70.56,-35.298],[-70.543,-35.209],[-70.387,-35.167],[-70.354,-34.953],[-70.277,-34.798],[-70.228,-34.585],[-70.059,-34.396],[-70.04,-34.277],[-69.833,-34.243],[-69.873,-34.14],[-69.856,-33.985],[-69.91,-33.956],[-69.895,-33.662],[-69.788,-33.379],[-69.814,-33.289],[-69.905,-33.238],[-70.01,-33.299],[-70.101,-33.187],[-70.111,-33.038],[-70,-32.877],[-70.14,-32.768],[-70.18,-32.63],[-70.172,-32.465],[-70.242,-32.33],[-70.322,-32.28],[-70.373,-32.03],[-70.275,-32.038],[-70.242,-31.961],[-70.313,-31.882],[-70.428,-31.87],[-70.591,-31.55],[-70.569,-31.304],[-70.48,-31.097],[-70.381,-31.122],[-70.268,-31.024],[-70.339,-30.938],[-70.319,-30.801],[-70.217,-30.515],[-70.151,-30.46],[-70.173,-30.365],[-70.03,-30.397],[-69.903,-30.313],[-69.85,-30.127],[-69.973,-30.089],[-69.922,-29.94],[-69.929,-29.718],[-70.043,-29.363],[-70.031,-29.277],[-69.911,-29.143],[-69.804,-29.099],[-69.807,-28.96],[-69.736,-28.812],[-69.741,-28.641],[-69.675,-28.563],[-69.653,-28.398],[-69.42,-28.213],[-69.303,-28],[-69.173,-27.924],[-69.124,-27.734],[-69.029,-27.551],[-69.01,-27.449],[-68.931,-27.395],[-68.88,-27.221],[-68.801,-27.113],[-68.586,-27.163],[-68.518,-27.077],[-68.33,-27.045],[-68.32,-26.87],[-68.57,-26.551],[-68.595,-26.457],[-68.575,-26.304],[-68.42,-26.179],[-68.417,-26.094],[-68.498,-25.755],[-68.559,-25.663],[-68.606,-25.437],[-68.516,-25.184],[-68.367,-25.103],[-68.444,-25.021],[-68.479,-24.9],[-68.555,-24.862],[-68.572,-24.77],[-68.504,-24.612],[-68.452,-24.629],[-68.398,-24.501],[-68.314,-24.487],[-68.244,-24.385],[-67.362,-24.03],[-67.34,-24.001],[-67.014,-23.001],[-67.194,-22.822],[-67.547,-22.893],[-67.771,-22.889],[-67.876,-22.834],[-67.891,-22.716],[-67.859,-22.567],[-67.945,-22.354],[-67.935,-22.252],[-67.99,-22.058],[-68.096,-21.954],[-68.108,-21.79],[-68.198,-21.572],[-68.208,-21.284],[-68.416,-20.96],[-68.572,-20.872],[-68.573,-20.743],[-68.481,-20.625],[-68.686,-20.517],[-68.769,-20.391],[-68.679,-20.329],[-68.776,-20.09],[-68.588,-20.056],[-68.554,-19.858],[-68.698,-19.746],[-68.496,-19.458],[-68.493,-19.377],[-68.663,-19.274],[-68.815,-19.113],[-68.92,-19.054],[-68.99,-18.946],[-68.955,-18.857],[-69.043,-18.6],[-69.034,-18.478],[-69.1,-18.234],[-69.155,-18.14],[-69.089,-18.083],[-69.141,-18.031],[-69.302,-17.976],[-69.334,-17.806],[-69.476,-17.652],[-69.51,-17.507]]],[[[-68.642,-54.799],[-68.642,-54.783],[-68.635,-53.711],[-68.628,-52.64],[-68.779,-52.548],[-68.921,-52.64],[-69.14,-52.684],[-69.418,-52.451],[-69.584,-52.51],[-69.591,-52.642],[-69.734,-52.774],[-70.001,-52.842],[-70.129,-52.732],[-70.416,-52.758],[-70.257,-52.868],[-70.089,-52.911],[-70.134,-53.012],[-70.324,-53.062],[-70.328,-52.965],[-70.419,-53.012],[-70.474,-53.309],[-70.257,-53.461],[-69.675,-53.358],[-69.353,-53.356],[-69.361,-53.522],[-69.651,-53.636],[-69.916,-53.661],[-70.137,-53.739],[-70.185,-53.811],[-70.057,-54.087],[-69.884,-54.161],[-69.28,-54.322],[-68.989,-54.431],[-69.148,-54.449],[-69.157,-54.559],[-69.248,-54.525],[-69.373,-54.616],[-69.24,-54.441],[-69.5,-54.342],[-69.536,-54.442],[-69.692,-54.318],[-69.882,-54.313],[-69.74,-54.49],[-69.884,-54.503],[-69.875,-54.421],[-70.073,-54.249],[-70.246,-54.357],[-70.933,-54.114],[-70.869,-54.246],[-70.578,-54.275],[-70.428,-54.438],[-70.131,-54.545],[-70.44,-54.478],[-70.585,-54.391],[-70.701,-54.533],[-70.727,-54.428],[-70.61,-54.339],[-70.953,-54.339],[-70.972,-54.469],[-71.365,-54.373],[-71.389,-54.457],[-71.598,-54.401],[-71.495,-54.494],[-71.615,-54.501],[-71.725,-54.405],[-71.672,-54.572],[-71.85,-54.538],[-72.002,-54.459],[-71.962,-54.647],[-71.823,-54.655],[-71.754,-54.593],[-71.639,-54.65],[-71.598,-54.581],[-71.507,-54.684],[-71.417,-54.651],[-71.347,-54.517],[-71.163,-54.698],[-71.062,-54.593],[-70.927,-54.738],[-70.816,-54.75],[-70.759,-54.841],[-70.611,-54.781],[-70.309,-54.839],[-70.08,-54.85],[-69.973,-54.761],[-69.842,-54.821],[-69.721,-54.698],[-69.648,-54.823],[-69.067,-54.949],[-68.738,-54.896],[-68.929,-54.778],[-68.654,-54.886],[-68.642,-54.799]]],[[[-78.789,-33.609],[-78.885,-33.576],[-78.992,-33.657],[-78.789,-33.609]]],[[[-109.232,-27.092],[-109.366,-27.062],[-109.441,-27.201],[-109.244,-27.129],[-109.232,-27.092]]],[[[-67.502,-55.821],[-67.748,-55.849],[-67.641,-55.914],[-67.502,-55.821]]],[[[-67.376,-55.751],[-67.265,-55.778],[-67.359,-55.574],[-67.407,-55.699],[-67.539,-55.66],[-67.552,-55.736],[-67.376,-55.751]]],[[[-67.643,-55.497],[-67.739,-55.617],[-67.588,-55.586],[-67.643,-55.497]]],[[[-66.855,-55.271],[-66.992,-55.229],[-67.06,-55.326],[-66.896,-55.333],[-66.855,-55.271]]],[[[-66.427,-55.185],[-66.535,-55.163],[-66.643,-55.264],[-66.504,-55.258],[-66.427,-55.185]]],[[[-66.869,-55.024],[-67.066,-55.022],[-66.807,-55.113],[-66.869,-55.024]]],[[[-67.999,-55.628],[-67.98,-55.588],[-68.157,-55.47],[-68.146,-55.404],[-68.617,-55.306],[-68.239,-55.292],[-68.414,-55.18],[-68.787,-55.165],[-68.948,-55.111],[-69.052,-55.019],[-68.826,-55.115],[-68.616,-55.152],[-68.335,-55.062],[-68.441,-54.94],[-68.834,-54.982],[-69.32,-54.993],[-69.886,-55.064],[-70.031,-55.153],[-69.848,-55.258],[-69.658,-55.237],[-69.788,-55.306],[-69.504,-55.38],[-69.437,-55.491],[-69.386,-55.405],[-69.299,-55.49],[-69.172,-55.462],[-69.299,-55.414],[-69.28,-55.319],[-69.48,-55.237],[-69.213,-55.216],[-69.037,-55.262],[-68.801,-55.189],[-68.967,-55.43],[-68.865,-55.505],[-68.603,-55.462],[-68.253,-55.525],[-68.29,-55.61],[-68.153,-55.596],[-68.072,-55.716],[-67.999,-55.628]]],[[[-67.883,-55.244],[-67.647,-55.261],[-67.503,-55.172],[-67.413,-55.293],[-67.271,-55.307],[-67.088,-55.191],[-67.062,-55.072],[-67.302,-54.929],[-67.942,-54.905],[-68.345,-54.921],[-68.329,-54.991],[-68.186,-54.978],[-68.188,-55.104],[-68.082,-55.233],[-67.898,-55.169],[-67.739,-55.237],[-67.883,-55.244]]],[[[-70.295,-55.082],[-70.651,-55.031],[-70.316,-54.908],[-70.492,-54.9],[-70.706,-54.969],[-70.987,-54.948],[-70.941,-55.072],[-70.755,-55.052],[-70.716,-55.123],[-70.575,-55.06],[-70.548,-55.214],[-70.37,-55.162],[-70.453,-55.105],[-70.295,-55.082]]],[[[-69.904,-54.997],[-69.918,-55.038],[-69.427,-54.997],[-69.164,-54.956],[-69.426,-54.9],[-69.836,-54.872],[-69.904,-54.997]]],[[[-70.422,-54.846],[-70.607,-54.832],[-70.679,-54.898],[-70.422,-54.846]]],[[[-70.984,-54.928],[-70.947,-54.873],[-71.416,-54.836],[-71.403,-54.943],[-71.279,-54.865],[-71.064,-54.95],[-70.984,-54.928]]],[[[-72.34,-54.331],[-72.542,-54.343],[-72.471,-54.428],[-72.34,-54.331]]],[[[-70.385,-54.188],[-70.459,-54.236],[-70.269,-54.271],[-70.385,-54.188]]],[[[-72.297,-54.079],[-72.515,-54.202],[-72.302,-54.251],[-72.206,-54.14],[-72.297,-54.079]]],[[[-73.18,-54.072],[-73.38,-54.026],[-73.474,-54.072],[-73.178,-54.127],[-73.18,-54.072]]],[[[-71.631,-54.079],[-71.7,-54.166],[-71.542,-54.27],[-71.493,-54.135],[-71.247,-54.278],[-71.348,-54.285],[-71.148,-54.38],[-70.99,-54.266],[-71.013,-54.101],[-71.18,-54.086],[-71.237,-54.166],[-71.302,-53.991],[-71.396,-54.063],[-71.463,-53.942],[-71.657,-53.983],[-71.631,-54.079]]],[[[-72.015,-54.202],[-71.905,-54.229],[-71.988,-54.318],[-71.846,-54.338],[-71.757,-54.22],[-71.916,-54.117],[-71.926,-54.039],[-71.766,-54.164],[-71.661,-54.104],[-71.769,-54.051],[-71.653,-53.926],[-71.83,-53.921],[-71.904,-53.862],[-72.04,-53.935],[-72.259,-53.93],[-72.169,-54.103],[-72.015,-54.202]]],[[[-70.455,-53.612],[-70.713,-53.701],[-70.634,-53.873],[-70.882,-53.842],[-70.884,-54.027],[-70.823,-54.114],[-70.593,-54.214],[-70.535,-54.158],[-70.671,-53.968],[-70.611,-53.948],[-70.439,-54.06],[-70.336,-54.007],[-70.452,-53.887],[-70.422,-53.803],[-70.455,-53.612]]],[[[-73.824,-53.472],[-73.892,-53.526],[-73.688,-53.523],[-73.824,-53.472]]],[[[-73.392,-53.414],[-73.598,-53.424],[-73.564,-53.482],[-73.781,-53.451],[-73.507,-53.569],[-73.392,-53.531],[-73.488,-53.452],[-73.392,-53.414]]],[[[-72.53,-54.075],[-72.515,-53.983],[-72.42,-53.969],[-72.328,-53.84],[-72.251,-53.878],[-72.153,-53.796],[-72.373,-53.688],[-72.397,-53.633],[-72.656,-53.537],[-72.63,-53.66],[-72.781,-53.483],[-72.884,-53.681],[-72.913,-53.427],[-73.162,-53.411],[-73.132,-53.489],[-73.413,-53.493],[-73.262,-53.558],[-73.259,-53.635],[-73.447,-53.564],[-73.585,-53.583],[-73.616,-53.652],[-73.485,-53.701],[-73.592,-53.756],[-73.275,-53.701],[-73.31,-53.824],[-73.236,-53.897],[-73.338,-53.955],[-73.083,-54.032],[-73.102,-53.91],[-72.816,-53.821],[-72.743,-53.894],[-72.84,-53.96],[-72.762,-54.03],[-72.843,-54.134],[-72.626,-54.027],[-72.53,-54.075]]],[[[-73.433,-52.865],[-73.612,-52.822],[-73.787,-52.913],[-73.433,-52.865]]],[[[-73.207,-53.318],[-73.482,-53.133],[-73.507,-53.264],[-73.551,-53.118],[-73.629,-53.147],[-73.876,-53.003],[-74.075,-52.948],[-74.271,-52.958],[-74.371,-52.873],[-74.674,-52.721],[-74.75,-52.756],[-74.571,-52.852],[-74.597,-52.923],[-74.407,-52.969],[-74.294,-53.099],[-74.086,-53.105],[-74.035,-53.056],[-73.611,-53.188],[-73.61,-53.3],[-73.42,-53.283],[-73.317,-53.353],[-73.108,-53.369],[-73.207,-53.318]]],[[[-73.837,-52.701],[-73.678,-52.473],[-73.725,-52.405],[-74.03,-52.43],[-73.944,-52.483],[-74.05,-52.564],[-74.184,-52.587],[-74.123,-52.707],[-73.967,-52.616],[-73.936,-52.72],[-73.837,-52.701]]],[[[-74.673,-52.391],[-74.594,-52.395],[-74.536,-52.272],[-74.589,-52.213],[-74.906,-52.235],[-74.815,-52.35],[-74.673,-52.391]]],[[[-73.77,-52.379],[-73.815,-52.241],[-74.079,-52.148],[-74.003,-52.256],[-73.77,-52.379]]],[[[-74.123,-52.398],[-73.951,-52.307],[-74.297,-52.085],[-74.417,-52.129],[-74.13,-52.228],[-74.245,-52.317],[-74.123,-52.398]]],[[[-74.791,-52.179],[-74.672,-52.163],[-74.602,-52.064],[-74.797,-52.129],[-74.791,-52.179]]],[[[-74.492,-51.979],[-74.544,-51.921],[-74.736,-52.085],[-74.492,-51.979]]],[[[-73.708,-52.187],[-73.784,-52.06],[-74.053,-51.908],[-74.09,-52.01],[-73.708,-52.187]]],[[[-74.75,-52.043],[-74.623,-51.879],[-74.751,-51.834],[-74.896,-52.113],[-74.75,-52.043]]],[[[-75.061,-51.882],[-74.97,-51.737],[-75.055,-51.725],[-75.12,-51.878],[-75.061,-51.882]]],[[[-74.435,-51.845],[-74.242,-51.941],[-74.096,-51.877],[-74.318,-51.762],[-74.503,-51.707],[-74.435,-51.845]]],[[[-73.79,-51.735],[-73.93,-51.656],[-73.839,-51.813],[-73.79,-51.735]]],[[[-74.89,-52.002],[-74.763,-51.783],[-74.807,-51.634],[-74.903,-51.621],[-74.865,-51.879],[-74.958,-51.816],[-75.065,-51.995],[-75.014,-52.104],[-74.89,-52.002]]],[[[-73.944,-51.741],[-74.042,-51.569],[-74.232,-51.707],[-74.05,-51.793],[-73.944,-51.741]]],[[[-74.197,-51.427],[-74.11,-51.428],[-74.165,-51.287],[-74.255,-51.291],[-74.197,-51.427]]],[[[-75.024,-51.331],[-75.126,-51.27],[-75.22,-51.305],[-75.225,-51.491],[-75.315,-51.537],[-75.313,-51.629],[-75.162,-51.573],[-75.133,-51.464],[-75.016,-51.414],[-75.024,-51.331]]],[[[-73.793,-51.259],[-73.921,-51.304],[-73.779,-51.363],[-73.793,-51.259]]],[[[-74.739,-51.369],[-74.687,-51.283],[-74.646,-51.393],[-74.544,-51.365],[-74.602,-51.206],[-74.793,-51.211],[-74.963,-51.329],[-75,-51.475],[-74.783,-51.427],[-74.739,-51.369]]],[[[-74.42,-51.111],[-74.605,-51.08],[-74.574,-51.155],[-74.424,-51.205],[-74.42,-51.111]]],[[[-74.249,-51.235],[-74.201,-51.2],[-74.301,-50.939],[-74.333,-51.032],[-74.249,-51.235]]],[[[-74.386,-50.981],[-74.395,-50.87],[-74.487,-50.782],[-74.66,-50.728],[-74.569,-50.833],[-74.625,-50.925],[-74.879,-50.886],[-74.955,-50.926],[-74.775,-50.993],[-74.74,-51.101],[-74.386,-50.981]]],[[[-74.906,-50.797],[-74.931,-50.851],[-74.693,-50.89],[-74.742,-50.707],[-74.901,-50.676],[-74.906,-50.797]]],[[[-74.982,-50.798],[-74.985,-50.657],[-75.08,-50.671],[-75.084,-50.784],[-74.982,-50.798]]],[[[-75.126,-50.494],[-75.382,-50.464],[-75.469,-50.494],[-75.359,-50.591],[-75.462,-50.762],[-75.279,-50.77],[-75.271,-50.621],[-75.126,-50.494]]],[[[-74.31,-50.834],[-74.181,-50.782],[-74.383,-50.456],[-74.552,-50.424],[-74.605,-50.474],[-74.469,-50.536],[-74.581,-50.634],[-74.517,-50.732],[-74.31,-50.834]]],[[[-74.783,-50.481],[-74.72,-50.489],[-74.549,-50.378],[-74.696,-50.362],[-74.783,-50.481]]],[[[-75.041,-50.289],[-74.834,-50.219],[-74.815,-50.119],[-75.071,-50.18],[-75.129,-50.03],[-75.4,-50.039],[-75.305,-50.125],[-75.12,-50.139],[-75.146,-50.249],[-75.271,-50.249],[-75.397,-50.172],[-75.461,-50.35],[-75.195,-50.303],[-75.318,-50.392],[-75.223,-50.436],[-75.041,-50.289]]],[[[-75.448,-49.775],[-75.366,-49.72],[-75.34,-49.86],[-75.178,-49.884],[-75.355,-49.61],[-75.472,-49.573],[-75.614,-49.636],[-75.525,-49.74],[-75.627,-49.756],[-75.617,-49.864],[-75.448,-49.775]]],[[[-75.521,-49.379],[-75.544,-49.453],[-75.429,-49.466],[-75.521,-49.379]]],[[[-74.903,-49.077],[-75.095,-49.03],[-75.236,-49.145],[-75.09,-49.158],[-74.921,-49.273],[-74.903,-49.077]]],[[[-75.558,-49.247],[-75.483,-49.254],[-75.287,-49.087],[-75.394,-48.998],[-75.414,-49.062],[-75.607,-49.151],[-75.558,-49.247]]],[[[-75.215,-49.015],[-75.306,-48.865],[-75.541,-48.834],[-75.647,-48.891],[-75.647,-48.967],[-75.465,-49.036],[-75.317,-48.954],[-75.249,-49.072],[-75.215,-49.015]]],[[[-75.106,-48.97],[-75.121,-48.85],[-75.308,-48.795],[-75.194,-48.996],[-75.106,-48.97]]],[[[-75.198,-49.771],[-75.134,-49.858],[-75.043,-49.826],[-75.01,-49.519],[-74.718,-49.625],[-74.892,-49.614],[-74.845,-49.694],[-74.902,-49.877],[-74.881,-49.959],[-74.705,-49.909],[-74.868,-50.016],[-74.661,-50.051],[-74.536,-49.995],[-74.424,-49.745],[-74.444,-49.642],[-74.527,-49.628],[-74.536,-49.508],[-74.448,-49.322],[-74.475,-48.946],[-74.53,-48.867],[-74.526,-48.723],[-74.616,-48.763],[-74.681,-48.685],[-74.83,-48.69],[-75.061,-48.837],[-74.955,-48.918],[-74.955,-49.007],[-74.859,-49.111],[-74.893,-49.364],[-75.037,-49.26],[-75.323,-49.264],[-75.289,-49.416],[-75.383,-49.28],[-75.467,-49.333],[-75.407,-49.427],[-75.256,-49.494],[-75.305,-49.56],[-75.198,-49.771]]],[[[-75.085,-48.637],[-75.246,-48.785],[-75.089,-48.783],[-75.085,-48.637]]],[[[-75.024,-48.689],[-74.988,-48.74],[-74.825,-48.658],[-75.01,-48.637],[-75.024,-48.689]]],[[[-75.339,-48.624],[-75.461,-48.7],[-75.642,-48.701],[-75.613,-48.795],[-75.373,-48.699],[-75.339,-48.624]]],[[[-75.328,-48.552],[-75.344,-48.427],[-75.524,-48.472],[-75.606,-48.439],[-75.675,-48.583],[-75.626,-48.632],[-75.441,-48.611],[-75.506,-48.695],[-75.34,-48.615],[-75.328,-48.552]]],[[[-74.472,-48.456],[-74.429,-48.526],[-74.307,-48.489],[-74.407,-48.418],[-74.472,-48.456]]],[[[-74.091,-48.48],[-74.057,-48.426],[-74.246,-48.394],[-74.091,-48.48]]],[[[-74.495,-48.35],[-74.272,-48.463],[-74.298,-48.288],[-74.359,-48.37],[-74.495,-48.35]]],[[[-74.499,-48.583],[-74.599,-48.564],[-74.587,-48.403],[-74.764,-48.153],[-74.811,-48.363],[-74.717,-48.454],[-74.782,-48.485],[-74.846,-48.39],[-75.033,-48.504],[-74.947,-48.62],[-74.751,-48.629],[-74.621,-48.692],[-74.528,-48.675],[-74.499,-48.583]]],[[[-74.544,-48.322],[-74.373,-48.253],[-74.558,-48.122],[-74.595,-48.247],[-74.544,-48.322]]],[[[-75.161,-48.298],[-75.031,-48.444],[-74.837,-48.345],[-74.828,-48.145],[-75.018,-48.083],[-75.256,-48.069],[-75.161,-48.298]]],[[[-75.15,-48.658],[-75.071,-48.596],[-75.099,-48.466],[-75.204,-48.336],[-75.351,-48.004],[-75.585,-48.086],[-75.528,-48.326],[-75.394,-48.274],[-75.406,-48.344],[-75.555,-48.379],[-75.46,-48.417],[-75.318,-48.349],[-75.321,-48.492],[-75.224,-48.706],[-75.15,-48.658]]],[[[-75.271,-48.028],[-75.039,-47.988],[-75.034,-48.031],[-74.727,-48.106],[-74.813,-47.939],[-74.788,-47.812],[-74.943,-47.884],[-75.088,-47.867],[-75.207,-47.917],[-75.271,-48.028]]],[[[-74.414,-47.938],[-74.318,-47.981],[-73.925,-47.916],[-73.837,-47.954],[-73.837,-47.857],[-73.931,-47.88],[-74.245,-47.806],[-74.503,-47.918],[-74.414,-47.938]]],[[[-75.182,-47.831],[-75.024,-47.803],[-75.092,-47.68],[-75.356,-47.736],[-75.182,-47.831]]],[[[-74.885,-47.712],[-75.054,-47.69],[-74.958,-47.775],[-74.885,-47.712]]],[[[-74.469,-47.075],[-74.441,-47.164],[-74.325,-47.054],[-74.469,-47.075]]],[[[-74.075,-47.02],[-74.167,-47.013],[-74.231,-47.102],[-74.146,-47.171],[-73.975,-47.048],[-74.075,-47.02]]],[[[-73.725,-46.05],[-73.91,-46.016],[-73.94,-46.068],[-73.775,-46.199],[-73.684,-46.105],[-73.725,-46.05]]],[[[-73.708,-45.924],[-73.756,-45.889],[-73.819,-45.999],[-73.683,-46.018],[-73.708,-45.924]]],[[[-74.753,-45.808],[-74.836,-45.859],[-75.054,-45.864],[-75.089,-45.95],[-74.989,-46.006],[-75.074,-46.094],[-74.92,-46.104],[-74.766,-45.989],[-74.715,-45.848],[-74.753,-45.808]]],[[[-73.742,-45.794],[-73.94,-45.91],[-73.857,-45.968],[-73.79,-45.876],[-73.694,-45.889],[-73.742,-45.794]]],[[[-73.927,-45.745],[-74.045,-45.738],[-74.091,-45.815],[-74.03,-45.903],[-73.927,-45.745]]],[[[-74.554,-45.575],[-74.66,-45.601],[-74.701,-45.728],[-74.584,-45.735],[-74.554,-45.575]]],[[[-74.071,-45.691],[-73.921,-45.698],[-73.91,-45.591],[-74.031,-45.533],[-74.112,-45.588],[-74.071,-45.691]]],[[[-74.503,-45.732],[-74.406,-45.767],[-74.208,-45.636],[-74.294,-45.479],[-74.421,-45.454],[-74.503,-45.732]]],[[[-73.666,-45.437],[-73.722,-45.458],[-73.818,-45.643],[-73.68,-45.753],[-73.586,-45.48],[-73.666,-45.437]]],[[[-73.886,-45.471],[-74.064,-45.423],[-74.145,-45.558],[-74.03,-45.517],[-73.87,-45.562],[-73.886,-45.471]]],[[[-74.554,-45.547],[-74.501,-45.588],[-74.446,-45.428],[-74.554,-45.547]]],[[[-73.824,-45.396],[-73.941,-45.366],[-74.011,-45.411],[-73.824,-45.396]]],[[[-74.341,-45.338],[-74.499,-45.286],[-74.378,-45.401],[-74.341,-45.338]]],[[[-73.824,-45.266],[-73.986,-45.271],[-74.07,-45.204],[-74.167,-45.253],[-74.13,-45.324],[-74.012,-45.354],[-73.786,-45.334],[-73.824,-45.266]]],[[[-74.274,-45.208],[-74.359,-45.156],[-74.415,-45.247],[-74.307,-45.295],[-74.274,-45.208]]],[[[-73.732,-45.215],[-73.715,-45.114],[-73.778,-45.039],[-73.915,-44.995],[-74.207,-45.043],[-74.25,-45.11],[-74.105,-45.136],[-73.963,-45.249],[-73.732,-45.215]]],[[[-74.27,-44.944],[-74.357,-45.011],[-73.976,-44.983],[-73.97,-44.904],[-74.188,-44.869],[-74.27,-44.944]]],[[[-73.962,-44.81],[-74.166,-44.801],[-74.071,-44.854],[-73.962,-44.81]]],[[[-73.931,-44.789],[-73.84,-44.959],[-73.762,-44.93],[-73.837,-44.784],[-73.931,-44.789]]],[[[-75.091,-44.796],[-75.2,-44.817],[-75.165,-44.914],[-75.031,-44.904],[-75.091,-44.796]]],[[[-73.605,-44.745],[-73.742,-44.755],[-73.627,-44.83],[-73.605,-44.745]]],[[[-74.341,-44.806],[-74.427,-44.718],[-74.525,-44.754],[-74.394,-44.857],[-74.341,-44.806]]],[[[-74.482,-44.636],[-74.623,-44.622],[-74.663,-44.68],[-74.484,-44.698],[-74.482,-44.636]]],[[[-73.927,-44.629],[-74.026,-44.603],[-74.401,-44.626],[-74.407,-44.694],[-74.28,-44.804],[-73.876,-44.694],[-73.927,-44.629]]],[[[-73.66,-44.677],[-73.7,-44.537],[-73.796,-44.553],[-73.838,-44.664],[-73.753,-44.741],[-73.592,-44.707],[-73.66,-44.677]]],[[[-74.194,-44.492],[-74.368,-44.526],[-74.345,-44.574],[-74.154,-44.56],[-74.194,-44.492]]],[[[-74.393,-44.547],[-74.42,-44.505],[-74.24,-44.478],[-74.26,-44.413],[-74.42,-44.471],[-74.503,-44.435],[-74.523,-44.526],[-74.393,-44.547]]],[[[-73.79,-44.423],[-73.903,-44.378],[-73.904,-44.445],[-73.79,-44.423]]],[[[-73.382,-44.588],[-73.468,-44.643],[-73.408,-44.822],[-73.291,-44.932],[-73.147,-44.912],[-72.838,-44.71],[-72.981,-44.601],[-72.813,-44.636],[-72.721,-44.528],[-72.769,-44.467],[-72.926,-44.437],[-73.002,-44.361],[-73.1,-44.428],[-73.21,-44.409],[-73.281,-44.542],[-73.241,-44.639],[-73.382,-44.588]]],[[[-74.03,-44.355],[-74.082,-44.384],[-73.94,-44.451],[-73.927,-44.355],[-74.03,-44.355]]],[[[-74.109,-44.227],[-73.894,-44.239],[-74.073,-44.155],[-74.109,-44.227]]],[[[-73.883,-44.118],[-74.016,-44.143],[-73.87,-44.197],[-73.883,-44.118]]],[[[-73.745,-43.954],[-73.651,-44.132],[-73.65,-43.991],[-73.745,-43.954]]],[[[-73.228,-44.012],[-73.152,-44.016],[-73.141,-43.904],[-73.273,-43.919],[-73.228,-44.012]]],[[[-74.144,-43.828],[-74.166,-43.873],[-73.762,-43.889],[-73.865,-43.789],[-73.967,-43.829],[-74.144,-43.828]]],[[[-74.818,-43.635],[-74.775,-43.675],[-74.557,-43.627],[-74.738,-43.53],[-74.818,-43.635]]],[[[-73.611,-42.936],[-73.45,-42.994],[-73.421,-42.956],[-73.611,-42.936]]],[[[-73.605,-42.579],[-73.755,-42.599],[-73.617,-42.639],[-73.605,-42.579]]],[[[-73.412,-42.526],[-73.543,-42.379],[-73.646,-42.374],[-73.625,-42.443],[-73.412,-42.526]]],[[[-74.335,-43.282],[-74.085,-43.402],[-73.93,-43.365],[-73.877,-43.422],[-73.731,-43.393],[-73.666,-43.31],[-73.745,-43.227],[-73.721,-43.142],[-73.49,-43.1],[-73.654,-42.898],[-73.494,-42.867],[-73.517,-42.789],[-73.809,-42.609],[-73.79,-42.504],[-73.611,-42.512],[-73.682,-42.37],[-73.396,-42.309],[-73.386,-42.196],[-73.489,-42.146],[-73.447,-42.08],[-73.578,-41.945],[-73.53,-41.907],[-73.578,-41.799],[-73.691,-41.809],[-73.866,-41.892],[-74.064,-41.806],[-74.053,-42.13],[-74.147,-42.217],[-74.19,-42.432],[-74.128,-42.641],[-74.167,-42.883],[-74.232,-42.917],[-74.23,-43.023],[-74.338,-43.1],[-74.401,-43.26],[-74.335,-43.282]]],[[[-73.088,-41.843],[-73.003,-41.844],[-73.053,-41.747],[-73.088,-41.843]]],[[[-74.428,-52.504],[-74.492,-52.552],[-74.349,-52.623],[-74.428,-52.504]]],[[[-73.815,-51.864],[-73.979,-51.839],[-73.738,-52.011],[-73.718,-51.849],[-73.815,-51.864]]],[[[-74.97,-50.288],[-75.172,-50.462],[-75.045,-50.476],[-74.889,-50.295],[-74.97,-50.288]]],[[[-74.426,-49.615],[-74.293,-49.555],[-74.436,-49.427],[-74.426,-49.615]]],[[[-74.65,-47.798],[-74.644,-47.923],[-74.526,-47.813],[-74.65,-47.798]]],[[[-75.323,-46.685],[-75.162,-46.782],[-75.146,-46.697],[-75.323,-46.685]]],[[[-73.009,-42.695],[-72.957,-42.808],[-72.93,-42.723],[-73.009,-42.695]]]]},"properties":{"NAME":"Chile","ADMIN":"Chile","ISO_A2":"CL","ISO_A3":"CHL","CONTINENT":"South America","SUBREGION":"South America","POP_EST":18952038,"GDP_MD":282318,"LABEL_X":-72.318871,"LABEL_Y":-38.151771,"ID":"CHL"}},{"type":"Feature","geometry":{"type":"Polygon","coordinates":[[[-69.51,-17.507],[-69.476,-17.652],[-69.334,-17.806],[-69.302,-17.976],[-69.141,-18.031],[-69.089,-18.083],[-69.155,-18.14],[-69.1,-18.234],[-69.034,-18.478],[-69.043,-18.6],[-68.955,-18.857],[-68.99,-18.946],[-68.92,-19.054],[-68.815,-19.113],[-68.663,-19.274],[-68.493,-19.377],[-68.496,-19.458],[-68.698,-19.746],[-68.554,-19.858],[-68.588,-20.056],[-68.776,-20.09],[-68.679,-20.329],[-68.769,-20.391],[-68.686,-20.517],[-68.481,-20.625],[-68.573,-20.743],[-68.572,-20.872],[-68.416,-20.96],[-68.208,-21.284],[-68.198,-21.572],[-68.108,-21.79],[-68.096,-21.954],[-67.99,-22.058],[-67.935,-22.252],[-67.945,-22.354],[-67.859,-22.567],[-67.891,-22.716],[-67.876,-22.834],[-67.771,-22.889],[-67.547,-22.893],[-67.194,-22.822],[-67.038,-22.655],[-67.033,-22.525],[-66.785,-22.428],[-66.736,-22.225],[-66.377,-22.127],[-66.297,-22.05],[-66.24,-21.792],[-66.094,-21.833],[-66.047,-21.918],[-65.933,-21.945],[-65.745,-22.114],[-65.58,-22.086],[-65.457,-22.101],[-65.02,-22.097],[-64.587,-22.213],[-64.572,-22.343],[-64.428,-22.542],[-64.454,-22.643],[-64.369,-22.73],[-64.344,-22.864],[-64.295,-22.763],[-64.251,-22.541],[-64.161,-22.438],[-63.948,-22.008],[-63.813,-22.003],[-63.74,-22.051],[-63.639,-21.997],[-62.804,-22.004],[-62.791,-22.113],[-62.65,-22.234],[-62.276,-21.067],[-62.277,-20.58],[-61.944,-20.104],[-61.761,-19.658],[-60.834,-19.468],[-60.006,-19.298],[-59.09,-19.287],[-58.175,-19.821],[-58.145,-19.97],[-58.159,-20.165],[-57.86,-19.98],[-58.117,-19.758],[-58.125,-19.73],[-57.789,-19.059],[-57.716,-19.045],[-57.782,-18.91],[-57.567,-18.256],[-57.467,-18.24],[-57.551,-18.184],[-57.73,-17.846],[-57.724,-17.737],[-57.778,-17.696],[-57.791,-17.556],[-57.854,-17.509],[-58.01,-17.497],[-58.232,-17.33],[-58.381,-17.267],[-58.466,-16.887],[-58.48,-16.684],[-58.356,-16.51],[-58.34,-16.289],[-58.465,-16.331],[-59.108,-16.309],[-60.13,-16.273],[-60.18,-16.222],[-60.238,-15.503],[-60.26,-15.456],[-60.582,-15.099],[-60.275,-15.095],[-60.292,-14.63],[-60.369,-14.543],[-60.344,-14.491],[-60.4,-14.341],[-60.464,-14.278],[-60.468,-14.104],[-60.388,-13.989],[-60.473,-13.798],[-60.566,-13.77],[-60.897,-13.553],[-61.022,-13.535],[-61.047,-13.465],[-61.149,-13.52],[-61.348,-13.494],[-61.459,-13.544],[-61.588,-13.508],[-61.848,-13.531],[-61.869,-13.464],[-62.003,-13.36],[-62.172,-13.118],[-62.29,-13.142],[-62.427,-13.125],[-62.458,-13.078],[-62.642,-13.03],[-62.687,-12.965],[-62.807,-12.989],[-62.929,-12.846],[-62.975,-12.853],[-63.075,-12.653],[-63.137,-12.634],[-63.236,-12.699],[-63.393,-12.665],[-63.496,-12.553],[-63.658,-12.475],[-63.801,-12.455],[-63.921,-12.544],[-64.145,-12.52],[-64.215,-12.474],[-64.396,-12.457],[-64.49,-12.374],[-64.469,-12.261],[-64.716,-12.147],[-64.793,-12.033],[-64.997,-11.996],[-65.066,-11.753],[-65.196,-11.742],[-65.223,-11.517],[-65.292,-11.505],[-65.353,-11.391],[-65.326,-11.328],[-65.389,-11.253],[-65.395,-11.153],[-65.303,-10.991],[-65.319,-10.865],[-65.4,-10.812],[-65.381,-10.698],[-65.436,-10.626],[-65.45,-10.468],[-65.411,-10.449],[-65.288,-10.216],[-65.333,-9.927],[-65.304,-9.826],[-65.371,-9.711],[-65.452,-9.681],[-65.584,-9.837],[-65.71,-9.756],[-65.817,-9.786],[-65.966,-9.777],[-66.191,-9.801],[-66.453,-9.889],[-66.632,-9.904],[-66.903,-10.093],[-67.064,-10.257],[-67.202,-10.327],[-67.338,-10.326],[-67.488,-10.465],[-67.585,-10.502],[-67.685,-10.611],[-67.722,-10.705],[-67.863,-10.659],[-68.098,-10.698],[-68.293,-10.979],[-68.616,-11.112],[-68.787,-11.126],[-68.758,-11.012],[-68.997,-11.002],[-69.071,-10.97],[-69.396,-10.935],[-69.578,-10.952],[-69.132,-11.726],[-68.684,-12.502],[-68.793,-12.62],[-68.743,-12.666],[-68.981,-12.868],[-68.963,-13.284],[-68.986,-13.55],[-69.024,-13.635],[-69.102,-13.667],[-69.016,-13.753],[-68.983,-13.972],[-68.916,-14.025],[-68.884,-14.211],[-69.01,-14.246],[-68.99,-14.379],[-69.164,-14.503],[-69.17,-14.578],[-69.247,-14.594],[-69.268,-14.751],[-69.361,-14.788],[-69.391,-14.964],[-69.289,-15.102],[-69.148,-15.233],[-69.297,-15.367],[-69.421,-15.596],[-69.424,-15.656],[-69.22,-16.153],[-69.145,-16.223],[-68.982,-16.21],[-68.844,-16.302],[-68.856,-16.363],[-69.037,-16.471],[-69.037,-16.67],[-69.192,-16.743],[-69.224,-16.818],[-69.407,-17.016],[-69.427,-17.087],[-69.623,-17.186],[-69.666,-17.288],[-69.523,-17.369],[-69.51,-17.507]]]},"properties":{"NAME":"Bolivia","ADMIN":"Bolivia","ISO_A2":"BO","ISO_A3":"BOL","CONTINENT":"South America","SUBREGION":"South America","POP_EST":11513100,"GDP_MD":40895,"LABEL_X":-64.593433,"LABEL_Y":-16.666015,"ID":"BOL"}},{"type":"Feature","geometry":{"type":"Polygon","coordinates":[[[-69.51,-17.507],[-69.523,-17.369],[-69.666,-17.288],[-69.623,-17.186],[-69.427,-17.087],[-69.407,-17.016],[-69.224,-16.818],[-69.192,-16.743],[-69.037,-16.67],[-69.037,-16.471],[-68.856,-16.363],[-68.844,-16.302],[-68.982,-16.21],[-69.145,-16.223],[-69.22,-16.153],[-69.424,-15.656],[-69.421,-15.596],[-69.297,-15.367],[-69.148,-15.233],[-69.289,-15.102],[-69.391,-14.964],[-69.361,-14.788],[-69.268,-14.751],[-69.247,-14.594],[-69.17,-14.578],[-69.164,-14.503],[-68.99,-14.379],[-69.01,-14.246],[-68.884,-14.211],[-68.916,-14.025],[-68.983,-13.972],[-69.016,-13.753],[-69.102,-13.667],[-69.024,-13.635],[-68.986,-13.55],[-68.963,-13.284],[-68.981,-12.868],[-68.743,-12.666],[-68.793,-12.62],[-68.684,-12.502],[-69.132,-11.726],[-69.578,-10.952],[-69.72,-10.965],[-69.956,-10.919],[-70.199,-11.041],[-70.289,-11.065],[-70.437,-11.037],[-70.534,-10.938],[-70.641,-11.011],[-70.638,-9.852],[-70.543,-9.727],[-70.624,-9.566],[-70.525,-9.431],[-70.875,-9.66],[-71.015,-9.817],[-71.161,-9.876],[-71.197,-9.94],[-71.391,-10.007],[-72.196,-10.006],[-72.16,-9.888],[-72.265,-9.762],[-72.307,-9.541],[-72.43,-9.482],[-72.813,-9.411],[-73.215,-9.409],[-72.959,-9.086],[-72.976,-8.985],[-73.069,-8.894],[-73.175,-8.721],[-73.351,-8.598],[-73.356,-8.48],[-73.527,-8.372],[-73.668,-8.014],[-73.779,-7.954],[-73.795,-7.874],[-73.714,-7.866],[-73.712,-7.788],[-73.839,-7.721],[-74.018,-7.544],[-73.944,-7.449],[-73.983,-7.356],[-73.902,-7.373],[-73.713,-7.305],[-73.812,-7.103],[-73.765,-6.904],[-73.685,-6.812],[-73.371,-6.584],[-73.199,-6.546],[-73.132,-6.435],[-73.178,-6.202],[-73.235,-6.078],[-73.14,-5.879],[-73.001,-5.709],[-72.96,-5.559],[-72.973,-5.466],[-72.897,-5.272],[-72.918,-5.132],[-72.627,-5.022],[-72.404,-4.86],[-72.397,-4.806],[-72.251,-4.759],[-72.071,-4.605],[-71.774,-4.482],[-71.665,-4.508],[-71.506,-4.449],[-71.363,-4.459],[-71.288,-4.381],[-71.17,-4.363],[-70.969,-4.385],[-70.843,-4.238],[-70.832,-4.179],[-70.712,-4.172],[-70.631,-4.119],[-70.585,-4.195],[-70.43,-4.134],[-70.311,-4.171],[-70.307,-4.26],[-70.206,-4.343],[-70.157,-4.27],[-70.063,-4.328],[-69.989,-4.315],[-69.965,-4.236],[-70.06,-4.107],[-70.188,-4.029],[-70.217,-3.925],[-70.311,-3.829],[-70.544,-3.865],[-70.734,-3.782],[-70.051,-2.715],[-70.095,-2.633],[-70.142,-2.667],[-70.236,-2.625],[-70.358,-2.487],[-70.457,-2.493],[-70.579,-2.405],[-70.648,-2.451],[-70.707,-2.328],[-70.874,-2.23],[-70.993,-2.197],[-71.021,-2.259],[-71.143,-2.263],[-71.22,-2.342],[-71.421,-2.376],[-71.456,-2.255],[-71.498,-2.315],[-71.538,-2.223],[-71.738,-2.138],[-71.841,-2.19],[-71.966,-2.328],[-72.089,-2.331],[-72.161,-2.406],[-72.397,-2.447],[-72.644,-2.334],[-72.718,-2.42],[-72.805,-2.378],[-72.943,-2.419],[-73.056,-2.3],[-73.084,-2.345],[-73.198,-2.214],[-73.111,-2.073],[-73.169,-1.959],[-73.186,-1.8],[-73.247,-1.742],[-73.34,-1.792],[-73.531,-1.674],[-73.485,-1.572],[-73.497,-1.478],[-73.637,-1.255],[-73.755,-1.183],[-73.881,-1.191],[-73.92,-1.114],[-74.017,-1.092],[-74.065,-1.001],[-74.24,-0.987],[-74.344,-0.859],[-74.303,-0.785],[-74.378,-0.737],[-74.413,-0.573],[-74.642,-0.34],[-74.791,-0.313],[-74.755,-0.278],[-74.825,-0.17],[-74.873,-0.222],[-75.051,-0.134],[-75.142,-0.043],[-75.222,-0.032],[-75.283,-0.107],[-75.455,-0.161],[-75.638,-0.111],[-75.62,-0.181],[-75.485,-0.248],[-75.434,-0.403],[-75.272,-0.526],[-75.256,-0.624],[-75.297,-0.747],[-75.227,-0.97],[-75.349,-0.975],[-75.413,-0.924],[-75.56,-1.503],[-76.091,-2.129],[-76.685,-2.574],[-77.849,-2.981],[-77.941,-3.055],[-78.196,-3.364],[-78.164,-3.477],[-78.226,-3.507],[-78.27,-3.4],[-78.362,-3.409],[-78.426,-3.689],[-78.414,-3.772],[-78.47,-3.83],[-78.498,-3.95],[-78.567,-3.996],[-78.577,-4.1],[-78.682,-4.327],[-78.637,-4.435],[-78.673,-4.551],[-78.853,-4.652],[-78.929,-4.747],[-78.9,-4.844],[-78.98,-4.874],[-79.064,-5.011],[-79.104,-4.98],[-79.303,-4.961],[-79.451,-4.81],[-79.528,-4.618],[-79.507,-4.532],[-79.658,-4.439],[-79.833,-4.479],[-79.904,-4.399],[-79.982,-4.389],[-80.14,-4.283],[-80.408,-4.478],[-80.489,-4.396],[-80.345,-4.198],[-80.47,-4.213],[-80.514,-4.083],[-80.481,-3.999],[-80.305,-4.005],[-80.165,-3.88],[-80.222,-3.769],[-80.225,-3.592],[-80.266,-3.426],[-80.341,-3.393],[-80.368,-3.466],[-80.536,-3.505],[-80.613,-3.616],[-80.772,-3.71],[-80.868,-3.873],[-80.993,-3.972],[-81.073,-4.097],[-81.253,-4.239],[-81.28,-4.396],[-81.329,-4.477],[-81.305,-4.644],[-81.338,-4.678],[-81.063,-5.022],[-81.171,-5.087],[-81.198,-5.208],[-80.932,-5.464],[-80.856,-5.65],[-80.864,-5.744],[-80.94,-5.851],[-81.075,-5.787],[-81.15,-5.883],[-81.101,-6.072],[-80.791,-6.3],[-80.298,-6.544],[-80.119,-6.651],[-79.965,-6.787],[-79.932,-6.883],[-79.708,-7.107],[-79.613,-7.266],[-79.583,-7.464],[-79.435,-7.674],[-79.466,-7.716],[-79.3,-7.939],[-79.125,-8.065],[-78.986,-8.217],[-78.902,-8.377],[-78.94,-8.436],[-78.759,-8.608],[-78.764,-8.775],[-78.655,-8.933],[-78.642,-9.056],[-78.568,-9.104],[-78.611,-9.177],[-78.497,-9.19],[-78.527,-9.27],[-78.415,-9.362],[-78.427,-9.42],[-78.37,-9.615],[-78.229,-9.794],[-78.235,-9.953],[-78.167,-10.141],[-78.105,-10.201],[-78.056,-10.348],[-77.923,-10.531],[-77.848,-10.674],[-77.764,-10.762],[-77.671,-10.928],[-77.595,-11.165],[-77.647,-11.292],[-77.32,-11.494],[-77.171,-11.736],[-77.196,-11.768],[-77.146,-11.932],[-77.175,-12.072],[-77.054,-12.114],[-77.038,-12.204],[-76.854,-12.303],[-76.791,-12.381],[-76.812,-12.483],[-76.681,-12.619],[-76.63,-12.751],[-76.516,-12.87],[-76.483,-13.036],[-76.221,-13.358],[-76.181,-13.539],[-76.262,-13.861],[-76.362,-13.802],[-76.394,-13.908],[-76.277,-13.945],[-76.292,-14.081],[-76.149,-14.224],[-76.144,-14.328],[-75.981,-14.461],[-75.931,-14.649],[-75.839,-14.726],[-75.551,-14.885],[-75.362,-15.145],[-75.241,-15.205],[-75.263,-15.25],[-75.167,-15.311],[-75.189,-15.358],[-74.848,-15.566],[-74.463,-15.727],[-74.442,-15.798],[-74.047,-15.96],[-74.033,-16.012],[-73.7,-16.221],[-73.42,-16.293],[-73.296,-16.396],[-73.193,-16.407],[-73.06,-16.495],[-72.888,-16.555],[-72.692,-16.661],[-72.588,-16.659],[-72.362,-16.761],[-72.293,-16.881],[-72.197,-16.916],[-72.11,-17.023],[-71.949,-17.073],[-71.808,-17.191],[-71.515,-17.285],[-71.4,-17.4],[-71.36,-17.633],[-71.385,-17.687],[-71.219,-17.752],[-71.087,-17.869],[-70.915,-17.947],[-70.683,-18.162],[-70.395,-18.338],[-70.134,-18.319],[-69.97,-18.251],[-69.865,-18.145],[-69.783,-17.982],[-69.858,-17.734],[-69.818,-17.659],[-69.684,-17.656],[-69.51,-17.507]]]},"properties":{"NAME":"Peru","ADMIN":"Peru","ISO_A2":"PE","ISO_A3":"PER","CONTINENT":"South America","SUBREGION":"South America","POP_EST":32510453,"GDP_MD":226848,"LABEL_X":-72.90016,"LABEL_Y":-12.976679,"ID":"PER"}},{"type":"Feature","geometry":{"type":"MultiPolygon","coordinates":[[[[-67.194,-22.822],[-67.014,-23.001],[-67.34,-24.001],[-67.362,-24.03],[-68.244,-24.385],[-68.314,-24.487],[-68.398,-24.501],[-68.452,-24.629],[-68.504,-24.612],[-68.572,-24.77],[-68.555,-24.862],[-68.479,-24.9],[-68.444,-25.021],[-68.367,-25.103],[-68.516,-25.184],[-68.606,-25.437],[-68.559,-25.663],[-68.498,-25.755],[-68.417,-26.094],[-68.42,-26.179],[-68.575,-26.304],[-68.595,-26.457],[-68.57,-26.551],[-68.32,-26.87],[-68.33,-27.045],[-68.518,-27.077],[-68.586,-27.163],[-68.801,-27.113],[-68.88,-27.221],[-68.931,-27.395],[-69.01,-27.449],[-69.029,-27.551],[-69.124,-27.734],[-69.173,-27.924],[-69.303,-28],[-69.42,-28.213],[-69.653,-28.398],[-69.675,-28.563],[-69.741,-28.641],[-69.736,-28.812],[-69.807,-28.96],[-69.804,-29.099],[-69.911,-29.143],[-70.031,-29.277],[-70.043,-29.363],[-69.929,-29.718],[-69.922,-29.94],[-69.973,-30.089],[-69.85,-30.127],[-69.903,-30.313],[-70.03,-30.397],[-70.173,-30.365],[-70.151,-30.46],[-70.217,-30.515],[-70.319,-30.801],[-70.339,-30.938],[-70.268,-31.024],[-70.381,-31.122],[-70.48,-31.097],[-70.569,-31.304],[-70.591,-31.55],[-70.428,-31.87],[-70.313,-31.882],[-70.242,-31.961],[-70.275,-32.038],[-70.373,-32.03],[-70.322,-32.28],[-70.242,-32.33],[-70.172,-32.465],[-70.18,-32.63],[-70.14,-32.768],[-70,-32.877],[-70.111,-33.038],[-70.101,-33.187],[-70.01,-33.299],[-69.905,-33.238],[-69.814,-33.289],[-69.788,-33.379],[-69.895,-33.662],[-69.91,-33.956],[-69.856,-33.985],[-69.873,-34.14],[-69.833,-34.243],[-70.04,-34.277],[-70.059,-34.396],[-70.228,-34.585],[-70.277,-34.798],[-70.354,-34.953],[-70.387,-35.167],[-70.543,-35.209],[-70.56,-35.298],[-70.475,-35.314],[-70.408,-35.506],[-70.422,-35.66],[-70.357,-35.815],[-70.42,-35.868],[-70.38,-36.046],[-70.451,-36.152],[-70.568,-36.139],[-70.703,-36.26],[-70.719,-36.415],[-70.89,-36.4],[-70.935,-36.473],[-71.043,-36.484],[-71.073,-36.697],[-71.145,-36.688],[-71.195,-36.839],[-71.089,-37.103],[-71.206,-37.293],[-71.123,-37.443],[-71.133,-37.591],[-71.185,-37.706],[-71.01,-38.066],[-71.017,-38.265],[-70.974,-38.425],[-70.849,-38.528],[-70.874,-38.691],[-71.228,-38.809],[-71.416,-38.935],[-71.402,-39.236],[-71.462,-39.434],[-71.542,-39.532],[-71.52,-39.615],[-71.677,-39.568],[-71.714,-39.726],[-71.621,-39.895],[-71.684,-40.099],[-71.801,-40.08],[-71.824,-40.21],[-71.678,-40.34],[-71.804,-40.426],[-71.873,-40.647],[-71.956,-40.72],[-71.851,-40.938],[-71.873,-41.249],[-71.904,-41.368],[-71.853,-41.567],[-71.926,-41.623],[-71.794,-41.867],[-71.736,-42.084],[-71.948,-42.167],[-72.04,-42.145],[-72.125,-42.263],[-72.042,-42.491],[-72.148,-42.593],[-72.113,-42.864],[-72.149,-42.999],[-72.01,-43.12],[-71.743,-43.19],[-71.751,-43.295],[-71.902,-43.322],[-71.937,-43.457],[-71.874,-43.539],[-71.724,-43.595],[-71.704,-43.672],[-71.803,-43.726],[-71.66,-43.926],[-71.762,-44.064],[-71.859,-44.108],[-71.806,-44.223],[-71.822,-44.403],[-71.438,-44.402],[-71.21,-44.428],[-71.123,-44.53],[-71.241,-44.658],[-71.238,-44.748],[-71.336,-44.802],[-71.497,-44.743],[-71.855,-44.791],[-72.048,-44.755],[-72.074,-44.902],[-71.889,-44.947],[-71.76,-44.932],[-71.589,-44.978],[-71.497,-45.112],[-71.312,-45.299],[-71.508,-45.408],[-71.526,-45.519],[-71.765,-45.572],[-71.799,-45.74],[-71.743,-45.858],[-71.612,-45.971],[-71.77,-46.113],[-71.915,-46.152],[-71.763,-46.245],[-71.752,-46.393],[-71.685,-46.519],[-71.687,-46.69],[-71.934,-46.8],[-71.97,-46.934],[-71.915,-46.998],[-72,-47.042],[-71.863,-47.169],[-71.913,-47.235],[-72.041,-47.204],[-72.029,-47.27],[-72.171,-47.408],[-72.329,-47.426],[-72.344,-47.602],[-72.544,-47.915],[-72.343,-48.07],[-72.295,-48.333],[-72.577,-48.452],[-72.592,-48.791],[-72.743,-48.914],[-73.01,-48.99],[-73.183,-49.239],[-73.098,-49.273],[-73.119,-49.392],[-73.06,-49.555],[-73.197,-49.682],[-73.465,-49.76],[-73.573,-49.932],[-73.481,-50.023],[-73.531,-50.141],[-73.323,-50.268],[-73.274,-50.364],[-73.262,-50.557],[-73.178,-50.749],[-73.096,-50.771],[-72.778,-50.62],[-72.618,-50.667],[-72.506,-50.601],[-72.303,-50.649],[-72.338,-50.761],[-72.263,-50.836],[-72.293,-51.029],[-72.397,-51.092],[-72.258,-51.231],[-72.351,-51.476],[-72.45,-51.553],[-72.352,-51.583],[-72.281,-51.701],[-72.073,-51.779],[-71.958,-51.868],[-71.918,-51.99],[-69.953,-52.007],[-69.485,-52.132],[-69.212,-52.138],[-68.82,-52.243],[-68.454,-52.3],[-68.449,-52.347],[-68.366,-52.306],[-68.685,-52.005],[-68.936,-51.646],[-69.305,-51.593],[-69.617,-51.625],[-69.284,-51.56],[-69.12,-51.605],[-68.982,-51.572],[-68.964,-51.501],[-69.063,-51.321],[-69.168,-50.978],[-69.39,-51.049],[-69.137,-50.903],[-69.15,-50.742],[-69.077,-50.56],[-68.876,-50.331],[-68.438,-50.201],[-68.35,-50.149],[-68.467,-50.1],[-68.601,-49.973],[-68.654,-49.758],[-68.399,-50.075],[-68.328,-50.12],[-68.076,-50.087],[-67.833,-49.955],[-67.732,-49.781],[-67.637,-49.247],[-67.725,-49.391],[-67.814,-49.391],[-67.61,-49.178],[-67.557,-49.016],[-67.406,-48.904],[-67.198,-48.818],[-67.114,-48.674],[-66.866,-48.59],[-66.651,-48.431],[-66.341,-48.353],[-66.301,-48.252],[-66.132,-48.136],[-65.903,-48.079],[-65.968,-48.047],[-65.927,-47.941],[-65.762,-47.912],[-65.853,-47.88],[-65.902,-47.77],[-66.096,-47.787],[-66.032,-47.74],[-65.846,-47.742],[-65.736,-47.51],[-65.713,-47.341],[-65.745,-47.204],[-65.98,-47.066],[-66.2,-47.09],[-66.786,-47.007],[-67.13,-46.707],[-67.423,-46.567],[-67.541,-46.401],[-67.622,-46.164],[-67.548,-45.933],[-67.377,-45.794],[-67.332,-45.613],[-67.065,-45.35],[-66.869,-45.236],[-66.524,-45.216],[-66.588,-45.139],[-66.2,-44.993],[-65.964,-45.042],[-65.603,-45.028],[-65.534,-44.934],[-65.715,-44.87],[-65.686,-44.713],[-65.543,-44.62],[-65.395,-44.594],[-65.332,-44.461],[-65.217,-44.366],[-65.305,-44.24],[-65.215,-44.137],[-65.318,-43.832],[-65.334,-43.673],[-65.275,-43.587],[-65.032,-43.378],[-65.032,-43.299],[-64.765,-43.147],[-64.448,-43.069],[-64.316,-42.95],[-64.433,-42.976],[-64.645,-42.925],[-64.997,-42.785],[-64.946,-42.654],[-64.823,-42.627],[-64.615,-42.515],[-64.438,-42.507],[-64.323,-42.542],[-64.196,-42.644],[-64.251,-42.775],[-64.108,-42.884],[-63.737,-42.825],[-63.62,-42.751],[-63.579,-42.593],[-63.59,-42.341],[-63.71,-42.134],[-63.81,-42.07],[-64.297,-42.258],[-64.068,-42.27],[-64.052,-42.372],[-64.128,-42.433],[-64.445,-42.447],[-64.602,-42.422],[-64.491,-42.249],[-64.857,-42.194],[-65.005,-42.093],[-65.07,-41.986],[-65,-41.793],[-65.037,-41.665],[-64.993,-41.553],[-65.061,-41.448],[-65.147,-41.181],[-65.175,-41.01],[-65.122,-40.834],[-64.89,-40.706],[-64.772,-40.737],[-64.735,-40.83],[-64.417,-40.911],[-64.174,-41.009],[-64.062,-40.999],[-63.867,-41.134],[-63.779,-41.159],[-63.1,-41.155],[-62.729,-41.041],[-62.338,-40.873],[-62.229,-40.659],[-62.325,-40.502],[-62.415,-40.462],[-62.49,-40.308],[-62.369,-40.211],[-62.305,-39.811],[-62.164,-39.859],[-62.114,-39.821],[-62.061,-39.447],[-62.136,-39.436],[-62.284,-39.311],[-62.196,-39.307],[-62.057,-39.412],[-62.024,-39.365],[-62.257,-39.256],[-62.358,-39.102],[-62.32,-38.961],[-62.39,-38.815],[-62.157,-38.81],[-62.027,-38.938],[-61.839,-38.981],[-61.731,-38.968],[-61.518,-39.011],[-61.428,-38.983],[-61.143,-39.001],[-60.866,-38.976],[-59.889,-38.838],[-59.632,-38.784],[-59.063,-38.694],[-58.729,-38.588],[-58.567,-38.559],[-58.156,-38.43],[-57.594,-38.153],[-57.536,-38.084],[-57.512,-37.872],[-57.309,-37.645],[-57.056,-37.413],[-56.889,-37.162],[-56.686,-36.928],[-56.665,-36.851],[-56.698,-36.396],[-56.768,-36.344],[-56.929,-36.364],[-57.108,-36.282],[-57.248,-36.17],[-57.366,-35.988],[-57.393,-35.863],[-57.353,-35.728],[-57.145,-35.484],[-57.134,-35.417],[-57.249,-35.249],[-57.522,-35.013],[-57.759,-34.91],[-57.871,-34.83],[-58.155,-34.75],[-58.315,-34.657],[-58.474,-34.522],[-58.511,-34.436],[-58.455,-34.366],[-58.57,-34.288],[-58.48,-34.277],[-58.379,-34.188],[-58.395,-34.031],[-58.549,-33.683],[-58.522,-33.449],[-58.412,-33.298],[-58.433,-33.232],[-58.383,-33.075],[-58.241,-33.095],[-58.147,-33.05],[-58.138,-32.9],[-58.179,-32.828],[-58.223,-32.534],[-58.2,-32.447],[-58.102,-32.311],[-58.187,-32.153],[-58.148,-32.063],[-58.169,-31.846],[-58.059,-31.811],[-57.987,-31.554],[-58.075,-31.475],[-57.99,-31.399],[-57.905,-31.241],[-57.855,-31.059],[-57.912,-30.947],[-57.807,-30.908],[-57.818,-30.712],[-57.886,-30.59],[-57.85,-30.485],[-57.653,-30.329],[-57.642,-30.193],[-57.612,-30.183],[-57.506,-30.144],[-57.325,-29.981],[-57.292,-29.815],[-57.094,-29.752],[-56.966,-29.601],[-56.677,-29.313],[-56.617,-29.161],[-56.416,-29.051],[-56.392,-28.952],[-56.301,-28.881],[-56.286,-28.78],[-56.185,-28.744],[-56.022,-28.586],[-56.012,-28.497],[-55.898,-28.461],[-55.842,-28.346],[-55.706,-28.408],[-55.664,-28.327],[-55.773,-28.232],[-55.605,-28.117],[-55.553,-28.146],[-55.441,-28.079],[-55.314,-27.915],[-55.178,-27.854],[-55.026,-27.84],[-55.081,-27.778],[-54.913,-27.737],[-54.898,-27.624],[-54.805,-27.526],[-54.774,-27.564],[-54.534,-27.487],[-54.348,-27.394],[-54.287,-27.428],[-54.177,-27.243],[-54.092,-27.285],[-53.964,-27.154],[-53.842,-27.164],[-53.711,-26.874],[-53.746,-26.694],[-53.724,-26.376],[-53.667,-26.219],[-53.765,-26.028],[-53.826,-25.973],[-53.837,-25.809],[-53.91,-25.629],[-54.126,-25.552],[-54.107,-25.501],[-54.403,-25.59],[-54.461,-25.642],[-54.6,-25.575],[-54.643,-25.688],[-54.588,-25.811],[-54.606,-25.947],[-54.662,-25.98],[-54.638,-26.197],[-54.706,-26.442],[-54.79,-26.529],[-54.793,-26.645],[-54.903,-26.66],[-54.975,-26.788],[-55.126,-26.864],[-55.138,-26.954],[-55.281,-26.934],[-55.431,-26.996],[-55.462,-27.098],[-55.598,-27.168],[-55.591,-27.328],[-55.755,-27.444],[-55.913,-27.328],[-56.125,-27.299],[-56.28,-27.39],[-56.368,-27.581],[-56.461,-27.554],[-56.546,-27.455],[-56.771,-27.507],[-56.904,-27.419],[-57.076,-27.484],[-57.18,-27.487],[-57.335,-27.409],[-57.536,-27.407],[-57.698,-27.334],[-58.022,-27.26],[-58.511,-27.278],[-58.604,-27.316],[-58.653,-27.156],[-58.512,-27.06],[-58.46,-26.928],[-58.329,-26.884],[-58.34,-26.809],[-58.248,-26.758],[-58.236,-26.65],[-58.165,-26.592],[-58.213,-26.545],[-58.17,-26.27],[-58.106,-26.24],[-58.087,-26.127],[-57.873,-26.01],[-57.906,-25.969],[-57.802,-25.831],[-57.754,-25.673],[-57.623,-25.615],[-57.557,-25.46],[-57.641,-25.373],[-57.754,-25.181],[-57.89,-25.079],[-57.984,-25.074],[-58.224,-24.941],[-58.312,-24.994],[-58.473,-24.851],[-58.809,-24.777],[-59.001,-24.644],[-59.341,-24.488],[-59.46,-24.359],[-60.034,-24.007],[-60.328,-24.018],[-60.578,-23.944],[-60.595,-23.907],[-60.838,-23.872],[-61.006,-23.805],[-61.119,-23.666],[-61.11,-23.607],[-61.297,-23.481],[-61.492,-23.413],[-61.605,-23.289],[-61.744,-23.235],[-61.845,-23.097],[-61.956,-23.034],[-62.036,-22.885],[-62.171,-22.717],[-62.287,-22.484],[-62.368,-22.464],[-62.633,-22.296],[-62.65,-22.234],[-62.791,-22.113],[-62.804,-22.004],[-63.639,-21.997],[-63.74,-22.051],[-63.813,-22.003],[-63.948,-22.008],[-64.161,-22.438],[-64.251,-22.541],[-64.295,-22.763],[-64.344,-22.864],[-64.369,-22.73],[-64.454,-22.643],[-64.428,-22.542],[-64.572,-22.343],[-64.587,-22.213],[-65.02,-22.097],[-65.457,-22.101],[-65.58,-22.086],[-65.745,-22.114],[-65.933,-21.945],[-66.047,-21.918],[-66.094,-21.833],[-66.24,-21.792],[-66.297,-22.05],[-66.377,-22.127],[-66.736,-22.225],[-66.785,-22.428],[-67.033,-22.525],[-67.038,-22.655],[-67.194,-22.822]]],[[[-68.642,-54.783],[-68.52,-54.852],[-68.328,-54.842],[-68.302,-54.792],[-68.078,-54.846],[-67.031,-54.905],[-66.803,-54.943],[-66.541,-55.051],[-66.317,-54.995],[-65.993,-54.972],[-65.988,-54.911],[-65.719,-54.909],[-65.686,-54.969],[-65.429,-54.884],[-65.332,-54.914],[-65.156,-54.641],[-65.309,-54.627],[-65.698,-54.662],[-65.844,-54.647],[-66.482,-54.466],[-66.767,-54.25],[-67.298,-54.054],[-67.572,-53.908],[-67.558,-53.836],[-67.794,-53.727],[-67.984,-53.601],[-68.111,-53.344],[-68.451,-53.298],[-68.551,-53.239],[-68.521,-53.121],[-68.28,-53.015],[-68.286,-52.944],[-68.628,-52.64],[-68.635,-53.711],[-68.642,-54.783]]],[[[-63.888,-54.73],[-64.324,-54.722],[-64.759,-54.832],[-64.676,-54.903],[-64.311,-54.778],[-64.26,-54.835],[-63.888,-54.73]]],[[[-61.907,-39.137],[-62.098,-39.088],[-62.004,-39.194],[-61.868,-39.239],[-61.907,-39.137]]],[[[-62.155,-40.374],[-62.237,-40.51],[-62.109,-40.564],[-62.029,-40.455],[-62.155,-40.374]]],[[[-62.119,-40.131],[-62.133,-40.181],[-62.021,-40.344],[-62.015,-40.175],[-62.119,-40.131]]]]},"properties":{"NAME":"Argentina","ADMIN":"Argentina","ISO_A2":"AR","ISO_A3":"ARG","CONTINENT":"South America","SUBREGION":"South America","POP_EST":44938712,"GDP_MD":445445,"LABEL_X":-64.173331,"LABEL_Y":-33.501159,"ID":"ARG"}},{"type":"Feature","geometry":{"type":"MultiPolygon","coordinates":[[[[33.703,34.988],[33.52,35.044],[33.446,35.001],[33.416,35.16],[33.309,35.116],[33.174,35.163],[32.922,35.072],[32.816,35.063],[32.692,35.184],[32.554,35.178],[32.45,35.059],[32.287,35.097],[32.329,34.886],[32.413,34.753],[32.666,34.652],[32.832,34.701],[32.885,34.667],[33.246,34.698],[33.606,34.822],[33.703,34.988]]],[[[33.898,35.061],[33.799,35.039],[33.892,34.958],[34.099,34.965],[34.022,35.057],[33.898,35.061]]]]},"properties":{"NAME":"Cyprus","ADMIN":"Cyprus","ISO_A2":"CY","ISO_A3":"CYP","CONTINENT":"Asia","SUBREGION":"Western Asia","POP_EST":1198575,"GDP_MD":24948,"LABEL_X":33.084182,"LABEL_Y":34.913329,"ID":"CYP"}},{"type":"Feature","geometry":{"type":"MultiPolygon","coordinates":[[[[77.8,35.495],[77.049,35.11],[77.013,34.986],[76.921,34.921],[76.782,34.931],[76.744,34.819],[76.553,34.726],[76.4,34.751],[76.262,34.685],[76.023,34.677],[75.777,34.504],[75.612,34.498],[75.348,34.557],[75.213,34.645],[75.018,34.63],[74.665,34.688],[74.412,34.764],[74.286,34.769],[74.121,34.691],[73.919,34.643],[73.926,34.565],[73.775,34.371],[73.938,34.304],[73.998,34.197],[73.884,34.084],[73.946,34.01],[74.228,34.013],[74.272,33.962],[74.142,33.844],[74.035,33.829],[73.977,33.759],[73.977,33.648],[74.142,33.549],[74.105,33.345],[74.002,33.27],[74.002,33.178],[74.154,33.04],[74.322,32.972],[74.307,32.81],[74.521,32.745],[74.685,32.831],[74.63,32.588],[74.725,32.461],[75.024,32.466],[75.196,32.397],[75.359,32.262],[75.295,32.149],[75.174,32.087],[75.041,32.098],[74.956,32.032],[74.829,32.025],[74.784,31.943],[74.698,31.95],[74.566,31.841],[74.489,31.711],[74.612,31.44],[74.532,31.303],[74.506,31.175],[74.659,31.084],[74.401,30.893],[74.33,30.9],[74.164,30.665],[74.057,30.592],[74.058,30.531],[73.842,30.353],[73.944,30.188],[73.74,30.048],[73.558,30.013],[73.37,29.927],[73.233,29.537],[73.051,29.228],[72.902,29.023],[72.382,28.784],[72.256,28.646],[72.15,28.354],[71.988,28.228],[71.892,28.097],[71.861,27.95],[71.561,27.869],[71.311,27.862],[71.151,27.822],[70.832,27.701],[70.71,27.741],[70.633,27.932],[70.456,28.04],[70.342,28.011],[70.091,27.794],[70.017,27.601],[69.848,27.41],[69.576,27.188],[69.508,27.05],[69.465,26.808],[69.504,26.735],[69.659,26.678],[69.816,26.58],[70.056,26.589],[70.158,26.53],[70.132,26.18],[70.065,25.98],[70.265,25.697],[70.36,25.673],[70.632,25.701],[70.657,25.634],[70.647,25.431],[70.723,25.287],[70.86,25.139],[70.893,25.002],[71.064,24.683],[70.955,24.585],[70.977,24.465],[71.083,24.412],[70.918,24.362],[70.858,24.272],[70.755,24.231],[70.622,24.241],[70.56,24.287],[70.521,24.425],[70.11,24.305],[70.052,24.202],[69.972,24.165],[69.769,24.163],[69.671,24.189],[69.563,24.277],[69.281,24.284],[68.963,24.257],[68.89,24.319],[68.849,24.244],[68.799,24.329],[68.726,24.289],[68.724,23.965],[68.432,23.967],[68.183,23.842],[68.164,23.758],[68.276,23.666],[68.157,23.601],[68.327,23.587],[68.411,23.701],[68.588,23.776],[68.633,23.833],[68.822,23.878],[68.539,23.684],[68.428,23.631],[68.486,23.514],[68.424,23.446],[68.607,23.326],[68.623,23.192],[68.866,23.02],[69.239,22.842],[69.586,22.761],[69.716,22.747],[69.833,22.858],[70.204,22.952],[70.233,23],[70.399,22.946],[70.399,23.069],[70.467,23.13],[70.527,23.024],[70.375,22.903],[70.178,22.562],[69.962,22.535],[69.789,22.423],[69.733,22.48],[69.616,22.356],[69.548,22.452],[69.485,22.348],[69.212,22.274],[69.206,22.399],[69.072,22.399],[69.074,22.482],[68.974,22.405],[68.945,22.295],[68.994,22.204],[69.198,21.98],[69.63,21.616],[69.815,21.434],[70.054,21.153],[70.337,20.927],[70.542,20.808],[70.84,20.702],[70.982,20.71],[71.319,20.849],[71.462,20.885],[72.105,21.205],[72.105,21.315],[72.242,21.481],[72.296,21.654],[72.166,21.794],[72.022,21.774],[72.004,21.858],[72.169,21.841],[72.128,21.984],[72.258,22.012],[72.308,22.079],[72.306,22.23],[72.397,22.367],[72.392,22.253],[72.479,22.233],[72.553,22.282],[72.847,22.24],[72.748,22.164],[72.634,22.21],[72.542,22.157],[72.502,21.976],[72.559,21.915],[72.623,21.967],[72.532,21.714],[72.616,21.685],[72.927,21.685],[73.126,21.767],[72.936,21.658],[72.81,21.635],[72.62,21.487],[72.565,21.386],[72.606,21.267],[72.721,21.199],[72.7,21.075],[72.816,21.121],[72.85,21.048],[72.767,21.039],[72.865,20.897],[72.837,20.836],[72.945,20.77],[72.899,20.732],[72.879,20.512],[72.748,20.28],[72.708,20.013],[72.65,19.842],[72.718,19.607],[72.796,19.527],[72.747,19.468],[72.788,19.345],[72.973,19.294],[72.785,19.314],[72.818,19.175],[72.796,18.985],[72.934,19.034],[72.975,19.163],[72.988,18.999],[72.897,18.894],[72.982,18.871],[72.852,18.77],[72.91,18.559],[72.91,18.368],[73.074,18.224],[72.977,18.243],[72.981,18.081],[73.123,17.723],[73.165,17.413],[73.249,17.285],[73.211,17.275],[73.276,17.079],[73.275,16.849],[73.322,16.692],[73.307,16.563],[73.42,16.217],[73.447,16.069],[73.588,15.903],[73.687,15.713],[73.796,15.449],[73.937,15.411],[73.783,15.408],[73.891,15.343],[73.947,15.161],[73.913,15.079],[74.031,14.995],[74.036,14.921],[74.125,14.846],[74.096,14.793],[74.263,14.702],[74.301,14.527],[74.343,14.564],[74.389,14.463],[74.505,14.01],[74.584,13.904],[74.66,13.66],[74.677,13.527],[74.818,12.862],[74.851,12.826],[74.955,12.537],[75.131,12.208],[75.194,12.022],[75.4,11.92],[75.308,11.932],[75.531,11.694],[75.617,11.474],[75.695,11.42],[75.833,11.098],[75.922,10.766],[76.052,10.514],[76.243,9.987],[76.359,9.915],[76.415,9.683],[76.407,9.569],[76.503,9.535],[76.357,9.521],[76.394,9.679],[76.346,9.816],[76.261,9.885],[76.312,9.493],[76.363,9.325],[76.559,8.891],[76.696,8.74],[76.996,8.368],[77.316,8.128],[77.511,8.076],[78.063,8.373],[78.128,8.488],[78.115,8.658],[78.169,8.734],[78.178,8.861],[78.24,8.966],[78.45,9.117],[78.619,9.141],[78.957,9.275],[79.293,9.25],[79.424,9.159],[79.32,9.323],[79.252,9.289],[79.04,9.315],[78.913,9.474],[78.981,9.667],[79.2,9.97],[79.279,10.036],[79.236,10.167],[79.305,10.268],[79.398,10.325],[79.587,10.344],[79.58,10.296],[79.76,10.258],[79.633,10.329],[79.851,10.282],[79.864,10.379],[79.841,10.95],[79.855,11.16],[79.833,11.342],[79.696,11.303],[79.786,11.426],[79.752,11.577],[79.786,11.769],[79.862,12.022],[80.156,12.475],[80.229,12.675],[80.286,13.068],[80.348,13.349],[80.22,13.488],[80.119,13.501],[80.053,13.619],[80.142,13.729],[80.31,13.479],[80.221,13.697],[80.237,13.84],[80.164,13.988],[80.128,14.257],[80.175,14.345],[80.197,14.565],[80.111,14.705],[80.055,15.014],[80.091,15.305],[80.198,15.503],[80.263,15.675],[80.36,15.776],[80.554,15.881],[80.67,15.908],[80.776,15.884],[80.807,15.716],[80.89,15.895],[81.005,15.779],[80.999,15.847],[81.155,15.986],[81.249,16.32],[81.411,16.383],[81.763,16.323],[81.993,16.408],[82.307,16.58],[82.362,16.859],[82.268,16.867],[82.299,17.03],[82.475,17.206],[82.719,17.349],[82.897,17.409],[83.088,17.531],[83.239,17.593],[83.418,17.806],[83.466,17.902],[83.614,18.045],[83.775,18.14],[84.077,18.272],[84.144,18.375],[84.424,18.636],[84.665,18.93],[84.872,19.22],[85.18,19.475],[85.337,19.575],[85.391,19.691],[85.261,19.656],[85.203,19.517],[85.103,19.53],[85.221,19.736],[85.464,19.903],[85.57,19.876],[85.563,19.757],[85.427,19.704],[85.45,19.667],[85.744,19.766],[86.078,19.844],[86.372,19.965],[86.168,20.073],[86.275,20.067],[86.397,19.983],[86.495,20.184],[86.717,20.287],[86.789,20.39],[86.72,20.368],[86.774,20.512],[86.995,20.671],[86.952,20.849],[86.844,21.082],[86.837,21.175],[86.918,21.327],[87.064,21.475],[87.201,21.552],[87.342,21.562],[87.621,21.651],[87.704,21.656],[87.97,21.836],[88.051,21.985],[88.141,22.06],[88.161,22.157],[88.008,22.205],[87.948,22.278],[87.94,22.413],[88.009,22.24],[88.198,22.168],[88.222,22.078],[88.147,21.959],[88.204,21.805],[88.181,21.685],[88.249,21.558],[88.306,21.572],[88.356,21.685],[88.393,21.6],[88.456,21.624],[88.458,21.759],[88.531,21.824],[88.53,21.658],[88.494,21.535],[88.572,21.558],[88.624,21.778],[88.567,21.851],[88.639,22.11],[88.626,21.956],[88.69,21.946],[88.731,22.037],[88.685,21.697],[88.762,21.556],[88.882,21.672],[89,21.603],[89.085,21.675],[89.01,21.905],[89.061,21.938],[89.06,22.13],[89.003,22.428],[88.908,22.741],[88.945,22.848],[88.843,22.965],[88.851,23.075],[88.955,23.184],[88.84,23.235],[88.71,23.241],[88.686,23.293],[88.768,23.467],[88.719,23.468],[88.54,23.65],[88.594,23.867],[88.714,23.925],[88.725,24.029],[88.678,24.154],[88.75,24.223],[88.66,24.338],[88.635,24.294],[88.475,24.315],[88.139,24.495],[88.022,24.646],[88.053,24.755],[88.141,24.845],[88.115,24.916],[88.202,24.945],[88.314,24.868],[88.426,25.051],[88.431,25.173],[88.599,25.193],[88.784,25.161],[88.924,25.168],[88.975,25.303],[88.849,25.327],[88.772,25.502],[88.678,25.466],[88.53,25.5],[88.424,25.592],[88.419,25.654],[88.227,25.804],[88.128,25.775],[88.074,25.908],[88.164,26.14],[88.309,26.206],[88.432,26.362],[88.498,26.353],[88.461,26.454],[88.314,26.482],[88.398,26.559],[88.656,26.415],[88.808,26.233],[88.903,26.273],[89.04,26.247],[88.892,26.369],[88.95,26.437],[89.096,26.335],[89.069,26.287],[89.132,26.134],[89.351,25.997],[89.549,25.969],[89.603,26.055],[89.563,26.143],[89.658,26.208],[89.834,25.932],[89.787,25.839],[89.834,25.635],[89.795,25.374],[89.835,25.282],[89.908,25.297],[90.13,25.212],[90.365,25.15],[90.738,25.169],[90.822,25.142],[91.236,25.202],[91.471,25.134],[91.662,25.127],[91.73,25.167],[92.002,25.183],[92.304,25.074],[92.458,24.953],[92.478,24.864],[92.381,24.837],[92.252,24.903],[92.234,24.778],[92.108,24.406],[91.922,24.345],[91.865,24.151],[91.733,24.234],[91.733,24.164],[91.625,24.203],[91.559,24.09],[91.363,24.1],[91.339,23.995],[91.216,23.908],[91.141,23.612],[91.227,23.469],[91.301,23.142],[91.371,23.063],[91.372,23.262],[91.464,23.184],[91.503,23.044],[91.586,22.944],[91.695,22.988],[91.796,23.089],[91.744,23.272],[91.792,23.368],[91.941,23.495],[91.937,23.724],[92.004,23.647],[92.151,23.732],[92.194,23.648],[92.259,23.706],[92.253,23.609],[92.357,23.289],[92.328,23.171],[92.352,22.96],[92.426,22.871],[92.496,22.696],[92.501,22.561],[92.577,22.169],[92.537,22.129],[92.576,21.978],[92.651,22.019],[92.684,22.154],[92.854,22.024],[92.979,21.995],[93.025,22.202],[93.142,22.187],[93.166,22.387],[93.099,22.512],[93.08,22.773],[93.176,22.882],[93.138,23.005],[93.197,23.054],[93.299,23.018],[93.375,23.13],[93.384,23.313],[93.432,23.647],[93.375,23.739],[93.356,23.907],[93.303,24.041],[93.368,24.078],[93.457,23.96],[93.612,24.009],[93.743,23.995],[93.804,23.936],[93.998,23.917],[94.1,23.843],[94.19,23.995],[94.29,24.317],[94.516,24.705],[94.59,24.747],[94.709,25.026],[94.689,25.139],[94.577,25.174],[94.55,25.245],[94.608,25.395],[94.764,25.492],[94.961,25.718],[95.009,25.737],[95.001,25.922],[95.151,26.05],[95.088,26.104],[95.046,26.248],[95.041,26.476],[95.119,26.604],[95.205,26.668],[95.393,26.692],[95.49,26.811],[95.591,26.824],[95.778,26.995],[95.889,27.027],[96.013,27.191],[96.143,27.258],[96.511,27.292],[96.587,27.354],[96.759,27.342],[96.86,27.241],[96.843,27.189],[97.027,27.091],[97.135,27.127],[96.905,27.408],[96.87,27.619],[97.06,27.75],[97.223,27.9],[97.334,27.894],[97.362,27.995],[97.293,28.095],[97.323,28.217],[97.116,28.367],[96.934,28.337],[96.717,28.437],[96.562,28.447],[96.37,28.378],[96.302,28.421],[96.502,28.644],[96.598,28.71],[96.577,28.809],[96.458,28.995],[96.367,29.037],[96.195,28.941],[96.175,29.109],[96.316,29.172],[96.337,29.28],[96.205,29.257],[96.142,29.368],[95.745,29.34],[95.717,29.218],[95.592,29.25],[95.515,29.209],[95.488,29.069],[95.367,29.036],[95.048,29.141],[94.777,29.167],[94.704,29.285],[94.63,29.319],[94.529,29.231],[94.396,29.207],[94.271,29.098],[94.347,29.024],[94.25,28.933],[93.992,28.845],[93.928,28.683],[93.863,28.705],[93.446,28.672],[93.317,28.603],[93.186,28.432],[93.208,28.341],[92.975,28.282],[92.85,28.192],[92.779,28.196],[92.655,28.106],[92.736,27.986],[92.575,27.848],[92.404,27.854],[92.304,27.786],[92.24,27.865],[92.065,27.762],[91.865,27.73],[91.827,27.808],[91.628,27.853],[91.58,27.658],[91.595,27.546],[91.657,27.479],[91.78,27.456],[91.975,27.472],[92.085,27.304],[91.996,27.158],[92,27.072],[92.084,26.937],[92.036,26.855],[91.893,26.881],[91.879,26.803],[91.795,26.854],[91.702,26.803],[91.521,26.798],[91.406,26.87],[91.276,26.774],[91.198,26.802],[90.717,26.767],[90.588,26.78],[90.383,26.892],[90.177,26.832],[90.089,26.742],[89.817,26.696],[89.598,26.721],[89.611,26.766],[89.443,26.797],[89.342,26.854],[89.097,26.821],[88.886,26.979],[88.852,26.945],[88.828,27.098],[88.73,27.151],[88.892,27.316],[88.774,27.409],[88.741,27.546],[88.806,27.655],[88.854,27.844],[88.818,27.995],[88.61,28.106],[88.379,27.983],[88.116,27.947],[88.118,27.861],[88.16,27.774],[88.023,27.495],[88.035,27.323],[87.971,27.103],[88.077,26.992],[88.155,26.846],[88.169,26.744],[88.074,26.454],[87.975,26.367],[87.871,26.461],[87.769,26.451],[87.587,26.378],[87.384,26.419],[87.326,26.353],[87.083,26.432],[87.041,26.58],[86.796,26.432],[86.714,26.415],[86.284,26.612],[86.203,26.585],[86.011,26.654],[85.822,26.572],[85.713,26.653],[85.688,26.812],[85.599,26.854],[85.287,26.737],[85.195,26.759],[85.162,26.851],[85.019,26.846],[84.924,26.956],[84.802,27.014],[84.64,27.028],[84.658,27.203],[84.577,27.329],[84.289,27.376],[84.08,27.51],[84.008,27.441],[83.834,27.434],[83.855,27.345],[83.59,27.457],[83.361,27.462],[83.305,27.332],[83.133,27.444],[83.01,27.443],[82.752,27.495],[82.652,27.704],[82.402,27.677],[82.052,27.905],[81.976,27.917],[81.883,27.849],[81.458,28.077],[81.396,28.161],[81.307,28.124],[81.146,28.372],[81,28.397],[80.782,28.515],[80.648,28.62],[80.498,28.67],[80.493,28.576],[80.35,28.62],[80.233,28.733],[80.036,28.837],[80.133,29.11],[80.233,29.139],[80.28,29.31],[80.214,29.417],[80.385,29.605],[80.369,29.758],[80.476,29.806],[80.571,29.947],[80.654,29.971],[80.85,30.143],[80.884,30.21],[80.996,30.197],[80.976,30.255],[80.782,30.321],[80.723,30.392],[80.326,30.547],[80.18,30.559],[80.167,30.662],[80.231,30.725],[80.169,30.785],[80.063,30.785],[79.834,30.962],[79.739,30.979],[79.578,30.938],[79.402,31.024],[79.302,31.163],[79.238,31.33],[79.07,31.461],[78.921,31.27],[78.738,31.335],[78.763,31.445],[78.7,31.51],[78.819,31.607],[78.671,31.771],[78.745,31.964],[78.649,32.036],[78.513,32.208],[78.458,32.23],[78.452,32.417],[78.381,32.528],[78.448,32.566],[78.63,32.578],[78.713,32.638],[78.771,32.462],[78.911,32.355],[79.075,32.371],[79.113,32.472],[79.287,32.533],[79.32,32.592],[79.443,32.535],[79.621,32.729],[79.414,32.972],[79.373,33.112],[79.456,33.25],[79.42,33.275],[79.098,33.288],[78.965,33.344],[78.824,33.461],[78.781,33.553],[78.794,33.744],[78.721,33.994],[78.73,34.079],[78.976,34.217],[78.922,34.372],[78.802,34.415],[78.607,34.546],[78.379,34.579],[78.273,34.659],[78.13,35.055],[78.001,35.269],[78.056,35.453],[77.986,35.494],[77.883,35.431],[77.8,35.495]]],[[[80.968,15.795],[80.869,15.812],[80.943,15.741],[80.968,15.795]]],[[[93.92,7.024],[93.865,7.201],[93.814,7.242],[93.676,7.182],[93.649,7.013],[93.718,6.993],[93.834,6.746],[93.89,6.801],[93.92,7.024]]],[[[93.731,7.369],[93.697,7.445],[93.594,7.315],[93.644,7.258],[93.731,7.369]]],[[[93.429,7.955],[93.391,8.016],[93.305,7.95],[93.368,7.879],[93.454,7.869],[93.429,7.955]]],[[[93.532,8.035],[93.523,8.226],[93.447,8.164],[93.532,8.035]]],[[[93.135,8.24],[93.101,8.346],[93.06,8.291],[93.135,8.24]]],[[[92.811,9.231],[92.709,9.202],[92.731,9.131],[92.832,9.145],[92.811,9.231]]],[[[92.585,10.771],[92.528,10.895],[92.377,10.784],[92.417,10.629],[92.378,10.541],[92.513,10.508],[92.574,10.581],[92.585,10.771]]],[[[93.042,11.961],[92.981,12.036],[92.947,11.99],[93.066,11.899],[93.042,11.961]]],[[[92.733,12.972],[92.683,12.962],[92.683,12.797],[92.733,12.972]]],[[[93.053,13.284],[93.004,13.331],[93.06,13.407],[93.042,13.571],[92.945,13.537],[92.841,13.325],[92.864,13.236],[92.808,13.02],[92.8,12.858],[92.737,12.807],[92.783,12.665],[92.722,12.599],[92.718,12.362],[92.793,12.208],[92.682,12.22],[92.64,12.136],[92.621,11.875],[92.54,11.894],[92.56,11.741],[92.717,11.494],[92.765,11.619],[92.746,11.684],[92.797,11.865],[92.737,11.961],[92.757,12.077],[92.892,12.201],[92.913,12.334],[92.847,12.434],[92.936,12.42],[92.991,12.519],[92.964,12.865],[92.877,12.912],[92.943,12.954],[92.937,13.067],[93.02,13.034],[93.053,13.284]]],[[[88.051,21.705],[88.13,21.626],[88.163,21.705],[88.147,21.87],[88.051,21.705]]],[[[88.636,21.921],[88.586,21.843],[88.646,21.788],[88.636,21.921]]]]},"properties":{"NAME":"India","ADMIN":"India","ISO_A2":"IN","ISO_A3":"IND","CONTINENT":"Asia","SUBREGION":"Southern Asia","POP_EST":1366417754,"GDP_MD":2868929,"LABEL_X":79.358105,"LABEL_Y":22.686852,"ID":"IND"}},{"type":"Feature","geometry":{"type":"MultiPolygon","coordinates":[[[[77.8,35.495],[77.883,35.431],[77.986,35.494],[78.056,35.453],[78.001,35.269],[78.13,35.055],[78.273,34.659],[78.379,34.579],[78.607,34.546],[78.802,34.415],[78.922,34.372],[78.976,34.217],[78.73,34.079],[78.721,33.994],[78.794,33.744],[78.781,33.553],[78.824,33.461],[78.965,33.344],[79.098,33.288],[79.42,33.275],[79.456,33.25],[79.373,33.112],[79.414,32.972],[79.621,32.729],[79.443,32.535],[79.32,32.592],[79.287,32.533],[79.113,32.472],[79.075,32.371],[78.911,32.355],[78.771,32.462],[78.713,32.638],[78.63,32.578],[78.448,32.566],[78.381,32.528],[78.452,32.417],[78.458,32.23],[78.513,32.208],[78.649,32.036],[78.745,31.964],[78.671,31.771],[78.819,31.607],[78.7,31.51],[78.763,31.445],[78.738,31.335],[78.921,31.27],[79.07,31.461],[79.238,31.33],[79.302,31.163],[79.402,31.024],[79.578,30.938],[79.739,30.979],[79.834,30.962],[80.063,30.785],[80.169,30.785],[80.231,30.725],[80.167,30.662],[80.18,30.559],[80.326,30.547],[80.723,30.392],[80.782,30.321],[80.976,30.255],[80.996,30.197],[81.098,30.017],[81.195,30.004],[81.322,30.134],[81.377,30.241],[81.388,30.374],[81.483,30.332],[81.592,30.414],[81.779,30.358],[82.089,30.33],[82.096,30.213],[82.156,30.181],[82.145,30.069],[82.394,30.003],[82.542,29.923],[82.837,29.66],[82.976,29.664],[83.08,29.58],[83.162,29.625],[83.328,29.485],[83.517,29.192],[83.656,29.161],[83.72,29.234],[83.883,29.282],[84.099,29.247],[84.132,29.144],[84.231,29.026],[84.235,28.9],[84.354,28.861],[84.451,28.734],[84.607,28.698],[84.678,28.604],[84.919,28.536],[85.055,28.639],[85.168,28.583],[85.078,28.436],[85.08,28.319],[85.345,28.261],[85.432,28.297],[85.612,28.251],[85.693,28.335],[85.757,28.203],[85.848,28.159],[85.98,27.885],[86.113,27.927],[86.069,28.077],[86.156,28.157],[86.203,28.003],[86.439,27.911],[86.497,27.938],[86.544,28.093],[86.662,28.107],[86.74,28.021],[86.893,27.954],[87.031,27.938],[87.156,27.826],[87.369,27.804],[87.532,27.837],[87.727,27.808],[87.826,27.907],[88.118,27.861],[88.116,27.947],[88.379,27.983],[88.61,28.106],[88.818,27.995],[88.854,27.844],[88.806,27.655],[88.741,27.546],[88.774,27.409],[88.892,27.316],[88.997,27.331],[88.951,27.433],[89.051,27.608],[89.127,27.627],[89.225,27.808],[89.336,27.869],[89.445,28.031],[89.561,28.135],[89.756,28.184],[89.863,28.296],[90.226,28.358],[90.291,28.261],[90.354,28.299],[90.588,28.233],[90.475,28.072],[90.684,28.087],[91.093,27.972],[91.176,28.057],[91.29,28.091],[91.419,27.995],[91.622,27.951],[91.628,27.853],[91.827,27.808],[91.865,27.73],[92.065,27.762],[92.24,27.865],[92.304,27.786],[92.404,27.854],[92.575,27.848],[92.736,27.986],[92.655,28.106],[92.779,28.196],[92.85,28.192],[92.975,28.282],[93.208,28.341],[93.186,28.432],[93.317,28.603],[93.446,28.672],[93.863,28.705],[93.928,28.683],[93.992,28.845],[94.25,28.933],[94.347,29.024],[94.271,29.098],[94.396,29.207],[94.529,29.231],[94.63,29.319],[94.704,29.285],[94.777,29.167],[95.048,29.141],[95.367,29.036],[95.488,29.069],[95.515,29.209],[95.592,29.25],[95.717,29.218],[95.745,29.34],[96.142,29.368],[96.205,29.257],[96.337,29.28],[96.316,29.172],[96.175,29.109],[96.195,28.941],[96.367,29.037],[96.458,28.995],[96.577,28.809],[96.598,28.71],[96.502,28.644],[96.302,28.421],[96.37,28.378],[96.562,28.447],[96.717,28.437],[96.934,28.337],[97.116,28.367],[97.323,28.217],[97.448,28.298],[97.445,28.383],[97.546,28.538],[97.67,28.511],[97.74,28.383],[97.859,28.37],[97.993,28.269],[97.991,28.214],[98.119,28.141],[98.107,27.973],[98.177,27.898],[98.204,27.727],[98.295,27.537],[98.383,27.556],[98.41,27.684],[98.578,27.592],[98.679,27.577],[98.674,27.387],[98.704,27.304],[98.673,27.176],[98.738,27.049],[98.715,26.862],[98.756,26.625],[98.717,26.409],[98.642,26.255],[98.706,26.175],[98.546,26.106],[98.582,25.982],[98.692,25.879],[98.61,25.801],[98.509,25.838],[98.333,25.567],[98.14,25.611],[98.108,25.389],[97.889,25.206],[97.824,25.262],[97.703,24.96],[97.773,24.855],[97.664,24.83],[97.536,24.745],[97.52,24.431],[97.64,24.439],[97.718,24.278],[97.708,24.125],[97.516,23.943],[97.637,23.864],[97.89,24.023],[98.182,24.119],[98.331,24.099],[98.503,24.121],[98.585,24.076],[98.866,24.146],[98.856,24.084],[98.663,23.97],[98.664,23.797],[98.778,23.769],[98.857,23.604],[98.781,23.533],[98.89,23.407],[98.911,23.298],[98.859,23.179],[99.026,23.16],[99.075,23.102],[99.217,23.057],[99.314,23.126],[99.493,23.057],[99.538,22.926],[99.413,22.931],[99.414,22.857],[99.308,22.745],[99.358,22.495],[99.243,22.393],[99.144,22.154],[99.253,22.103],[99.439,22.124],[99.739,22.067],[99.821,22.018],[99.942,22.046],[99.966,21.963],[99.92,21.852],[99.95,21.721],[100.146,21.649],[100.09,21.529],[100.187,21.428],[100.327,21.524],[100.457,21.455],[100.572,21.455],[100.704,21.516],[100.877,21.677],[101.119,21.76],[101.159,21.553],[101.171,21.403],[101.235,21.364],[101.209,21.246],[101.275,21.174],[101.495,21.243],[101.584,21.224],[101.718,21.134],[101.812,21.258],[101.723,21.304],[101.735,21.554],[101.804,21.626],[101.729,21.718],[101.751,21.816],[101.607,21.968],[101.518,22.228],[101.606,22.285],[101.655,22.446],[101.785,22.472],[101.868,22.379],[101.892,22.43],[102.015,22.446],[102.119,22.398],[102.218,22.411],[102.253,22.495],[102.377,22.616],[102.443,22.765],[102.587,22.716],[102.845,22.585],[102.894,22.487],[102.989,22.438],[103.142,22.538],[103.142,22.607],[103.252,22.679],[103.31,22.788],[103.402,22.738],[103.473,22.592],[103.514,22.587],[103.59,22.768],[103.647,22.799],[103.867,22.575],[103.985,22.527],[104.024,22.719],[104.073,22.783],[104.213,22.825],[104.249,22.728],[104.34,22.686],[104.554,22.836],[104.728,22.839],[104.824,22.924],[104.798,23.086],[104.87,23.164],[104.945,23.16],[105.061,23.232],[105.218,23.265],[105.312,23.366],[105.517,23.168],[105.552,23.06],[105.69,23.044],[105.854,22.905],[105.999,22.975],[106.202,22.947],[106.234,22.864],[106.316,22.854],[106.488,22.925],[106.667,22.868],[106.747,22.744],[106.68,22.579],[106.569,22.575],[106.527,22.428],[106.555,22.332],[106.617,22.323],[106.663,22.223],[106.648,21.996],[107.009,21.927],[106.987,21.845],[107.172,21.715],[107.273,21.718],[107.348,21.599],[107.446,21.647],[107.461,21.596],[107.613,21.606],[107.745,21.658],[107.832,21.639],[107.991,21.486],[108.066,21.562],[108.253,21.595],[108.284,21.545],[108.322,21.71],[108.41,21.664],[108.42,21.557],[108.519,21.596],[108.505,21.788],[108.449,21.866],[108.636,21.884],[108.571,21.813],[108.752,21.65],[108.861,21.76],[108.855,21.685],[108.97,21.606],[109.136,21.603],[109.143,21.51],[109.04,21.45],[109.139,21.402],[109.316,21.459],[109.531,21.492],[109.573,21.582],[109.493,21.699],[109.568,21.76],[109.608,21.575],[109.677,21.623],[109.65,21.52],[109.741,21.474],[109.748,21.575],[109.803,21.473],[109.944,21.493],[109.924,21.363],[109.766,21.356],[109.773,21.215],[109.696,21.17],[109.661,20.928],[109.689,20.835],[109.773,20.822],[109.835,20.506],[109.931,20.506],[110.015,20.418],[109.975,20.355],[109.863,20.406],[109.931,20.318],[109.915,20.248],[110.027,20.301],[110.128,20.248],[110.28,20.253],[110.4,20.301],[110.534,20.478],[110.479,20.568],[110.301,20.657],[110.369,20.849],[110.157,20.849],[110.157,20.986],[110.205,21.082],[110.394,21.163],[110.366,21.306],[110.42,21.377],[110.424,21.191],[110.636,21.23],[110.705,21.349],[110.791,21.404],[110.869,21.385],[111.088,21.473],[111.301,21.499],[111.292,21.451],[111.438,21.534],[111.63,21.53],[111.78,21.675],[111.696,21.761],[111.884,21.683],[112,21.774],[111.904,21.815],[111.89,21.925],[112.013,21.804],[112.173,21.814],[112.245,21.707],[112.363,21.733],[112.404,21.812],[112.357,21.98],[112.443,21.828],[112.608,21.775],[112.645,21.849],[112.826,21.966],[112.879,21.875],[112.957,21.876],[113.029,21.961],[113.027,22.143],[113.085,22.208],[113.157,22.025],[113.231,22.043],[113.303,22.183],[113.402,22.18],[113.227,22.425],[113.166,22.479],[113.165,22.576],[113.256,22.404],[113.426,22.186],[113.484,22.155],[113.588,22.238],[113.61,22.37],[113.546,22.438],[113.599,22.575],[113.44,22.739],[113.494,22.775],[113.35,22.89],[113.43,22.931],[113.474,22.918],[113.494,23.063],[113.582,23.098],[113.533,22.996],[113.631,23.035],[113.61,22.905],[113.654,22.759],[113.744,22.761],[113.89,22.453],[113.964,22.538],[114.055,22.507],[114.396,22.614],[114.516,22.453],[114.618,22.514],[114.543,22.569],[114.583,22.655],[114.5,22.653],[114.563,22.733],[114.785,22.816],[114.754,22.59],[114.88,22.559],[115.065,22.796],[115.303,22.839],[115.233,22.788],[115.424,22.762],[115.374,22.694],[115.575,22.668],[115.524,22.742],[115.591,22.847],[115.682,22.888],[115.81,22.808],[115.826,22.747],[116.124,22.895],[116.096,22.826],[116.298,22.963],[116.495,22.939],[116.563,23.019],[116.534,23.109],[116.612,23.239],[116.647,23.163],[116.715,23.244],[116.784,23.212],[116.749,23.326],[116.588,23.316],[116.522,23.411],[116.658,23.354],[116.773,23.349],[116.867,23.45],[116.909,23.655],[116.951,23.611],[117.068,23.651],[117.084,23.551],[117.264,23.655],[117.293,23.789],[117.463,23.788],[117.5,23.874],[117.417,23.947],[117.582,23.889],[117.592,23.737],[117.649,23.909],[117.757,24.07],[117.791,24.002],[117.894,24.028],[117.944,24.213],[117.968,24.16],[118.126,24.262],[118.047,24.399],[117.907,24.385],[117.791,24.461],[117.868,24.49],[117.996,24.447],[118.058,24.516],[117.975,24.553],[118.11,24.584],[118.16,24.693],[118.219,24.541],[118.284,24.598],[118.428,24.631],[118.647,24.568],[118.764,24.752],[118.62,24.844],[118.668,24.953],[118.716,24.844],[118.997,24.953],[118.98,25.012],[118.858,25.098],[118.947,25.113],[118.963,25.194],[118.865,25.228],[118.984,25.283],[119.057,25.225],[119.034,25.159],[119.134,25.125],[119.102,25.197],[119.289,25.189],[119.344,25.242],[119.278,25.33],[119.173,25.325],[119.103,25.42],[119.238,25.482],[119.278,25.57],[119.356,25.6],[119.366,25.521],[119.505,25.475],[119.483,25.371],[119.576,25.463],[119.646,25.393],[119.558,25.564],[119.481,25.58],[119.449,25.687],[119.58,25.68],[119.583,25.82],[119.702,25.985],[119.566,26.05],[119.441,25.964],[119.247,25.967],[119.216,26.1],[119.459,25.982],[119.674,26.281],[119.877,26.313],[119.826,26.427],[119.682,26.317],[119.654,26.498],[119.762,26.407],[119.819,26.453],[119.785,26.578],[119.675,26.619],[119.6,26.57],[119.552,26.749],[119.606,26.797],[119.696,26.708],[119.798,26.841],[119.792,26.688],[119.857,26.654],[119.925,26.792],[120.078,26.786],[119.984,26.654],[119.869,26.61],[119.884,26.523],[119.96,26.611],[120.121,26.646],[120.128,26.797],[120.025,26.86],[120.126,26.927],[120.237,26.927],[120.244,27.133],[120.358,27.098],[120.518,27.202],[120.546,27.403],[120.635,27.38],[120.677,27.495],[120.597,27.57],[120.807,27.835],[120.835,27.956],[120.707,28.01],[120.965,27.987],[121.009,28.103],[121.119,28.219],[121.184,28.382],[121.262,28.226],[121.368,28.162],[121.396,28.284],[121.473,28.331],[121.581,28.301],[121.656,28.339],[121.584,28.443],[121.51,28.657],[121.455,28.69],[121.606,28.725],[121.67,28.825],[121.498,28.95],[121.684,28.915],[121.69,29.017],[121.621,29.113],[121.402,29.107],[121.491,29.176],[121.526,29.278],[121.589,29.291],[121.652,29.183],[121.746,29.202],[121.8,29.374],[121.785,29.168],[121.943,29.196],[121.916,29.391],[121.971,29.449],[121.91,29.525],[121.966,29.602],[121.916,29.641],[121.745,29.545],[121.845,29.536],[121.778,29.469],[121.725,29.538],[121.57,29.475],[121.509,29.398],[121.443,29.524],[121.531,29.51],[121.704,29.572],[121.983,29.823],[122.136,29.885],[121.936,29.887],[121.678,30.001],[121.507,30.22],[121.377,30.325],[121.15,30.326],[120.893,30.17],[120.734,30.232],[120.652,30.359],[120.43,30.39],[120.698,30.394],[120.787,30.294],[120.94,30.422],[120.978,30.543],[121.131,30.6],[121.203,30.665],[121.411,30.767],[121.631,30.837],[121.907,30.857],[121.977,30.915],[121.877,31.099],[121.725,31.282],[121.32,31.505],[121.144,31.685],[121.014,31.743],[120.748,31.802],[120.825,31.829],[120.75,31.978],[120.455,32.021],[120.456,31.983],[120.23,31.909],[120.006,31.95],[119.785,32.114],[119.789,32.199],[119.69,32.235],[119.692,32.32],[119.818,32.314],[119.992,32.016],[120.131,31.943],[120.267,31.949],[120.491,32.082],[120.634,32.077],[120.811,32.023],[120.978,31.814],[121.115,31.796],[121.286,31.891],[121.676,31.724],[121.817,31.691],[121.922,31.754],[121.822,31.952],[121.655,32.063],[121.443,32.114],[121.367,32.239],[121.419,32.25],[121.389,32.385],[121.12,32.507],[120.864,32.671],[120.908,32.844],[120.896,33.014],[120.834,33.026],[120.807,33.138],[120.73,33.205],[120.75,33.27],[120.662,33.338],[120.628,33.478],[120.484,33.65],[120.498,33.753],[120.407,33.86],[120.371,34.036],[120.257,34.312],[119.94,34.458],[119.826,34.47],[119.641,34.551],[119.347,34.781],[119.192,34.718],[119.207,35.048],[119.358,35.097],[119.429,35.321],[119.552,35.38],[119.648,35.584],[119.812,35.648],[119.905,35.625],[119.938,35.761],[120.003,35.728],[120.039,35.843],[120.189,35.945],[120.1,36.096],[120.117,36.21],[120.285,36.176],[120.286,36.264],[120.362,36.192],[120.292,36.062],[120.354,36.041],[120.697,36.144],[120.644,36.322],[120.751,36.459],[120.867,36.377],[120.95,36.459],[120.865,36.598],[120.742,36.556],[120.851,36.651],[121.032,36.59],[121.158,36.669],[121.453,36.757],[121.634,36.747],[121.637,36.831],[122.04,36.985],[122.266,36.898],[122.185,36.85],[122.32,36.823],[122.436,36.871],[122.402,36.914],[122.525,36.944],[122.54,37.028],[122.409,37.006],[122.51,37.155],[122.629,37.193],[122.571,37.345],[122.688,37.41],[122.183,37.418],[122.122,37.563],[121.938,37.464],[121.732,37.462],[121.592,37.424],[121.477,37.468],[121.375,37.611],[121.191,37.575],[121.138,37.701],[121.033,37.71],[120.926,37.819],[120.738,37.834],[120.306,37.665],[120.298,37.598],[120.06,37.44],[119.859,37.36],[119.897,37.249],[119.771,37.152],[119.441,37.121],[119.146,37.179],[118.972,37.281],[118.945,37.378],[118.977,37.611],[119.037,37.722],[119.12,37.738],[119.256,37.672],[119.243,37.769],[119.117,37.853],[118.84,38.153],[118.655,38.146],[118.543,38.068],[118.216,38.145],[118.085,38.139],[117.837,38.271],[117.716,38.379],[117.544,38.621],[117.584,38.812],[117.709,38.981],[117.775,38.981],[117.757,39.114],[117.886,39.201],[118.045,39.219],[118.141,39.173],[118.235,39.053],[118.344,39.031],[118.619,39.161],[118.796,39.152],[118.859,39.208],[119.016,39.19],[119.305,39.433],[119.256,39.493],[119.34,39.716],[119.536,39.891],[119.912,39.998],[119.95,40.057],[120.436,40.194],[120.505,40.249],[120.546,40.402],[120.798,40.6],[120.825,40.674],[121.021,40.719],[120.94,40.741],[120.991,40.831],[121.05,40.797],[121.176,40.922],[121.361,40.94],[121.575,40.841],[121.74,40.849],[121.826,40.948],[121.851,40.832],[122.049,40.746],[122.138,40.624],[122.302,40.502],[122.106,40.31],[122.092,40.227],[121.991,40.187],[121.874,39.991],[121.536,39.862],[121.457,39.748],[121.547,39.673],[121.45,39.615],[121.306,39.598],[121.223,39.529],[121.436,39.509],[121.549,39.362],[121.78,39.371],[121.593,39.192],[121.674,39.088],[121.334,38.969],[121.118,38.943],[121.153,38.728],[121.345,38.815],[121.485,38.81],[121.705,38.873],[121.592,38.949],[121.772,39.022],[121.86,38.945],[122.127,39.142],[122.115,39.201],[122.396,39.411],[122.588,39.467],[122.849,39.618],[122.964,39.612],[123.009,39.68],[123.174,39.666],[123.206,39.735],[123.387,39.79],[123.41,39.735],[123.591,39.784],[123.631,39.904],[123.72,39.831],[123.986,39.81],[124.118,39.833],[124.287,39.929],[124.37,40.098],[124.643,40.294],[124.712,40.31],[124.896,40.484],[125.026,40.457],[125.025,40.534],[125.256,40.615],[125.413,40.632],[125.56,40.778],[125.761,40.886],[126.015,40.909],[126.147,41.092],[126.261,41.143],[126.441,41.348],[126.522,41.352],[126.501,41.434],[126.618,41.666],[126.789,41.696],[126.93,41.801],[127.033,41.732],[127.097,41.612],[127.269,41.505],[127.543,41.491],[127.638,41.43],[127.849,41.431],[128.001,41.471],[128.146,41.376],[128.303,41.583],[128.159,41.712],[128.04,41.88],[128.035,41.994],[128.262,42.033],[128.502,41.996],[128.721,42.048],[128.903,42.026],[128.964,42.089],[129.211,42.22],[129.243,42.379],[129.34,42.445],[129.535,42.37],[129.592,42.448],[129.703,42.442],[129.761,42.746],[129.852,42.962],[130.121,42.982],[130.099,42.922],[130.239,42.902],[130.243,42.743],[130.325,42.65],[130.484,42.61],[130.531,42.53],[130.585,42.569],[130.407,42.735],[130.77,42.866],[130.992,42.849],[131.103,42.91],[131.085,43.042],[131.184,43.121],[131.167,43.182],[131.281,43.38],[131.167,43.521],[131.17,43.781],[131.264,44.054],[131.066,44.682],[130.933,44.842],[131.052,44.909],[131.158,44.902],[131.329,44.968],[131.42,44.959],[131.609,45.09],[131.628,45.198],[131.723,45.215],[131.818,45.333],[131.97,45.234],[132.84,45.059],[132.953,45.024],[133.115,45.123],[133.098,45.244],[133.14,45.435],[133.202,45.511],[133.425,45.58],[133.492,45.673],[133.514,45.879],[133.658,45.935],[133.719,46.079],[133.687,46.142],[133.902,46.259],[133.926,46.371],[133.849,46.48],[133.988,46.625],[134.02,46.834],[134.124,47.071],[134.227,47.118],[134.154,47.258],[134.293,47.41],[134.485,47.43],[134.683,47.588],[134.773,47.711],[134.567,48.04],[134.683,48.136],[134.701,48.262],[134.543,48.357],[134.386,48.381],[134.057,48.327],[133.982,48.285],[133.721,48.245],[133.56,48.113],[133.464,48.09],[133.185,48.125],[133.092,48.107],[132.821,47.942],[132.675,47.951],[132.659,47.87],[132.525,47.708],[132.332,47.737],[132.162,47.69],[131.894,47.67],[131.684,47.695],[131.577,47.669],[131.418,47.743],[131.023,47.682],[130.942,47.718],[130.907,47.884],[130.682,48.05],[130.822,48.334],[130.744,48.497],[130.639,48.477],[130.533,48.636],[130.674,48.871],[130.387,48.896],[130.249,48.865],[129.913,49.04],[129.711,49.274],[129.572,49.28],[129.502,49.411],[129.403,49.431],[129.362,49.35],[129.194,49.39],[129.088,49.352],[129.015,49.431],[128.75,49.485],[128.797,49.572],[128.384,49.579],[128.092,49.542],[127.992,49.599],[127.831,49.594],[127.722,49.649],[127.644,49.767],[127.508,49.822],[127.487,50.026],[127.578,50.221],[127.331,50.328],[127.289,50.466],[127.365,50.555],[127.287,50.751],[127.144,50.904],[126.932,51.064],[126.916,51.233],[126.981,51.309],[126.809,51.289],[126.902,51.401],[126.8,51.419],[126.807,51.534],[126.675,51.588],[126.714,51.723],[126.648,51.741],[126.446,51.983],[126.531,52.153],[126.317,52.2],[126.439,52.275],[126.316,52.316],[126.344,52.391],[126.212,52.533],[125.973,52.632],[126.069,52.68],[126.067,52.783],[125.977,52.765],[125.837,52.907],[125.669,52.878],[125.734,52.982],[125.621,53.062],[125.521,53.042],[125.127,53.207],[124.88,53.173],[124.896,53.118],[124.679,53.199],[124.408,53.236],[124.233,53.382],[124.122,53.353],[123.971,53.455],[123.732,53.504],[123.614,53.563],[123.542,53.514],[123.253,53.568],[123.154,53.513],[122.86,53.474],[122.471,53.465],[122.338,53.491],[122.082,53.43],[121.889,53.431],[121.512,53.33],[121.203,53.277],[120.874,53.28],[120.45,53.008],[120.28,52.866],[120.033,52.761],[120.056,52.601],[120.176,52.584],[120.43,52.636],[120.724,52.542],[120.626,52.347],[120.758,52.237],[120.779,52.118],[120.648,51.911],[120.566,51.905],[120.108,51.665],[119.977,51.487],[119.916,51.331],[119.82,51.275],[119.748,51.083],[119.518,50.905],[119.497,50.737],[119.294,50.599],[119.244,50.446],[119.141,50.377],[119.353,50.346],[119.316,50.093],[119.092,49.987],[118.644,49.955],[118.169,49.671],[117.759,49.513],[117.473,49.614],[117.253,49.622],[117.058,49.673],[116.684,49.823],[116.038,48.87],[116.028,48.767],[115.8,48.53],[115.809,48.274],[115.771,48.224],[115.515,48.122],[115.562,47.933],[115.853,47.706],[115.973,47.709],[116.084,47.807],[116.244,47.863],[116.5,47.836],[116.853,47.872],[117.07,47.81],[117.361,47.651],[117.742,47.978],[118.182,48.028],[118.542,47.966],[118.767,47.756],[119.083,47.662],[119.158,47.518],[119.31,47.476],[119.282,47.415],[119.7,47.16],[119.77,46.993],[119.893,46.906],[119.904,46.709],[119.68,46.592],[119.453,46.627],[119.317,46.612],[119.062,46.661],[118.967,46.74],[118.816,46.758],[118.72,46.677],[118.238,46.715],[117.878,46.596],[117.817,46.527],[117.696,46.512],[117.556,46.602],[117.394,46.571],[117.353,46.379],[117.302,46.35],[116.805,46.383],[116.604,46.309],[116.357,46.106],[116.213,45.908],[116.252,45.803],[116.17,45.709],[116.012,45.679],[115.638,45.444],[115.337,45.395],[114.939,45.374],[114.737,45.425],[114.534,45.386],[114.419,45.201],[114.164,45.04],[114.055,44.941],[113.889,44.908],[113.635,44.746],[113.105,44.794],[112.614,44.909],[112.441,45.052],[112.011,45.087],[111.843,45.04],[111.739,44.966],[111.551,44.693],[111.544,44.601],[111.406,44.416],[111.396,44.347],[111.634,44.066],[111.839,43.939],[111.944,43.786],[111.933,43.697],[111.754,43.663],[111.597,43.523],[111.096,43.367],[110.934,43.288],[110.68,43.058],[110.608,42.945],[110.407,42.769],[110.075,42.644],[109.913,42.629],[109.667,42.549],[109.485,42.449],[109.253,42.426],[108.994,42.45],[108.797,42.398],[108.536,42.435],[108.177,42.454],[106.768,42.287],[105.869,41.993],[105.274,41.755],[105.201,41.743],[105.015,41.596],[104.892,41.645],[104.498,41.666],[104.501,41.871],[103.721,41.756],[103.073,42.005],[102.034,42.185],[101.886,42.278],[101.735,42.461],[101.638,42.515],[101.411,42.545],[101.219,42.53],[100.017,42.677],[99.474,42.564],[98.662,42.644],[97.193,42.787],[96.475,42.732],[96.351,42.741],[96.294,42.933],[95.908,43.215],[95.833,43.409],[95.692,43.631],[95.589,43.869],[95.51,43.979],[95.328,44.007],[95.321,44.148],[95.379,44.287],[95.037,44.255],[94.698,44.343],[94.588,44.436],[94.338,44.512],[94.195,44.654],[93.927,44.673],[93.714,44.875],[93.525,44.951],[93.166,45.008],[92.945,45.006],[92.753,45.038],[92.475,44.997],[92.194,45.015],[92.009,45.076],[91.663,45.06],[91.522,45.077],[91.456,45.137],[91.249,45.13],[91.135,45.198],[90.873,45.186],[90.738,45.442],[90.651,45.493],[90.711,45.752],[91.002,46.022],[90.996,46.114],[90.896,46.302],[91.047,46.566],[90.996,46.595],[91.005,46.74],[90.828,46.982],[90.712,47.015],[90.469,47.309],[90.441,47.493],[90.345,47.659],[90.083,47.756],[90.045,47.88],[89.889,47.824],[89.751,47.824],[89.542,48.031],[89.334,48.032],[89.244,47.98],[89.046,47.993],[88.932,48.097],[88.805,48.106],[88.581,48.212],[88.565,48.343],[88.236,48.493],[88.017,48.54],[87.943,48.599],[88.064,48.683],[87.975,48.756],[87.806,48.801],[87.757,48.92],[87.873,48.968],[87.816,49.166],[87.324,49.085],[87.116,49.13],[86.887,49.107],[86.728,48.99],[86.789,48.839],[86.745,48.704],[86.565,48.527],[86.334,48.49],[86.192,48.418],[85.784,48.408],[85.719,48.359],[85.586,48.141],[85.515,47.92],[85.595,47.624],[85.58,47.524],[85.67,47.384],[85.66,47.207],[85.557,47.179],[85.499,47.052],[85.205,47.034],[84.916,46.851],[84.767,46.818],[84.732,46.948],[84.664,46.984],[84.159,46.993],[83.905,46.974],[83.524,47.067],[83.15,47.212],[83.014,47.195],[82.986,46.943],[82.839,46.732],[82.674,46.331],[82.568,46.197],[82.489,45.902],[82.372,45.734],[82.291,45.533],[82.363,45.481],[82.616,45.435],[82.634,45.339],[82.585,45.177],[82.476,45.116],[82.295,45.228],[81.95,45.144],[81.807,45.189],[81.739,45.338],[80.854,45.126],[80.697,45.144],[80.425,45.092],[80.406,45.057],[80.062,45.019],[79.858,44.904],[79.992,44.794],[80.218,44.818],[80.476,44.735],[80.356,44.653],[80.384,44.603],[80.333,44.417],[80.373,44.27],[80.345,44.103],[80.476,43.91],[80.713,43.459],[80.643,43.326],[80.735,43.289],[80.788,43.128],[80.576,43.119],[80.368,43.028],[80.408,42.955],[80.554,42.899],[80.227,42.791],[80.14,42.623],[80.268,42.238],[80.21,42.19],[80.257,42.084],[80.182,42.021],[79.843,42.002],[79.748,41.88],[79.611,41.868],[79.411,41.779],[79.304,41.788],[78.976,41.642],[78.672,41.538],[78.619,41.478],[78.36,41.378],[78.36,41.287],[78.075,41.04],[77.867,41.064],[77.666,41.001],[77.475,40.982],[77.333,41.021],[77.119,41.012],[77.008,41.044],[76.861,41.013],[76.767,40.945],[76.771,40.867],[76.631,40.729],[76.624,40.628],[76.449,40.416],[76.314,40.343],[76.244,40.441],[76.151,40.368],[76.076,40.392],[75.921,40.309],[75.682,40.292],[75.667,40.45],[75.588,40.612],[75.482,40.614],[75.194,40.441],[75.039,40.441],[74.835,40.512],[74.787,40.421],[74.862,40.326],[74.706,40.331],[74.37,40.106],[74.168,40.106],[74.004,40.061],[73.823,39.806],[73.927,39.593],[73.821,39.468],[73.633,39.448],[73.602,39.236],[73.698,39.078],[73.816,38.994],[73.684,38.855],[73.797,38.603],[73.933,38.53],[74.029,38.527],[74.109,38.662],[74.334,38.667],[74.776,38.511],[74.838,38.379],[74.771,38.292],[74.791,38.081],[74.893,37.994],[74.883,37.844],[74.965,37.767],[74.892,37.599],[75.164,37.401],[75.068,37.312],[74.892,37.231],[74.783,37.22],[74.721,37.298],[74.623,37.231],[74.487,37.226],[74.383,37.127],[74.542,37.022],[74.662,37.054],[74.793,37.015],[74.872,36.907],[74.91,36.963],[75.1,36.994],[75.351,36.916],[75.411,36.747],[75.571,36.767],[75.791,36.688],[75.977,36.463],[75.969,36.302],[76.014,36.23],[75.894,36.097],[75.922,36.032],[76.061,35.992],[76.166,35.806],[76.403,35.831],[76.537,35.903],[76.571,35.751],[76.777,35.646],[76.896,35.59],[77.039,35.585],[77.105,35.538],[77.251,35.531],[77.413,35.469],[77.661,35.458],[77.8,35.495]]],[[[111.011,19.684],[110.935,19.995],[110.788,20.01],[110.678,20.164],[110.593,20.107],[110.564,19.985],[110.383,20.081],[110.261,20.033],[110.157,20.067],[109.99,19.906],[109.943,19.991],[109.835,19.931],[109.719,20.011],[109.527,19.951],[109.527,19.862],[109.465,19.834],[109.304,19.922],[109.167,19.805],[109.17,19.725],[109.273,19.794],[109.307,19.711],[109.205,19.719],[109.157,19.65],[109.016,19.601],[108.941,19.514],[108.771,19.394],[108.687,19.378],[108.627,19.275],[108.663,19.156],[108.615,19.102],[108.654,18.921],[108.627,18.836],[108.694,18.72],[108.695,18.505],[108.796,18.487],[109.001,18.367],[109.092,18.369],[109.163,18.288],[109.44,18.289],[109.561,18.169],[109.727,18.304],[109.746,18.396],[109.835,18.382],[109.993,18.443],[110.053,18.39],[110.103,18.539],[110.271,18.668],[110.427,18.681],[110.469,18.777],[110.431,18.821],[110.513,18.906],[110.58,19.155],[110.67,19.382],[110.876,19.54],[111.011,19.684]]],[[[111.963,21.658],[111.835,21.644],[111.822,21.562],[111.981,21.612],[111.963,21.658]]],[[[112.645,21.713],[112.518,21.617],[112.65,21.64],[112.645,21.713]]],[[[112.844,21.774],[112.778,21.773],[112.716,21.68],[112.8,21.579],[112.798,21.706],[112.844,21.774]]],[[[113.594,22.785],[113.573,22.83],[113.433,22.912],[113.402,22.883],[113.58,22.754],[113.594,22.785]]],[[[117.072,23.473],[116.943,23.43],[117.129,23.399],[117.072,23.473]]],[[[117.469,23.753],[117.373,23.767],[117.394,23.679],[117.32,23.574],[117.432,23.583],[117.421,23.646],[117.527,23.74],[117.469,23.753]]],[[[119.305,26.036],[119.258,26.001],[119.391,25.967],[119.305,26.036]]],[[[121.256,28.14],[121.231,28.22],[121.12,28.136],[121.152,28.041],[121.285,28.102],[121.256,28.14]]],[[[122.239,30.313],[122.211,30.347],[122.074,30.291],[122.202,30.242],[122.239,30.313]]],[[[122.399,30.456],[122.277,30.48],[122.285,30.422],[122.399,30.456]]],[[[119.881,32.125],[119.833,32.252],[119.792,32.122],[119.881,32.125]]],[[[121.423,39.475],[121.266,39.434],[121.434,39.386],[121.423,39.475]]],[[[110.548,21.037],[110.507,21.082],[110.408,21.048],[110.287,21.074],[110.267,20.973],[110.441,21.006],[110.521,20.972],[110.548,21.037]]],[[[110.617,21.191],[110.418,21.178],[110.565,21.113],[110.617,21.191]]],[[[118.093,24.556],[118.072,24.467],[118.154,24.437],[118.181,24.535],[118.093,24.556]]],[[[119.847,25.536],[119.782,25.659],[119.699,25.613],[119.668,25.488],[119.757,25.405],[119.847,25.536]]],[[[122.327,30.024],[122.087,30.148],[121.975,30.148],[122.011,30],[122.185,29.994],[122.294,29.934],[122.327,30.024]]],[[[121.844,31.608],[121.663,31.652],[121.475,31.771],[121.264,31.841],[121.176,31.784],[121.314,31.656],[121.572,31.529],[121.851,31.439],[121.978,31.478],[121.98,31.54],[121.844,31.608]]],[[[113.547,22.742],[113.477,22.731],[113.628,22.596],[113.636,22.656],[113.547,22.742]]],[[[119.347,25.567],[119.282,25.483],[119.335,25.438],[119.347,25.567]]],[[[121.762,31.374],[121.599,31.429],[121.766,31.321],[121.762,31.374]]],[[[118.633,39.075],[118.56,39.003],[118.488,39.05],[118.514,38.919],[118.633,39.075]]]]},"properties":{"NAME":"China","ADMIN":"China","ISO_A2":"CN","ISO_A3":"CHN","CONTINENT":"Asia","SUBREGION":"Eastern Asia","POP_EST":1397715000,"GDP_MD":14342903,"LABEL_X":106.337289,"LABEL_Y":32.498178,"ID":"CHN"}},{"type":"Feature","geometry":{"type":"Polygon","coordinates":[[[35.97,34.65],[35.983,34.539],[35.824,34.461],[35.627,34.201],[35.648,34.119],[35.578,33.917],[35.47,33.902],[35.477,33.804],[35.349,33.514],[35.271,33.458],[35.175,33.17],[35.105,33.089],[35.284,33.101],[35.332,33.057],[35.48,33.087],[35.549,33.281],[35.604,33.24],[35.821,33.407],[35.933,33.528],[36.038,33.586],[35.922,33.64],[36.05,33.816],[36.368,33.858],[36.267,33.91],[36.391,34.045],[36.475,34.054],[36.604,34.199],[36.516,34.362],[36.531,34.414],[36.433,34.494],[36.333,34.494],[36.391,34.622],[36.309,34.688],[36.262,34.627],[35.97,34.65]]]},"properties":{"NAME":"Lebanon","ADMIN":"Lebanon","ISO_A2":"LB","ISO_A3":"LBN","CONTINENT":"Asia","SUBREGION":"Western Asia","POP_EST":6855713,"GDP_MD":51991,"LABEL_X":35.992892,"LABEL_Y":34.133368,"ID":"LBN"}},{"type":"Feature","geometry":{"type":"Polygon","coordinates":[[[34.071,9.455],[34.112,8.627],[34.07,8.534],[33.971,8.445],[33.696,8.373],[33.6,8.464],[33.505,8.475],[33.361,8.434],[33.253,8.458],[33.174,8.404],[33.161,8.305],[33.208,8.254],[33.177,8.127],[33.118,8.104],[32.99,7.917],[33.051,7.801],[33.242,7.781],[33.36,7.719],[33.462,7.75],[33.572,7.685],[33.716,7.657],[33.882,7.536],[34.007,7.41],[34.031,7.255],[34.298,6.969],[34.504,6.89],[34.525,6.753],[34.636,6.73],[34.734,6.638],[34.845,6.249],[34.951,6.081],[34.984,5.841],[35.099,5.622],[35.262,5.512],[35.255,5.426],[35.321,5.349],[35.43,5.427],[35.598,5.369],[35.684,5.38],[35.809,5.309],[35.807,5.165],[35.756,5.063],[35.752,4.854],[35.785,4.764],[35.921,4.619],[35.94,4.508],[36.041,4.444],[36.62,4.443],[36.844,4.432],[37.016,4.371],[37.112,4.282],[37.977,3.726],[38.102,3.613],[38.39,3.597],[38.497,3.624],[38.66,3.594],[38.895,3.514],[39.068,3.527],[39.18,3.477],[39.436,3.462],[39.536,3.405],[39.575,3.498],[39.745,3.661],[39.848,3.867],[40.383,4.121],[40.701,4.244],[40.764,4.285],[40.887,4.156],[41.006,4.087],[41.115,3.962],[41.215,3.937],[41.43,3.949],[41.7,3.997],[41.836,3.949],[41.885,3.977],[41.923,4.071],[42.135,4.2],[42.297,4.202],[42.79,4.286],[42.869,4.327],[42.96,4.517],[43.119,4.648],[43.528,4.842],[43.969,4.954],[44.913,4.899],[44.942,4.911],[45.292,5.293],[45.936,5.997],[46.424,6.497],[47.299,7.34],[47.979,7.997],[46.979,7.997],[46.921,8.026],[46.102,8.3],[45.514,8.497],[44.545,8.815],[44.024,8.986],[43.622,9.337],[43.548,9.336],[43.419,9.413],[43.371,9.544],[43.235,9.692],[43.187,9.883],[43.068,9.923],[42.958,10.116],[42.836,10.208],[42.777,10.425],[42.647,10.632],[42.7,10.659],[42.819,10.873],[42.924,10.999],[42.772,10.996],[42.73,11.065],[42.616,11.09],[42.392,11.006],[42.069,10.982],[41.954,10.941],[41.761,10.996],[41.788,11.26],[41.749,11.538],[41.808,11.736],[41.936,11.827],[42.379,12.466],[42.137,12.773],[41.947,12.876],[41.817,13.113],[41.712,13.248],[41.531,13.394],[41.192,13.616],[41.044,13.872],[40.833,14.106],[40.422,14.274],[40.277,14.405],[40.105,14.466],[39.911,14.423],[39.767,14.505],[39.599,14.512],[39.515,14.568],[39.367,14.483],[39.208,14.44],[39.158,14.56],[39.075,14.637],[38.866,14.494],[38.607,14.436],[38.427,14.417],[38.325,14.505],[38.229,14.68],[38.007,14.724],[37.891,14.88],[37.565,14.117],[37.398,14.302],[37.294,14.457],[37.121,14.421],[37.073,14.285],[36.748,14.332],[36.526,14.264],[36.437,13.991],[36.458,13.82],[36.382,13.571],[36.234,13.362],[36.114,12.934],[36.143,12.833],[36.099,12.696],[36.03,12.717],[35.728,12.674],[35.617,12.575],[35.354,12.146],[35.317,12.024],[35.216,11.897],[35.088,11.838],[35.048,11.771],[35.073,11.549],[34.947,11.275],[34.98,11.155],[34.914,10.964],[34.951,10.869],[34.839,10.729],[34.754,10.684],[34.751,10.744],[34.587,10.879],[34.437,10.796],[34.279,10.566],[34.325,10.269],[34.303,10.114],[34.222,10.026],[34.098,9.68],[34.071,9.455]]]},"properties":{"NAME":"Ethiopia","ADMIN":"Ethiopia","ISO_A2":"ET","ISO_A3":"ETH","CONTINENT":"Africa","SUBREGION":"Eastern Africa","POP_EST":112078730,"GDP_MD":95912,"LABEL_X":39.0886,"LABEL_Y":8.032795,"ID":"ETH"}},{"type":"Feature","geometry":{"type":"Polygon","coordinates":[[[35.921,4.619],[35.785,4.764],[35.752,4.854],[35.756,5.063],[35.807,5.165],[35.809,5.309],[35.684,5.38],[35.598,5.369],[35.43,5.427],[35.321,5.349],[35.255,5.426],[35.262,5.512],[35.099,5.622],[34.984,5.841],[34.951,6.081],[34.845,6.249],[34.734,6.638],[34.636,6.73],[34.525,6.753],[34.504,6.89],[34.298,6.969],[34.031,7.255],[34.007,7.41],[33.882,7.536],[33.716,7.657],[33.572,7.685],[33.462,7.75],[33.36,7.719],[33.242,7.781],[33.051,7.801],[32.99,7.917],[33.118,8.104],[33.177,8.127],[33.208,8.254],[33.161,8.305],[33.174,8.404],[33.253,8.458],[33.361,8.434],[33.505,8.475],[33.6,8.464],[33.696,8.373],[33.971,8.445],[34.07,8.534],[34.112,8.627],[34.071,9.455],[33.901,9.455],[33.878,9.543],[33.905,9.711],[33.969,9.838],[33.967,10.047],[33.902,10.192],[33.469,10.544],[33.371,10.651],[33.14,10.739],[33.182,10.843],[33.083,11.585],[33.132,11.686],[33.145,11.935],[33.209,12.21],[32.732,12.216],[32.747,12.003],[32.082,12],[32.345,11.709],[32.346,11.412],[32.364,11.24],[32.435,11.107],[32.414,11.051],[31.943,10.656],[31.864,10.472],[31.665,10.214],[31.235,9.792],[31.164,9.764],[30.749,9.736],[30.485,9.972],[30.013,10.27],[29.615,10.058],[29.614,9.914],[29.483,9.762],[29.252,9.711],[29.009,9.603],[28.829,9.427],[28.844,9.325],[28.045,9.331],[27.895,9.595],[27.339,9.613],[27.08,9.607],[26.694,9.477],[26.557,9.52],[26.179,9.959],[26.103,9.988],[26.017,10.115],[25.901,10.191],[25.895,10.346],[25.843,10.418],[25.48,10.344],[25.084,10.293],[25.017,10.168],[24.976,9.967],[24.793,9.798],[24.785,9.498],[24.68,9.373],[24.661,9.182],[24.565,9.015],[24.558,8.887],[24.38,8.844],[24.17,8.689],[24.236,8.682],[24.244,8.57],[24.137,8.439],[24.131,8.343],[24.332,8.246],[24.431,8.271],[24.513,8.207],[24.615,8.217],[24.832,8.166],[24.953,7.997],[25.09,7.885],[25.217,7.864],[25.279,7.659],[25.165,7.58],[25.19,7.501],[25.316,7.417],[25.36,7.336],[25.592,7.211],[25.786,7.143],[25.801,7.105],[26.026,6.997],[26.081,6.842],[26.236,6.72],[26.378,6.653],[26.289,6.459],[26.29,6.387],[26.452,6.28],[26.509,6.205],[26.481,6.105],[26.602,6.011],[26.705,6.01],[26.805,5.957],[26.819,5.895],[26.981,5.859],[27.03,5.79],[27.124,5.769],[27.261,5.55],[27.22,5.441],[27.238,5.323],[27.301,5.205],[27.441,5.071],[27.436,5.013],[27.553,4.901],[27.641,4.891],[27.767,4.735],[27.772,4.596],[27.838,4.56],[28.014,4.55],[28.05,4.419],[28.102,4.442],[28.178,4.347],[28.303,4.352],[28.404,4.278],[28.548,4.371],[28.755,4.554],[28.815,4.478],[28.986,4.496],[29.173,4.348],[29.304,4.387],[29.443,4.583],[29.449,4.657],[29.619,4.642],[29.797,4.556],[29.776,4.406],[29.883,4.344],[29.932,4.236],[30.123,4.102],[30.206,3.95],[30.525,3.868],[30.563,3.695],[30.543,3.613],[30.693,3.632],[30.747,3.675],[30.838,3.563],[30.84,3.49],[30.944,3.679],[31.141,3.785],[31.295,3.774],[31.505,3.66],[31.669,3.705],[31.781,3.816],[31.916,3.68],[31.944,3.591],[32.175,3.521],[32.188,3.619],[32.372,3.731],[32.756,3.769],[33.017,3.877],[33.195,3.757],[33.447,3.744],[33.533,3.774],[33.977,4.22],[34.381,4.62],[34.666,4.765],[35.246,4.982],[35.263,4.949],[35.412,5.03],[35.396,4.926],[35.571,4.904],[35.522,4.78],[35.611,4.62],[35.7,4.589],[35.712,4.662],[35.781,4.62],[35.921,4.619]]]},"properties":{"NAME":"S. Sudan","ADMIN":"South Sudan","ISO_A2":"SS","ISO_A3":"SSD","CONTINENT":"Africa","SUBREGION":"Eastern Africa","POP_EST":11062113,"GDP_MD":11998,"LABEL_X":30.390151,"LABEL_Y":7.230477,"ID":"SSD"}},{"type":"Feature","geometry":{"type":"Polygon","coordinates":[[[47.979,7.997],[47.299,7.34],[46.424,6.497],[45.936,5.997],[45.292,5.293],[44.942,4.911],[44.913,4.899],[43.969,4.954],[43.528,4.842],[43.119,4.648],[42.96,4.517],[42.869,4.327],[42.79,4.286],[42.297,4.202],[42.135,4.2],[41.923,4.071],[41.885,3.977],[41.343,3.201],[40.965,2.814],[40.968,1.747],[40.968,0.622],[40.968,-0.003],[40.98,-0.871],[41.523,-1.573],[41.535,-1.696],[41.652,-1.565],[41.874,-1.176],[42.081,-0.863],[42.25,-0.686],[42.648,-0.229],[42.77,-0.129],[43.09,0.223],[43.285,0.415],[43.468,0.621],[43.782,0.922],[43.933,1.01],[44.146,1.23],[44.55,1.559],[45.001,1.866],[45.232,1.968],[45.826,2.309],[46.027,2.438],[46.318,2.752],[46.626,3.024],[46.834,3.232],[47.013,3.441],[47.489,3.936],[47.578,4.06],[47.948,4.457],[48.056,4.613],[48.202,4.909],[48.448,5.209],[48.548,5.375],[48.647,5.48],[49.036,6.144],[49.086,6.307],[49.075,6.415],[49.247,6.811],[49.367,7.026],[49.587,7.315],[49.819,7.74],[49.803,7.827],[49.842,7.963],[50.058,8.13],[50.156,8.321],[50.29,8.487],[50.327,8.641],[50.422,8.857],[50.605,9.038],[50.677,9.259],[50.768,9.319],[50.84,9.456],[50.806,9.624],[50.9,10.024],[50.884,10.101],[50.927,10.328],[51.09,10.407],[51.241,10.426],[51.376,10.368],[51.395,10.479],[51.293,10.48],[51.176,10.563],[51.19,10.446],[51.038,10.416],[51.161,10.598],[51.138,10.677],[51.115,10.993],[51.174,11.159],[51.086,11.188],[51.081,11.341],[51.121,11.505],[51.248,11.652],[51.293,11.833],[51.029,11.885],[50.798,11.989],[50.576,11.921],[50.513,11.771],[50.437,11.691],[50.268,11.589],[50.073,11.509],[49.934,11.513],[49.851,11.465],[49.577,11.46],[49.522,11.394],[49.24,11.3],[48.939,11.249],[48.939,10.125],[48.939,9.451],[48.339,8.542],[47.979,7.997]]]},"properties":{"NAME":"Somalia","ADMIN":"Somalia","ISO_A2":"SO","ISO_A3":"SOM","CONTINENT":"Africa","SUBREGION":"Eastern Africa","POP_EST":10192317.3,"GDP_MD":4719,"LABEL_X":45.19238,"LABEL_Y":3.568925,"ID":"SOM"}},{"type":"Feature","geometry":{"type":"MultiPolygon","coordinates":[[[[35.921,4.619],[35.781,4.62],[35.712,4.662],[35.7,4.589],[35.611,4.62],[35.522,4.78],[35.571,4.904],[35.396,4.926],[35.412,5.03],[35.263,4.949],[35.246,4.982],[34.666,4.765],[34.381,4.62],[33.977,4.22],[34.069,4.088],[34.107,3.96],[34.085,3.877],[34.205,3.875],[34.165,3.771],[34.241,3.784],[34.29,3.703],[34.355,3.727],[34.44,3.668],[34.444,3.566],[34.387,3.486],[34.384,3.388],[34.434,3.182],[34.546,3.097],[34.575,2.946],[34.641,2.86],[34.73,2.853],[34.819,2.598],[34.876,2.591],[34.924,2.477],[34.866,2.348],[34.968,2.102],[34.979,1.676],[34.779,1.389],[34.798,1.232],[34.684,1.209],[34.507,1.103],[34.388,0.816],[34.307,0.768],[34.252,0.655],[34.15,0.604],[34.076,0.422],[34.088,0.367],[33.894,0.11],[33.954,-0.154],[33.895,-0.663],[33.904,-1.003],[34.053,-1.04],[34.557,-1.322],[35.416,-1.801],[35.845,-2.041],[36.704,-2.52],[37.645,-3.046],[37.7,-3.314],[37.59,-3.404],[37.599,-3.513],[37.722,-3.54],[37.771,-3.655],[38.508,-4.186],[39.191,-4.678],[39.3,-4.595],[39.406,-4.615],[39.444,-4.52],[39.54,-4.43],[39.616,-4.198],[39.666,-4.112],[39.564,-4.033],[39.643,-3.986],[39.699,-4.048],[39.786,-3.917],[39.867,-3.695],[39.857,-3.618],[39.971,-3.376],[40.129,-3.252],[40.119,-3.184],[40.225,-2.994],[40.163,-2.934],[40.175,-2.763],[40.244,-2.657],[40.39,-2.56],[40.524,-2.525],[40.616,-2.553],[40.829,-2.375],[40.795,-2.29],[40.925,-2.217],[40.885,-2.015],[41.029,-2.043],[41.109,-1.978],[41.186,-1.99],[41.219,-1.922],[41.283,-1.969],[41.535,-1.696],[41.523,-1.573],[40.98,-0.871],[40.968,-0.003],[40.968,0.622],[40.968,1.747],[40.965,2.814],[41.343,3.201],[41.885,3.977],[41.836,3.949],[41.7,3.997],[41.43,3.949],[41.215,3.937],[41.115,3.962],[41.006,4.087],[40.887,4.156],[40.764,4.285],[40.701,4.244],[40.383,4.121],[39.848,3.867],[39.745,3.661],[39.575,3.498],[39.536,3.405],[39.436,3.462],[39.18,3.477],[39.068,3.527],[38.895,3.514],[38.66,3.594],[38.497,3.624],[38.39,3.597],[38.102,3.613],[37.977,3.726],[37.112,4.282],[37.016,4.371],[36.844,4.432],[36.62,4.443],[36.041,4.444],[35.94,4.508],[35.921,4.619]]],[[[41.054,-2.05],[40.986,-2.166],[41.155,-2.112],[41.054,-2.05]]]]},"properties":{"NAME":"Kenya","ADMIN":"Kenya","ISO_A2":"KE","ISO_A3":"KEN","CONTINENT":"Africa","SUBREGION":"Eastern Africa","POP_EST":52573973,"GDP_MD":95503,"LABEL_X":37.907632,"LABEL_Y":0.549043,"ID":"KEN"}},{"type":"Feature","geometry":{"type":"MultiPolygon","coordinates":[[[[34.965,-11.574],[34.887,-11.375],[34.759,-11.337],[34.714,-11.203],[34.621,-11.12],[34.593,-11.016],[34.645,-10.913],[34.675,-10.752],[34.581,-10.54],[34.585,-10.301],[34.483,-9.946],[34.288,-9.708],[34.103,-9.53],[34.013,-9.477],[33.946,-9.55],[33.912,-9.718],[33.735,-9.584],[33.651,-9.611],[33.404,-9.605],[33.3,-9.492],[33.173,-9.511],[32.992,-9.391],[32.921,-9.408],[32.992,-9.502],[32.975,-9.601],[33.08,-9.662],[33.098,-9.588],[33.175,-9.602],[33.217,-9.727],[33.337,-9.824],[33.366,-9.899],[33.318,-10.082],[33.533,-10.231],[33.559,-10.404],[33.674,-10.577],[33.434,-10.808],[33.319,-10.818],[33.232,-10.898],[33.28,-10.913],[33.304,-11.035],[33.391,-11.165],[33.23,-11.417],[33.213,-11.564],[33.303,-11.61],[33.313,-11.899],[33.253,-12.14],[33.33,-12.298],[33.385,-12.34],[33.526,-12.335],[33.373,-12.519],[33.255,-12.532],[33.163,-12.62],[33.05,-12.587],[32.958,-12.725],[32.947,-12.843],[33.005,-12.893],[32.966,-13.117],[32.995,-13.191],[32.92,-13.295],[32.813,-13.528],[32.677,-13.568],[32.675,-13.628],[32.808,-13.699],[32.763,-13.777],[32.859,-13.808],[32.976,-13.945],[33,-14.05],[33.155,-13.937],[33.203,-14.014],[33.28,-14.061],[33.291,-14.157],[33.439,-14.381],[33.604,-14.524],[33.645,-14.602],[33.72,-14.49],[33.774,-14.53],[33.889,-14.488],[34.051,-14.495],[34.078,-14.455],[34.344,-14.387],[34.502,-14.576],[34.506,-14.7],[34.584,-14.984],[34.549,-15.058],[34.569,-15.271],[34.41,-15.481],[34.404,-15.647],[34.247,-15.794],[34.233,-15.89],[34.388,-16.037],[34.385,-16.186],[34.446,-16.293],[34.525,-16.301],[34.655,-16.489],[34.732,-16.529],[35.005,-16.815],[35.096,-16.817],[35.113,-16.96],[35.037,-17.036],[35.081,-17.124],[35.292,-17.129],[35.31,-16.851],[35.278,-16.701],[35.174,-16.625],[35.132,-16.538],[35.214,-16.484],[35.266,-16.356],[35.259,-16.272],[35.375,-16.141],[35.698,-16.107],[35.796,-16.005],[35.841,-15.417],[35.785,-15.195],[35.904,-14.887],[35.863,-14.877],[35.853,-14.667],[35.523,-14.263],[35.456,-14.137],[35.084,-13.704],[34.894,-13.535],[34.641,-13.492],[34.545,-13.326],[34.549,-13.159],[34.494,-12.687],[34.354,-12.199],[34.38,-12.104],[34.564,-11.831],[34.604,-11.733],[34.607,-11.591],[34.651,-11.57],[34.965,-11.574]]],[[[34.694,-12],[34.656,-12.097],[34.732,-12.109],[34.754,-12.02],[34.694,-12]]],[[[34.562,-11.979],[34.596,-12.072],[34.641,-12.018],[34.562,-11.979]]]]},"properties":{"NAME":"Malawi","ADMIN":"Malawi","ISO_A2":"MW","ISO_A3":"MWI","CONTINENT":"Africa","SUBREGION":"Eastern Africa","POP_EST":18628747,"GDP_MD":7666,"LABEL_X":33.608082,"LABEL_Y":-13.386737,"ID":"MWI"}},{"type":"Feature","geometry":{"type":"MultiPolygon","coordinates":[[[[32.921,-9.408],[32.992,-9.391],[33.173,-9.511],[33.3,-9.492],[33.404,-9.605],[33.651,-9.611],[33.735,-9.584],[33.912,-9.718],[33.946,-9.55],[34.013,-9.477],[34.103,-9.53],[34.288,-9.708],[34.483,-9.946],[34.585,-10.301],[34.581,-10.54],[34.675,-10.752],[34.645,-10.913],[34.593,-11.016],[34.621,-11.12],[34.714,-11.203],[34.759,-11.337],[34.887,-11.375],[34.965,-11.574],[35.424,-11.577],[35.576,-11.605],[35.655,-11.578],[35.696,-11.495],[35.826,-11.413],[35.94,-11.434],[36.168,-11.579],[36.2,-11.702],[36.495,-11.681],[36.563,-11.731],[36.747,-11.666],[36.82,-11.574],[37.032,-11.565],[37.106,-11.658],[37.227,-11.694],[37.331,-11.682],[37.428,-11.723],[37.784,-11.559],[37.875,-11.319],[38.071,-11.256],[38.257,-11.277],[38.348,-11.359],[38.492,-11.413],[38.654,-11.276],[38.76,-11.263],[38.896,-11.168],[39.126,-11.14],[39.287,-11.154],[39.483,-10.999],[39.76,-10.943],[40.008,-10.811],[40.437,-10.475],[40.449,-10.345],[40.339,-10.349],[40.232,-10.2],[40.232,-10.297],[40.118,-10.257],[40.133,-10.17],[39.975,-10.133],[39.914,-10.034],[39.714,-9.952],[39.807,-9.852],[39.752,-9.749],[39.681,-9.505],[39.616,-9.425],[39.644,-9.189],[39.557,-9.094],[39.499,-9.124],[39.492,-8.938],[39.389,-8.899],[39.449,-8.859],[39.521,-8.923],[39.439,-8.755],[39.354,-8.714],[39.362,-8.611],[39.303,-8.505],[39.28,-8.309],[39.454,-8.01],[39.396,-7.78],[39.305,-7.792],[39.275,-7.596],[39.354,-7.349],[39.328,-7.309],[39.478,-7.151],[39.548,-7.118],[39.551,-6.994],[39.465,-6.858],[39.294,-6.815],[39.28,-6.727],[39.041,-6.47],[38.923,-6.445],[38.852,-6.349],[38.857,-6.164],[38.778,-6.031],[38.833,-5.816],[38.985,-5.505],[38.981,-5.417],[39.139,-5.103],[39.109,-4.917],[39.175,-4.926],[39.216,-4.796],[39.191,-4.678],[38.508,-4.186],[37.771,-3.655],[37.722,-3.54],[37.599,-3.513],[37.59,-3.404],[37.7,-3.314],[37.645,-3.046],[36.704,-2.52],[35.845,-2.041],[35.416,-1.801],[34.557,-1.322],[34.053,-1.04],[33.904,-1.003],[33.273,-1.003],[32.358,-1.003],[31.442,-1.003],[30.828,-1.003],[30.777,-0.986],[30.639,-1.073],[30.472,-1.067],[30.555,-1.318],[30.738,-1.407],[30.733,-1.476],[30.831,-1.594],[30.838,-1.837],[30.797,-1.929],[30.817,-2.019],[30.888,-2.083],[30.834,-2.345],[30.759,-2.381],[30.675,-2.352],[30.555,-2.401],[30.443,-2.681],[30.523,-2.649],[30.416,-2.852],[30.493,-2.941],[30.547,-2.9],[30.638,-2.974],[30.825,-2.979],[30.785,-3.031],[30.832,-3.173],[30.8,-3.275],[30.641,-3.333],[30.639,-3.419],[30.469,-3.513],[30.337,-3.774],[30.209,-3.93],[30.15,-4.087],[30.003,-4.272],[29.9,-4.346],[29.8,-4.364],[29.733,-4.463],[29.404,-4.45],[29.401,-4.587],[29.321,-4.836],[29.378,-5.088],[29.456,-5.23],[29.496,-5.392],[29.594,-5.62],[29.603,-5.782],[29.476,-6.002],[29.526,-6.273],[29.739,-6.652],[30.091,-6.89],[30.235,-7.057],[30.37,-7.31],[30.442,-7.596],[30.655,-7.927],[30.752,-8.194],[30.828,-8.388],[30.96,-8.55],[31.12,-8.617],[31.207,-8.581],[31.261,-8.624],[31.353,-8.587],[31.539,-8.704],[31.553,-8.809],[31.673,-8.913],[31.788,-8.892],[31.937,-8.933],[31.918,-9.022],[31.981,-9.072],[32.134,-9.064],[32.211,-9.127],[32.383,-9.134],[32.518,-9.258],[32.713,-9.286],[32.76,-9.34],[32.921,-9.408]]],[[[39.896,-7.638],[39.845,-7.738],[39.715,-7.812],[39.587,-7.945],[39.65,-7.994],[39.755,-7.915],[39.823,-7.914],[39.893,-7.754],[39.896,-7.638]]],[[[39.543,-6.321],[39.525,-6.175],[39.431,-6.186],[39.313,-5.718],[39.28,-5.842],[39.186,-5.994],[39.213,-6.114],[39.177,-6.158],[39.264,-6.302],[39.3,-6.239],[39.508,-6.463],[39.57,-6.421],[39.543,-6.321]]],[[[39.643,-5.414],[39.796,-5.407],[39.856,-5.253],[39.814,-4.969],[39.684,-4.89],[39.691,-5.137],[39.774,-5.26],[39.664,-5.287],[39.643,-5.414]]],[[[39.742,-7.995],[39.719,-8.093],[39.801,-8.007],[39.742,-7.995]]]]},"properties":{"NAME":"Tanzania","ADMIN":"United Republic of Tanzania","ISO_A2":"TZ","ISO_A3":"TZA","CONTINENT":"Africa","SUBREGION":"Eastern Africa","POP_EST":58005463,"GDP_MD":63177,"LABEL_X":34.959183,"LABEL_Y":-6.051866,"ID":"TZA"}},{"type":"Feature","geometry":{"type":"Polygon","coordinates":[[[35.758,32.744],[35.896,32.713],[36.07,32.517],[36.177,32.527],[36.373,32.386],[36.819,32.317],[38.057,32.994],[38.775,33.372],[39.88,33.926],[40.69,34.331],[40.936,34.386],[40.988,34.429],[41.196,34.768],[41.192,35.182],[41.261,35.494],[41.364,35.655],[41.344,35.858],[41.241,36.043],[41.277,36.355],[41.415,36.527],[41.79,36.589],[41.844,36.618],[42.377,37.062],[42.357,37.11],[42.353,37.227],[42.211,37.325],[42.009,37.176],[41.48,37.076],[41.201,37.065],[40.896,37.123],[40.709,37.1],[40.394,36.994],[40.19,36.884],[39.765,36.742],[39.24,36.661],[39.032,36.701],[38.795,36.687],[38.664,36.72],[38.529,36.834],[38.19,36.906],[37.82,36.761],[37.654,36.732],[37.446,36.634],[37.242,36.659],[37.015,36.642],[36.965,36.754],[36.659,36.828],[36.603,36.747],[36.535,36.494],[36.588,36.325],[36.664,36.229],[36.373,36.228],[36.358,35.994],[36.197,35.952],[36.138,35.82],[35.911,35.918],[35.799,35.85],[35.839,35.742],[35.737,35.562],[35.919,35.418],[35.915,35.288],[35.962,35.198],[35.888,35.109],[35.867,34.924],[35.97,34.65],[36.262,34.627],[36.309,34.688],[36.391,34.622],[36.333,34.494],[36.433,34.494],[36.531,34.414],[36.516,34.362],[36.604,34.199],[36.475,34.054],[36.391,34.045],[36.267,33.91],[36.368,33.858],[36.05,33.816],[35.922,33.64],[36.038,33.586],[35.933,33.528],[35.821,33.407],[35.764,33.334],[35.888,32.945],[35.758,32.744]]]},"properties":{"NAME":"Syria","ADMIN":"Syria","ISO_A2":"SY","ISO_A3":"SYR","CONTINENT":"Asia","SUBREGION":"Western Asia","POP_EST":17070135,"GDP_MD":98830,"LABEL_X":38.277783,"LABEL_Y":35.006636,"ID":"SYR"}},{"type":"Feature","geometry":{"type":"Polygon","coordinates":[[[48.939,11.249],[48.655,11.331],[48.343,11.275],[48.161,11.146],[47.678,11.108],[47.523,11.187],[47.367,11.173],[47.181,11.08],[47.008,10.939],[46.881,10.893],[46.66,10.754],[46.448,10.693],[46.335,10.71],[46.207,10.796],[46.102,10.771],[45.803,10.875],[45.586,10.766],[45.487,10.685],[45.337,10.671],[45.252,10.601],[45.001,10.46],[44.962,10.416],[44.751,10.428],[44.586,10.384],[44.389,10.397],[44.274,10.457],[43.83,10.803],[43.659,10.988],[43.583,11.135],[43.488,11.239],[43.494,11.365],[43.376,11.392],[43.283,11.499],[43.241,11.488],[42.924,10.999],[42.819,10.873],[42.7,10.659],[42.647,10.632],[42.777,10.425],[42.836,10.208],[42.958,10.116],[43.068,9.923],[43.187,9.883],[43.235,9.692],[43.371,9.544],[43.419,9.413],[43.548,9.336],[43.622,9.337],[44.024,8.986],[44.545,8.815],[45.514,8.497],[46.102,8.3],[46.921,8.026],[46.979,7.997],[47.979,7.997],[48.339,8.542],[48.939,9.451],[48.939,10.125],[48.939,11.249]]]},"properties":{"NAME":"Somaliland","ADMIN":"Somaliland","ISO_A2":"-99","ISO_A3":"-99","CONTINENT":"Africa","SUBREGION":"Eastern Africa","POP_EST":5096159,"GDP_MD":17836,"LABEL_X":46.731595,"LABEL_Y":9.443889,"ID":"SOM2"}},{"type":"Feature","geometry":{"type":"MultiPolygon","coordinates":[[[[-54.615,2.326],[-54.477,2.214],[-54.135,2.111],[-53.831,2.31],[-53.742,2.309],[-53.532,2.247],[-53.344,2.35],[-53.234,2.251],[-53.253,2.197],[-53.132,2.219],[-52.96,2.175],[-52.88,2.26],[-52.708,2.359],[-52.553,2.573],[-52.572,2.639],[-52.353,3.058],[-52.362,3.132],[-52.228,3.26],[-52.013,3.619],[-51.988,3.705],[-51.835,3.868],[-51.783,3.981],[-51.683,4.039],[-51.651,4.19],[-51.717,4.334],[-51.793,4.601],[-51.896,4.665],[-51.931,4.59],[-51.951,4.371],[-52.046,4.334],[-51.951,4.454],[-51.996,4.652],[-52.3,4.945],[-52.389,4.896],[-52.402,4.974],[-52.753,5.267],[-52.783,5.317],[-52.995,5.458],[-53.281,5.562],[-53.208,5.502],[-53.517,5.581],[-53.81,5.731],[-53.944,5.745],[-54.061,5.437],[-54.171,5.348],[-54.269,5.269],[-54.43,5.053],[-54.482,4.913],[-54.479,4.755],[-54.435,4.709],[-54.451,4.484],[-54.393,4.244],[-54.339,4.152],[-54.344,4.025],[-54.187,3.815],[-54.126,3.789],[-54.05,3.635],[-53.989,3.611],[-54.003,3.455],[-54.211,3.127],[-54.163,2.97],[-54.213,2.776],[-54.359,2.508],[-54.493,2.417],[-54.52,2.349],[-54.615,2.326]]],[[[2.522,51.088],[1.973,51.007],[1.73,50.944],[1.581,50.869],[1.583,50.575],[1.555,50.218],[1.391,50.075],[1.173,49.961],[0.675,49.876],[0.236,49.729],[0.08,49.542],[0.104,49.494],[0.411,49.452],[0.162,49.415],[-0.034,49.32],[-0.219,49.28],[-0.411,49.343],[-0.822,49.363],[-1.072,49.397],[-1.182,49.356],[-1.185,49.43],[-1.306,49.558],[-1.228,49.624],[-1.271,49.698],[-1.391,49.713],[-1.597,49.652],[-1.935,49.724],[-1.844,49.572],[-1.885,49.531],[-1.82,49.397],[-1.603,49.225],[-1.608,49.103],[-1.546,49.03],[-1.554,48.747],[-1.372,48.661],[-1.723,48.615],[-1.838,48.624],[-1.844,48.712],[-2.145,48.636],[-2.214,48.582],[-2.312,48.687],[-2.577,48.582],[-2.682,48.509],[-2.827,48.658],[-3.042,48.794],[-3.091,48.871],[-3.372,48.822],[-3.515,48.842],[-3.571,48.688],[-3.81,48.733],[-3.852,48.63],[-3.974,48.733],[-4.307,48.642],[-4.564,48.63],[-4.722,48.568],[-4.775,48.491],[-4.755,48.342],[-4.359,48.411],[-4.454,48.342],[-4.187,48.3],[-4.543,48.305],[-4.532,48.183],[-4.458,48.249],[-4.302,48.196],[-4.29,48.108],[-4.684,48.067],[-4.435,47.976],[-4.347,47.863],[-4.372,47.807],[-4.225,47.802],[-4.107,47.88],[-3.935,47.888],[-3.852,47.801],[-3.528,47.78],[-3.074,47.576],[-2.775,47.629],[-2.741,47.551],[-2.909,47.558],[-2.817,47.499],[-2.502,47.527],[-2.392,47.424],[-2.556,47.383],[-2.278,47.246],[-2.148,47.313],[-1.906,47.294],[-2.152,47.28],[-2.165,47.168],[-1.993,47.052],[-2.102,46.931],[-2.119,46.82],[-1.857,46.635],[-1.805,46.504],[-1.504,46.419],[-1.111,46.259],[-1.2,46.159],[-1.097,46.102],[-1.073,45.904],[-1.125,45.808],[-1.23,45.792],[-1.194,45.71],[-0.842,45.515],[-0.753,45.424],[-0.638,45.073],[-0.682,45.076],[-0.766,45.326],[-1.085,45.569],[-1.14,45.49],[-1.26,44.627],[-1.165,44.779],[-1.045,44.669],[-1.187,44.665],[-1.247,44.505],[-1.346,44.019],[-1.477,43.58],[-1.661,43.4],[-1.794,43.386],[-1.747,43.291],[-1.404,43.243],[-1.488,43.082],[-1.383,43.029],[-1.275,43.047],[-0.981,42.957],[-0.76,42.947],[-0.73,42.878],[-0.583,42.796],[-0.424,42.791],[-0.323,42.843],[-0.161,42.795],[-0.039,42.685],[0.169,42.726],[0.275,42.669],[0.644,42.684],[0.656,42.838],[1.068,42.776],[1.134,42.716],[1.319,42.713],[1.429,42.595],[1.467,42.641],[1.722,42.61],[1.707,42.503],[1.927,42.437],[2.052,42.352],[2.137,42.416],[2.277,42.429],[2.465,42.341],[2.64,42.373],[2.934,42.47],[3.181,42.431],[3.052,42.555],[3.039,42.943],[3.114,43.106],[3.244,43.219],[3.385,43.284],[3.513,43.281],[3.622,43.375],[3.939,43.533],[4.105,43.552],[4.206,43.46],[4.513,43.456],[4.566,43.371],[4.82,43.346],[4.928,43.44],[5.062,43.452],[5.029,43.559],[5.174,43.428],[5.006,43.382],[5.065,43.328],[5.294,43.355],[5.347,43.216],[5.634,43.187],[5.857,43.045],[5.941,43.134],[6.027,43.078],[6.68,43.202],[6.597,43.284],[6.731,43.408],[6.92,43.449],[6.976,43.547],[7.139,43.554],[7.152,43.655],[7.366,43.723],[7.407,43.764],[7.437,43.743],[7.502,43.792],[7.478,43.866],[7.692,44.085],[7.656,44.176],[7.381,44.123],[7.033,44.243],[6.866,44.372],[6.918,44.436],[6.846,44.547],[6.983,44.692],[7.055,44.685],[6.933,44.862],[6.728,44.929],[6.723,45.013],[6.603,45.103],[6.736,45.157],[6.844,45.13],[7.108,45.259],[7.161,45.411],[6.983,45.511],[6.963,45.641],[6.796,45.718],[6.801,45.826],[7.022,45.925],[6.854,46.123],[6.774,46.135],[6.828,46.269],[6.75,46.346],[6.763,46.429],[6.483,46.449],[6.302,46.394],[6.214,46.315],[6.281,46.24],[6.108,46.139],[5.959,46.13],[5.959,46.212],[6.09,46.246],[6.136,46.359],[6.054,46.419],[6.132,46.596],[6.429,46.761],[6.443,46.944],[6.599,46.987],[6.956,47.245],[7.044,47.34],[6.867,47.354],[7.01,47.499],[7.181,47.488],[7.245,47.418],[7.379,47.431],[7.586,47.585],[7.522,47.67],[7.526,47.783],[7.619,48.003],[7.573,48.095],[7.752,48.355],[7.81,48.615],[7.97,48.757],[8.103,48.821],[8.2,48.959],[7.932,49.035],[7.649,49.036],[7.391,49.17],[7.268,49.106],[6.833,49.209],[6.701,49.173],[6.495,49.436],[6.345,49.455],[6.136,49.495],[5.961,49.441],[5.791,49.538],[5.645,49.544],[5.478,49.495],[5.402,49.602],[5.298,49.613],[4.95,49.796],[4.858,49.787],[4.788,49.974],[4.872,50.14],[4.682,50.084],[4.657,49.989],[4.435,49.932],[4.14,49.975],[4.21,50.06],[4.126,50.128],[4.204,50.252],[4.023,50.338],[3.662,50.319],[3.644,50.446],[3.463,50.519],[3.271,50.527],[3.146,50.769],[2.787,50.723],[2.59,50.842],[2.608,50.961],[2.522,51.088]]],[[[-60.81,14.462],[-60.848,14.596],[-60.935,14.688],[-60.879,14.777],[-60.961,14.75],[-61.002,14.811],[-61.171,14.876],[-61.229,14.822],[-61.16,14.667],[-61.016,14.613],[-61.106,14.517],[-61.07,14.467],[-60.81,14.462]]],[[[-61.194,15.932],[-61.268,16.009],[-61.332,15.932],[-61.305,15.878],[-61.194,15.932]]],[[[-61.552,16.286],[-61.771,16.349],[-61.797,16.251],[-61.769,16.088],[-61.695,15.949],[-61.597,15.997],[-61.558,16.086],[-61.552,16.286]]],[[[-61.544,16.285],[-61.503,16.213],[-61.188,16.264],[-61.394,16.389],[-61.459,16.512],[-61.534,16.449],[-61.496,16.381],[-61.544,16.285]]],[[[55.788,-21.103],[55.703,-20.949],[55.578,-20.875],[55.408,-20.863],[55.287,-20.912],[55.225,-21.048],[55.355,-21.275],[55.554,-21.364],[55.707,-21.367],[55.821,-21.325],[55.855,-21.157],[55.788,-21.103]]],[[[45.201,-12.723],[45.091,-12.647],[45.042,-12.698],[45.132,-12.887],[45.097,-12.982],[45.213,-12.852],[45.201,-12.723]]],[[[8.566,42.209],[8.586,42.133],[8.743,42.044],[8.586,41.969],[8.614,41.901],[8.744,41.933],[8.785,41.824],[8.696,41.729],[8.923,41.695],[8.802,41.639],[8.792,41.561],[9.121,41.435],[9.223,41.373],[9.265,41.531],[9.341,41.569],[9.402,41.706],[9.403,41.953],[9.553,42.113],[9.532,42.544],[9.457,42.606],[9.484,42.832],[9.422,43.017],[9.342,42.991],[9.306,42.839],[9.343,42.749],[9.292,42.675],[9.107,42.726],[9.018,42.65],[8.716,42.562],[8.651,42.423],[8.56,42.346],[8.689,42.281],[8.566,42.209]]],[[[-1.219,45.944],[-1.405,46.053],[-1.378,45.976],[-1.209,45.814],[-1.219,45.944]]],[[[-1.281,46.156],[-1.308,46.207],[-1.491,46.224],[-1.281,46.156]]],[[[-3.115,47.331],[-3.25,47.395],[-3.241,47.321],[-3.115,47.331]]]]},"properties":{"NAME":"France","ADMIN":"France","ISO_A2":"FR","ISO_A3":"-99","CONTINENT":"Europe","SUBREGION":"Western Europe","POP_EST":67059887,"GDP_MD":2715518,"LABEL_X":2.552275,"LABEL_Y":46.696113,"ID":"FR"}},{"type":"Feature","geometry":{"type":"Polygon","coordinates":[[[-54.615,2.326],[-54.52,2.349],[-54.493,2.417],[-54.359,2.508],[-54.213,2.776],[-54.163,2.97],[-54.211,3.127],[-54.003,3.455],[-53.989,3.611],[-54.05,3.635],[-54.126,3.789],[-54.187,3.815],[-54.344,4.025],[-54.339,4.152],[-54.393,4.244],[-54.451,4.484],[-54.435,4.709],[-54.479,4.755],[-54.482,4.913],[-54.43,5.053],[-54.269,5.269],[-54.171,5.348],[-54.074,5.49],[-53.986,5.746],[-54.037,5.842],[-54.472,5.941],[-54.774,5.985],[-55.085,5.991],[-55.16,5.958],[-55.017,5.872],[-55.221,5.9],[-55.336,5.963],[-55.637,5.986],[-55.844,5.976],[-55.947,5.896],[-55.936,5.805],[-56.304,5.893],[-56.574,5.941],[-56.66,5.98],[-56.957,6.012],[-57.066,5.95],[-57.126,5.818],[-57.18,5.531],[-57.248,5.485],[-57.324,5.339],[-57.287,5.239],[-57.238,5.269],[-57.185,5.183],[-57.289,5.171],[-57.28,5.026],[-57.49,4.991],[-57.72,4.99],[-57.85,4.923],[-57.919,4.83],[-57.837,4.651],[-57.953,4.41],[-57.965,4.282],[-58.068,4.151],[-58.032,3.988],[-57.942,3.905],[-57.854,3.767],[-57.83,3.662],[-57.644,3.517],[-57.658,3.395],[-57.565,3.35],[-57.308,3.395],[-57.275,3.134],[-57.206,3.028],[-57.235,2.97],[-57.175,2.819],[-57.027,2.648],[-56.994,2.505],[-56.96,2.525],[-56.931,2.393],[-56.826,2.262],[-56.801,2.166],[-56.705,2.03],[-56.58,2.017],[-56.482,1.942],[-56.367,1.929],[-56.02,1.834],[-55.922,1.886],[-55.915,2.038],[-56.073,2.242],[-56.135,2.249],[-56.117,2.333],[-56.013,2.399],[-55.989,2.521],[-55.925,2.516],[-55.724,2.397],[-55.608,2.434],[-55.4,2.43],[-55.303,2.52],[-55.172,2.559],[-55.112,2.528],[-54.954,2.599],[-54.979,2.543],[-54.842,2.433],[-54.703,2.446],[-54.704,2.325],[-54.615,2.326]]]},"properties":{"NAME":"Suriname","ADMIN":"Suriname","ISO_A2":"SR","ISO_A3":"SUR","CONTINENT":"South America","SUBREGION":"South America","POP_EST":581363,"GDP_MD":3697,"LABEL_X":-55.91094,"LABEL_Y":4.143987,"ID":"SUR"}},{"type":"Feature","geometry":{"type":"Polygon","coordinates":[[[-56.482,1.942],[-56.58,2.017],[-56.705,2.03],[-56.801,2.166],[-56.826,2.262],[-56.931,2.393],[-56.96,2.525],[-56.994,2.505],[-57.027,2.648],[-57.175,2.819],[-57.235,2.97],[-57.206,3.028],[-57.275,3.134],[-57.308,3.395],[-57.565,3.35],[-57.658,3.395],[-57.644,3.517],[-57.83,3.662],[-57.854,3.767],[-57.942,3.905],[-58.032,3.988],[-58.068,4.151],[-57.965,4.282],[-57.953,4.41],[-57.837,4.651],[-57.919,4.83],[-57.85,4.923],[-57.72,4.99],[-57.49,4.991],[-57.28,5.026],[-57.289,5.171],[-57.185,5.183],[-57.238,5.269],[-57.287,5.239],[-57.324,5.339],[-57.248,5.485],[-57.162,5.639],[-57.183,5.731],[-57.137,5.882],[-57.167,6.085],[-57.29,6.235],[-57.466,6.338],[-57.529,6.266],[-57.599,6.427],[-57.892,6.696],[-58.068,6.822],[-58.17,6.813],[-58.274,6.881],[-58.398,6.883],[-58.462,6.822],[-58.567,6.637],[-58.581,6.463],[-58.686,6.382],[-58.611,6.51],[-58.598,6.808],[-58.551,6.947],[-58.485,7.011],[-58.464,7.312],[-58.49,7.376],[-58.663,7.585],[-58.738,7.588],[-58.833,7.738],[-59.165,8.059],[-59.454,8.243],[-59.756,8.411],[-59.735,8.329],[-59.838,8.369],[-60.021,8.558],[-59.816,8.288],[-59.848,8.228],[-59.993,8.169],[-60.019,8.06],[-60.231,7.964],[-60.375,7.824],[-60.503,7.821],[-60.582,7.736],[-60.601,7.634],[-60.731,7.525],[-60.602,7.33],[-60.643,7.221],[-60.548,7.126],[-60.475,7.189],[-60.372,7.172],[-60.292,7.105],[-60.377,6.939],[-60.621,6.846],[-60.722,6.76],[-60.908,6.815],[-60.934,6.732],[-61.13,6.716],[-61.21,6.541],[-61.139,6.425],[-61.161,6.342],[-61.122,6.187],[-61.269,6.107],[-61.38,5.905],[-60.74,5.202],[-60.456,5.175],[-60.333,5.194],[-60.213,5.267],[-60.132,5.243],[-60.091,5.158],[-59.983,5.086],[-60.032,4.725],[-60.149,4.513],[-59.943,4.504],[-59.687,4.381],[-59.738,4.287],[-59.727,4.176],[-59.646,4.134],[-59.663,4.08],[-59.529,3.932],[-59.68,3.702],[-59.838,3.609],[-59.821,3.363],[-59.959,3.066],[-60,2.694],[-59.907,2.459],[-59.903,2.36],[-59.742,2.264],[-59.765,1.921],[-59.75,1.851],[-59.646,1.84],[-59.682,1.766],[-59.573,1.727],[-59.242,1.378],[-59.011,1.328],[-58.898,1.218],[-58.772,1.201],[-58.683,1.282],[-58.519,1.267],[-58.481,1.334],[-58.514,1.439],[-58.386,1.49],[-58.332,1.593],[-58.149,1.519],[-58.027,1.517],[-57.985,1.658],[-57.905,1.649],[-57.791,1.705],[-57.561,1.709],[-57.429,1.9],[-57.341,1.969],[-57.238,1.949],[-57.104,2.021],[-57.011,1.919],[-56.806,1.874],[-56.64,1.937],[-56.575,1.905],[-56.482,1.942]]]},"properties":{"NAME":"Guyana","ADMIN":"Guyana","ISO_A2":"GY","ISO_A3":"GUY","CONTINENT":"South America","SUBREGION":"South America","POP_EST":782766,"GDP_MD":5173,"LABEL_X":-58.942643,"LABEL_Y":5.124317,"ID":"GUY"}},{"type":"Feature","geometry":{"type":"MultiPolygon","coordinates":[[[[128.365,38.624],[128.275,38.571],[128.268,38.454],[128.172,38.356],[128.04,38.304],[127.801,38.294],[127.754,38.325],[127.472,38.296],[127.157,38.307],[127.027,38.254],[126.762,37.979],[126.666,37.938],[126.667,37.828],[126.701,37.743],[126.531,37.755],[126.604,37.549],[126.615,37.38],[126.823,37.296],[126.792,37.223],[126.658,37.254],[126.703,37.125],[126.802,37.185],[126.755,37.049],[126.913,36.93],[126.851,36.754],[126.796,36.956],[126.519,37.055],[126.484,36.841],[126.445,37.003],[126.357,36.789],[126.323,36.883],[126.213,36.857],[126.128,36.761],[126.229,36.685],[126.343,36.74],[126.424,36.607],[126.441,36.724],[126.512,36.603],[126.458,36.596],[126.527,36.37],[126.573,36.343],[126.497,36.16],[126.589,36.131],[126.692,36],[126.521,35.971],[126.612,35.89],[126.806,35.867],[126.701,35.84],[126.791,35.791],[126.629,35.775],[126.468,35.64],[126.513,35.577],[126.655,35.596],[126.493,35.525],[126.357,35.26],[126.452,35.1],[126.411,35.061],[126.269,35.137],[126.374,35.017],[126.425,34.891],[126.37,34.801],[126.501,34.808],[126.508,34.718],[126.603,34.633],[126.379,34.711],[126.465,34.585],[126.37,34.609],[126.29,34.75],[126.271,34.642],[126.391,34.534],[126.527,34.569],[126.466,34.472],[126.48,34.349],[126.603,34.3],[126.63,34.389],[126.761,34.479],[126.898,34.418],[127.01,34.612],[127.214,34.706],[127.248,34.767],[127.358,34.698],[127.241,34.671],[127.13,34.564],[127.223,34.547],[127.316,34.445],[127.439,34.541],[127.344,34.578],[127.504,34.591],[127.362,34.773],[127.382,34.828],[127.522,34.859],[127.584,34.746],[127.556,34.685],[127.641,34.618],[127.656,34.731],[127.75,34.737],[127.775,34.829],[127.657,34.812],[127.576,34.897],[127.744,34.96],[127.83,34.945],[128.054,35.036],[128.064,34.928],[128.207,34.891],[128.224,34.938],[128.435,34.843],[128.42,34.983],[128.371,35.007],[128.478,35.099],[128.918,35.082],[128.965,35.044],[129.12,35.15],[129.194,35.156],[129.269,35.317],[129.36,35.354],[129.358,35.452],[129.455,35.513],[129.443,35.636],[129.498,35.748],[129.555,36.082],[129.433,35.996],[129.382,36.202],[129.441,36.408],[129.423,36.617],[129.471,36.772],[129.331,37.282],[129.148,37.505],[129.064,37.679],[128.924,37.802],[128.632,38.145],[128.365,38.624]]],[[[126.405,36.459],[126.36,36.609],[126.315,36.582],[126.364,36.411],[126.405,36.459]]],[[[126.946,33.478],[126.792,33.564],[126.485,33.521],[126.311,33.464],[126.206,33.376],[126.171,33.269],[126.286,33.2],[126.841,33.31],[126.946,33.478]]],[[[126.38,34.498],[126.264,34.576],[126.103,34.403],[126.21,34.359],[126.336,34.403],[126.38,34.498]]],[[[128.07,34.815],[127.962,34.807],[127.902,34.94],[127.829,34.869],[127.868,34.722],[127.954,34.76],[128.06,34.708],[128.07,34.815]]],[[[128.749,34.869],[128.725,35.009],[128.624,34.954],[128.646,34.891],[128.536,34.904],[128.529,34.808],[128.678,34.725],[128.749,34.869]]],[[[126.563,37.514],[126.356,37.466],[126.443,37.421],[126.563,37.514]]],[[[130.904,37.546],[130.811,37.487],[130.897,37.463],[130.904,37.546]]],[[[126.508,37.597],[126.521,37.751],[126.425,37.824],[126.37,37.785],[126.41,37.602],[126.508,37.597]]],[[[128.073,34.845],[128.002,34.913],[127.964,34.86],[128.073,34.845]]],[[[126.764,34.309],[126.654,34.395],[126.689,34.301],[126.764,34.309]]]]},"properties":{"NAME":"South Korea","ADMIN":"South Korea","ISO_A2":"KR","ISO_A3":"KOR","CONTINENT":"Asia","SUBREGION":"Eastern Asia","POP_EST":51709098,"GDP_MD":1646739,"LABEL_X":128.129504,"LABEL_Y":36.384924,"ID":"KOR"}},{"type":"Feature","geometry":{"type":"Polygon","coordinates":[[[128.365,38.624],[128.283,38.755],[128.21,38.728],[128.091,38.844],[128.015,38.858],[127.77,39.109],[127.452,39.166],[127.372,39.24],[127.378,39.371],[127.483,39.437],[127.563,39.344],[127.52,39.51],[127.575,39.595],[127.521,39.747],[127.624,39.831],[127.875,39.893],[128.007,40.045],[128.164,40.018],[128.665,40.201],[128.619,40.297],[128.861,40.372],[128.976,40.46],[129.078,40.473],[129.173,40.569],[129.218,40.696],[129.303,40.674],[129.352,40.745],[129.717,40.835],[129.756,40.939],[129.712,41.123],[129.806,41.376],[129.659,41.465],[129.649,41.549],[129.775,41.759],[129.843,41.759],[129.897,41.904],[129.954,41.892],[130.073,42.078],[130.199,42.101],[130.202,42.174],[130.307,42.183],[130.407,42.325],[130.51,42.336],[130.598,42.263],[130.7,42.295],[130.531,42.53],[130.484,42.61],[130.325,42.65],[130.243,42.743],[130.239,42.902],[130.099,42.922],[130.121,42.982],[129.852,42.962],[129.761,42.746],[129.703,42.442],[129.592,42.448],[129.535,42.37],[129.34,42.445],[129.243,42.379],[129.211,42.22],[128.964,42.089],[128.903,42.026],[128.721,42.048],[128.502,41.996],[128.262,42.033],[128.035,41.994],[128.04,41.88],[128.159,41.712],[128.303,41.583],[128.146,41.376],[128.001,41.471],[127.849,41.431],[127.638,41.43],[127.543,41.491],[127.269,41.505],[127.097,41.612],[127.033,41.732],[126.93,41.801],[126.789,41.696],[126.618,41.666],[126.501,41.434],[126.522,41.352],[126.441,41.348],[126.261,41.143],[126.147,41.092],[126.015,40.909],[125.761,40.886],[125.56,40.778],[125.413,40.632],[125.256,40.615],[125.025,40.534],[125.026,40.457],[124.896,40.484],[124.712,40.31],[124.643,40.294],[124.37,40.098],[124.41,40.036],[124.322,39.913],[124.434,39.831],[124.564,39.814],[124.649,39.612],[124.76,39.748],[124.866,39.714],[125.117,39.566],[125.286,39.521],[125.43,39.575],[125.346,39.46],[125.459,39.385],[125.445,39.311],[125.199,38.986],[125.137,38.804],[125.308,38.707],[125.439,38.776],[125.658,38.631],[125.463,38.707],[125.138,38.662],[125.128,38.58],[124.998,38.593],[125.021,38.515],[124.884,38.355],[124.856,38.227],[124.677,38.115],[124.885,38.132],[125.014,38.062],[125.248,38.084],[125.246,38.02],[125.116,38.042],[125.005,37.958],[125.013,37.906],[125.158,37.868],[125.24,37.93],[125.301,37.895],[125.24,37.823],[125.327,37.813],[125.446,37.92],[125.51,37.894],[125.377,37.782],[125.335,37.686],[125.504,37.779],[125.62,37.765],[125.631,37.925],[125.719,37.953],[125.597,38.032],[125.804,37.989],[125.896,37.865],[125.986,37.823],[125.959,37.912],[126.158,37.733],[126.149,37.822],[126.398,37.892],[126.576,37.778],[126.667,37.828],[126.666,37.938],[126.762,37.979],[127.027,38.254],[127.157,38.307],[127.472,38.296],[127.754,38.325],[127.801,38.294],[128.04,38.304],[128.172,38.356],[128.268,38.454],[128.275,38.571],[128.365,38.624]]]},"properties":{"NAME":"North Korea","ADMIN":"North Korea","ISO_A2":"KP","ISO_A3":"PRK","CONTINENT":"Asia","SUBREGION":"Eastern Asia","POP_EST":25666161,"GDP_MD":40000,"LABEL_X":126.444516,"LABEL_Y":39.885252,"ID":"PRK"}},{"type":"Feature","geometry":{"type":"Polygon","coordinates":[[[-5.399,35.925],[-5.599,35.822],[-5.908,35.797],[-6.024,35.501],[-6.205,35.125],[-6.292,34.881],[-6.558,34.418],[-6.822,34.04],[-7.099,33.84],[-7.229,33.801],[-7.497,33.65],[-7.87,33.527],[-8.107,33.431],[-8.243,33.405],[-8.452,33.264],[-8.529,33.269],[-8.629,33.128],[-8.868,32.882],[-8.999,32.797],[-9.26,32.577],[-9.247,32.472],[-9.292,32.351],[-9.27,32.227],[-9.366,32.026],[-9.667,31.731],[-9.689,31.635],[-9.848,31.402],[-9.811,31.367],[-9.835,31.145],[-9.82,30.792],[-9.887,30.687],[-9.7,30.543],[-9.612,30.404],[-9.655,30.127],[-9.82,29.839],[-10.053,29.6],[-10.142,29.429],[-10.348,29.229],[-10.451,29.092],[-10.574,28.99],[-11.048,28.762],[-11.326,28.515],[-11.486,28.326],[-12.006,28.123],[-12.061,28.089],[-12.335,28.047],[-12.514,27.995],[-12.839,27.97],[-12.968,27.915],[-13.061,27.743],[-13.171,27.685],[-13.301,27.324],[-13.402,27.177],[-13.501,26.858],[-13.62,26.689],[-13.924,26.501],[-14.18,26.424],[-14.299,26.302],[-14.41,26.26],[-14.493,26.133],[-14.52,25.924],[-14.621,25.784],[-14.715,25.526],[-14.782,25.447],[-14.85,25.214],[-14.836,24.919],[-14.908,24.685],[-15.015,24.562],[-15.172,24.494],[-15.298,24.345],[-15.445,24.222],[-15.62,24.026],[-15.841,23.903],[-16.01,23.655],[-15.948,23.684],[-15.862,23.836],[-15.765,23.857],[-15.83,23.686],[-15.967,23.513],[-16.135,23.185],[-16.22,23.076],[-16.16,23.082],[-16.173,22.973],[-16.29,22.9],[-16.357,22.583],[-16.429,22.51],[-16.522,22.315],[-16.707,22.275],[-16.817,22.131],[-16.921,21.931],[-16.967,21.781],[-16.971,21.593],[-17.014,21.42],[-16.73,21.47],[-16.19,21.481],[-16.04,21.5],[-15.75,21.49],[-15.46,21.45],[-15.15,21.441],[-14.84,21.45],[-14.67,21.6],[-14.61,21.75],[-14.63,21.86],[-14.44,22.08],[-14.31,22.191],[-14.22,22.31],[-14.19,22.45],[-14.17,22.76],[-14.02,23.41],[-13.89,23.69],[-13.77,23.79],[-13.31,23.981],[-13.23,24.09],[-13.06,24.4],[-12.99,24.47],[-12.71,24.63],[-12.43,24.83],[-12.31,25.11],[-12.17,25.64],[-12.03,26.03],[-11.717,26.104],[-11.636,26.295],[-11.47,26.52],[-11.337,26.633],[-11.316,26.744],[-11.392,26.883],[-10.922,27.01],[-10.757,27.02],[-10.55,26.99],[-10.25,26.86],[-10.032,26.91],[-9.899,26.85],[-9.734,26.86],[-9.412,27.088],[-9.001,27.09],[-8.794,27.12],[-8.753,27.19],[-8.802,27.36],[-8.773,27.46],[-8.817,27.661],[-8.682,27.661],[-8.682,28.666],[-8.649,28.726],[-8.418,28.852],[-8.383,28.906],[-8.07,29.079],[-7.619,29.389],[-7.35,29.383],[-7.147,29.509],[-6.958,29.509],[-6.784,29.446],[-6.7,29.516],[-6.273,29.579],[-6.001,29.579],[-5.756,29.614],[-5.721,29.523],[-5.54,29.523],[-5.435,29.642],[-5.274,29.887],[-5.176,29.977],[-4.876,30.18],[-4.624,30.285],[-4.484,30.383],[-4.372,30.509],[-4.156,30.586],[-3.834,30.627],[-3.646,30.711],[-3.66,30.837],[-3.555,30.956],[-3.636,31.096],[-3.749,31.18],[-3.827,31.144],[-3.819,31.319],[-3.673,31.389],[-3.66,31.648],[-3.219,31.718],[-2.828,31.795],[-2.939,32.049],[-2.516,32.132],[-1.25,32.082],[-1.212,32.158],[-1.305,32.151],[-1.218,32.393],[-1.123,32.418],[-1.048,32.517],[-1.423,32.742],[-1.559,32.934],[-1.5,33.06],[-1.674,33.238],[-1.683,33.369],[-1.613,33.521],[-1.662,33.645],[-1.741,33.687],[-1.703,33.773],[-1.719,33.898],[-1.675,34.106],[-1.81,34.372],[-1.703,34.48],[-1.871,34.597],[-1.77,34.741],[-2.194,35.004],[-2.223,35.089],[-2.417,35.149],[-2.563,35.096],[-2.905,35.174],[-2.913,35.277],[-2.948,35.33],[-2.969,35.446],[-3.045,35.314],[-3.195,35.238],[-3.413,35.198],[-3.591,35.233],[-3.674,35.288],[-3.765,35.218],[-3.904,35.214],[-3.919,35.267],[-4.376,35.152],[-4.77,35.241],[-5.066,35.417],[-5.249,35.585],[-5.323,35.714],[-5.341,35.847],[-5.399,35.925]]]},"properties":{"NAME":"Morocco","ADMIN":"Morocco","ISO_A2":"MA","ISO_A3":"MAR","CONTINENT":"Africa","SUBREGION":"Northern Africa","POP_EST":36471769,"GDP_MD":119700,"LABEL_X":-7.187296,"LABEL_Y":31.650723,"ID":"MAR"}},{"type":"Feature","geometry":{"type":"Polygon","coordinates":[[[-83.696,10.937],[-83.663,10.807],[-83.933,10.718],[-84.023,10.787],[-84.192,10.782],[-84.208,10.861],[-84.355,10.995],[-84.418,10.955],[-84.676,11.07],[-84.931,10.942],[-85.509,11.152],[-85.598,11.21],[-85.702,11.081],[-85.746,11.021],[-85.711,10.928],[-85.829,10.949],[-85.909,10.886],[-85.665,10.779],[-85.701,10.562],[-85.782,10.543],[-85.776,10.447],[-85.875,10.355],[-85.779,10.08],[-85.639,9.905],[-85.44,9.865],[-85.276,9.782],[-85.118,9.555],[-85.063,9.665],[-84.865,9.823],[-84.911,9.905],[-85.145,9.999],[-85.226,10.089],[-85.254,10.241],[-85.176,10.166],[-85.09,10.172],[-84.898,10.015],[-84.734,9.967],[-84.635,9.783],[-84.678,9.651],[-84.522,9.519],[-84.458,9.526],[-84.208,9.465],[-84.179,9.398],[-83.918,9.295],[-83.787,9.199],[-83.63,9.035],[-83.588,8.835],[-83.668,8.683],[-83.74,8.624],[-83.576,8.445],[-83.462,8.443],[-83.287,8.377],[-83.287,8.542],[-83.405,8.589],[-83.482,8.713],[-83.384,8.74],[-83.24,8.624],[-83.171,8.637],[-83.1,8.431],[-83.151,8.369],[-82.968,8.221],[-82.898,8.035],[-82.886,8.102],[-82.944,8.249],[-83.053,8.315],[-82.87,8.438],[-82.85,8.63],[-82.923,8.756],[-82.867,8.838],[-82.719,8.922],[-82.749,8.974],[-82.939,9.06],[-82.944,9.437],[-82.861,9.484],[-82.829,9.603],[-82.619,9.487],[-82.574,9.576],[-82.636,9.635],[-82.772,9.661],[-82.95,9.868],[-83.026,10.005],[-83.085,10.002],[-83.204,10.129],[-83.466,10.495],[-83.575,10.768],[-83.609,10.746],[-83.624,10.903],[-83.665,10.935],[-83.687,10.938],[-83.696,10.937]]]},"properties":{"NAME":"Costa Rica","ADMIN":"Costa Rica","ISO_A2":"CR","ISO_A3":"CRI","CONTINENT":"North America","SUBREGION":"Central America","POP_EST":5047561,"GDP_MD":61801,"LABEL_X":-84.077922,"LABEL_Y":10.0651,"ID":"CRI"}},{"type":"Feature","geometry":{"type":"Polygon","coordinates":[[[-85.702,11.081],[-85.598,11.21],[-85.509,11.152],[-84.931,10.942],[-84.676,11.07],[-84.418,10.955],[-84.355,10.995],[-84.208,10.861],[-84.192,10.782],[-84.023,10.787],[-83.933,10.718],[-83.663,10.807],[-83.696,10.937],[-83.837,11.143],[-83.868,11.375],[-83.794,11.444],[-83.761,11.557],[-83.653,11.612],[-83.7,11.85],[-83.743,11.805],[-83.836,11.871],[-83.76,11.947],[-83.767,12.043],[-83.679,12.009],[-83.686,12.137],[-83.617,12.348],[-83.734,12.363],[-83.767,12.547],[-83.589,12.632],[-83.646,12.787],[-83.545,12.797],[-83.564,12.591],[-83.638,12.565],[-83.618,12.375],[-83.492,12.4],[-83.541,12.581],[-83.508,12.903],[-83.57,13.287],[-83.494,13.738],[-83.431,13.957],[-83.219,14.25],[-83.192,14.387],[-83.299,14.771],[-83.338,14.731],[-83.414,14.828],[-83.308,14.911],[-83.287,14.826],[-83.18,14.986],[-83.13,14.997],[-83.266,14.982],[-83.39,15.031],[-83.616,14.873],[-83.821,14.825],[-83.869,14.777],[-84.183,14.714],[-84.262,14.759],[-84.267,14.678],[-84.363,14.716],[-84.483,14.619],[-84.527,14.66],[-84.699,14.675],[-84.77,14.805],[-84.904,14.817],[-85.002,14.741],[-85.022,14.606],[-85.086,14.545],[-85.138,14.578],[-85.206,14.407],[-85.158,14.338],[-85.321,14.281],[-85.432,14.133],[-85.699,13.962],[-85.725,13.848],[-85.824,13.848],[-86.097,14.044],[-86.284,13.846],[-86.314,13.777],[-86.41,13.749],[-86.542,13.782],[-86.727,13.768],[-86.774,13.655],[-86.702,13.314],[-86.911,13.24],[-86.92,13.096],[-87.035,12.98],[-87.314,12.982],[-87.435,12.922],[-87.584,13.057],[-87.667,12.982],[-87.647,12.872],[-87.463,12.786],[-87.345,12.619],[-87.002,12.341],[-86.798,12.219],[-86.69,12.024],[-86.496,11.759],[-86.336,11.611],[-85.928,11.311],[-85.786,11.112],[-85.702,11.081]]]},"properties":{"NAME":"Nicaragua","ADMIN":"Nicaragua","ISO_A2":"NI","ISO_A3":"NIC","CONTINENT":"North America","SUBREGION":"Central America","POP_EST":6545502,"GDP_MD":12520,"LABEL_X":-85.069347,"LABEL_Y":12.670697,"ID":"NIC"}},{"type":"Feature","geometry":{"type":"Polygon","coordinates":[[[18.626,3.477],[18.582,3.477],[18.472,3.632],[18.249,3.575],[18.16,3.48],[18.082,3.563],[17.842,3.54],[17.808,3.609],[17.55,3.648],[17.459,3.708],[17.334,3.619],[16.969,3.533],[16.853,3.56],[16.812,3.522],[16.639,3.529],[16.568,3.464],[16.511,3.227],[16.465,3.157],[16.491,3.068],[16.446,2.958],[16.479,2.836],[16.197,2.236],[16.104,2.194],[16.065,1.979],[16.159,1.735],[16.07,1.655],[16.026,1.752],[15.89,1.793],[15.765,1.909],[15.483,1.976],[15.349,1.923],[15.234,2.031],[15.152,2.041],[15.092,1.984],[14.981,2.033],[14.892,2.006],[14.857,2.116],[14.765,2.065],[14.562,2.209],[14.433,2.132],[14.267,2.152],[13.295,2.161],[13.281,2.045],[13.162,1.9],[13.147,1.612],[13.239,1.428],[13.234,1.309],[13.15,1.257],[13.25,1.222],[13.357,1.289],[13.543,1.283],[13.642,1.357],[13.758,1.377],[13.795,1.434],[13.984,1.417],[14.05,1.376],[14.184,1.381],[14.252,1.331],[14.275,1.156],[14.401,0.97],[14.468,0.913],[14.448,0.816],[14.338,0.694],[14.329,0.621],[14.232,0.543],[14.076,0.539],[14.04,0.414],[13.945,0.35],[13.871,0.196],[13.921,-0.053],[13.831,-0.205],[14.059,-0.259],[14.121,-0.302],[14.16,-0.455],[14.293,-0.436],[14.467,-0.553],[14.499,-0.631],[14.452,-0.751],[14.457,-0.856],[14.392,-1.023],[14.466,-1.224],[14.432,-1.35],[14.488,-1.409],[14.463,-1.549],[14.365,-1.612],[14.413,-1.714],[14.371,-1.921],[14.252,-1.968],[14.238,-2.12],[14.151,-2.259],[14.23,-2.352],[14.136,-2.399],[14.081,-2.5],[13.885,-2.488],[13.848,-2.423],[13.906,-2.36],[13.743,-2.097],[13.694,-2.206],[13.469,-2.435],[13.361,-2.429],[13.187,-2.364],[12.966,-2.366],[13.011,-2.288],[12.895,-2.11],[12.805,-1.919],[12.583,-1.827],[12.499,-1.918],[12.423,-1.898],[12.431,-2.005],[12.5,-2.096],[12.459,-2.33],[12.062,-2.415],[11.938,-2.329],[11.756,-2.415],[11.605,-2.33],[11.558,-2.349],[11.61,-2.679],[11.531,-2.867],[11.637,-2.833],[11.778,-3.027],[11.706,-3.05],[11.688,-3.171],[11.944,-3.303],[11.828,-3.548],[11.898,-3.666],[11.82,-3.71],[11.649,-3.673],[11.57,-3.545],[11.483,-3.509],[11.414,-3.588],[11.213,-3.697],[11.114,-3.937],[11.358,-4.112],[11.401,-4.221],[11.693,-4.463],[11.825,-4.615],[11.782,-4.68],[11.82,-4.785],[12.01,-5.02],[12.131,-4.913],[12.188,-4.768],[12.235,-4.804],[12.332,-4.766],[12.387,-4.605],[12.608,-4.565],[12.762,-4.391],[12.854,-4.403],[12.902,-4.48],[13.074,-4.635],[13.112,-4.577],[13.172,-4.676],[13.359,-4.795],[13.393,-4.885],[13.515,-4.756],[13.571,-4.786],[13.712,-4.686],[13.711,-4.464],[13.79,-4.425],[13.876,-4.492],[13.955,-4.492],[14.021,-4.415],[14.146,-4.39],[14.369,-4.278],[14.47,-4.429],[14.35,-4.567],[14.407,-4.676],[14.401,-4.886],[14.52,-4.841],[14.634,-4.904],[14.831,-4.815],[14.931,-4.647],[15.098,-4.5],[15.204,-4.339],[15.459,-4.214],[15.567,-4.038],[15.883,-3.945],[16.053,-3.62],[16.116,-3.544],[16.227,-3.29],[16.193,-3.238],[16.177,-2.882],[16.226,-2.635],[16.177,-2.287],[16.231,-2.129],[16.523,-1.862],[16.617,-1.729],[16.636,-1.621],[16.84,-1.263],[17.029,-1.094],[17.298,-1.021],[17.411,-0.918],[17.75,-0.523],[17.716,-0.196],[17.757,-0.009],[17.854,0.241],[17.94,0.361],[17.952,0.474],[17.893,0.636],[17.908,0.74],[17.867,1.017],[17.963,1.191],[18.012,1.422],[18.071,1.551],[18.072,2.16],[18.174,2.336],[18.246,2.519],[18.393,2.714],[18.528,3.065],[18.613,3.128],[18.642,3.324],[18.626,3.477]]]},"properties":{"NAME":"Congo","ADMIN":"Republic of the Congo","ISO_A2":"CG","ISO_A3":"COG","CONTINENT":"Africa","SUBREGION":"Middle Africa","POP_EST":5380508,"GDP_MD":12267,"LABEL_X":15.9005,"LABEL_Y":0.142331,"ID":"COG"}},{"type":"Feature","geometry":{"type":"MultiPolygon","coordinates":[[[[18.626,3.477],[18.642,3.324],[18.613,3.128],[18.528,3.065],[18.393,2.714],[18.246,2.519],[18.174,2.336],[18.072,2.16],[18.071,1.551],[18.012,1.422],[17.963,1.191],[17.867,1.017],[17.908,0.74],[17.893,0.636],[17.952,0.474],[17.94,0.361],[17.854,0.241],[17.757,-0.009],[17.716,-0.196],[17.75,-0.523],[17.411,-0.918],[17.298,-1.021],[17.029,-1.094],[16.84,-1.263],[16.636,-1.621],[16.617,-1.729],[16.523,-1.862],[16.231,-2.129],[16.177,-2.287],[16.226,-2.635],[16.177,-2.882],[16.193,-3.238],[16.227,-3.29],[16.116,-3.544],[16.053,-3.62],[15.883,-3.945],[15.567,-4.038],[15.459,-4.214],[15.204,-4.339],[15.098,-4.5],[14.931,-4.647],[14.831,-4.815],[14.634,-4.904],[14.52,-4.841],[14.401,-4.886],[14.407,-4.676],[14.35,-4.567],[14.47,-4.429],[14.369,-4.278],[14.146,-4.39],[14.021,-4.415],[13.955,-4.492],[13.876,-4.492],[13.79,-4.425],[13.711,-4.464],[13.712,-4.686],[13.571,-4.786],[13.515,-4.756],[13.393,-4.885],[13.359,-4.795],[13.172,-4.676],[13.112,-4.577],[13.074,-4.635],[13.065,-4.664],[12.833,-4.723],[12.679,-4.924],[12.588,-5],[12.444,-5.055],[12.531,-5.163],[12.509,-5.726],[12.344,-5.725],[12.211,-5.763],[12.449,-6.052],[12.723,-5.979],[12.718,-5.931],[12.822,-5.83],[12.924,-5.815],[13.036,-5.857],[13.184,-5.856],[13.343,-5.891],[13.38,-5.856],[13.642,-5.866],[13.944,-5.842],[14.021,-5.873],[14.577,-5.905],[14.704,-5.881],[15.618,-5.866],[16.316,-5.855],[16.597,-5.925],[16.604,-6.062],[16.727,-6.189],[16.693,-6.398],[16.747,-6.522],[16.768,-6.708],[16.833,-6.828],[16.927,-6.889],[16.973,-7.015],[16.929,-7.061],[16.946,-7.205],[16.996,-7.298],[17.083,-7.342],[17.218,-7.586],[17.434,-7.916],[17.537,-8.015],[17.544,-8.085],[17.79,-8.082],[17.901,-8.048],[17.982,-8.105],[18.098,-8.109],[18.102,-8.033],[18.177,-7.999],[18.354,-8.016],[18.508,-7.998],[18.517,-7.932],[18.739,-7.932],[18.774,-8.002],[19.356,-8.002],[19.334,-7.867],[19.378,-7.73],[19.356,-7.574],[19.425,-7.58],[19.513,-7.479],[19.476,-7.316],[19.522,-7.002],[20.294,-7.002],[20.331,-6.917],[20.611,-6.916],[20.524,-7.143],[20.521,-7.286],[21.785,-7.283],[21.842,-7.37],[21.854,-7.586],[21.77,-7.807],[21.758,-8.015],[21.851,-8.143],[21.936,-8.413],[21.885,-8.782],[21.86,-8.846],[21.841,-9.276],[21.793,-9.394],[21.854,-9.618],[21.984,-9.749],[22.056,-9.875],[22.16,-9.931],[22.203,-10.131],[22.313,-10.369],[22.274,-10.503],[22.306,-10.551],[22.31,-10.77],[22.165,-10.852],[22.244,-11.078],[22.238,-11.25],[22.469,-11.122],[22.538,-11.037],[22.728,-11.097],[22.829,-11.052],[23.014,-11.102],[23.197,-11.072],[23.373,-10.975],[23.495,-10.964],[23.834,-11.028],[23.967,-10.872],[24.114,-10.919],[24.124,-11.043],[24.294,-11.05],[24.382,-11.121],[24.392,-11.279],[24.285,-11.381],[24.446,-11.464],[24.565,-11.445],[24.713,-11.326],[24.943,-11.269],[25.124,-11.259],[25.279,-11.2],[25.325,-11.284],[25.279,-11.396],[25.352,-11.646],[25.481,-11.715],[25.515,-11.776],[25.621,-11.729],[25.726,-11.801],[25.851,-11.794],[25.994,-11.905],[26.167,-11.902],[26.298,-11.941],[26.415,-11.912],[26.489,-11.961],[26.697,-12.017],[26.759,-11.969],[26.874,-11.964],[26.967,-11.87],[27.01,-11.61],[27.18,-11.57],[27.234,-11.809],[27.421,-11.922],[27.52,-12.18],[27.638,-12.294],[27.788,-12.297],[27.831,-12.26],[27.934,-12.303],[27.959,-12.368],[28.088,-12.378],[28.34,-12.451],[28.423,-12.521],[28.512,-12.668],[28.474,-12.736],[28.584,-12.889],[28.668,-12.849],[28.801,-13.002],[28.854,-13.137],[28.903,-13.162],[28.934,-13.31],[28.994,-13.396],[29.122,-13.384],[29.169,-13.434],[29.574,-13.225],[29.668,-13.292],[29.602,-13.374],[29.626,-13.43],[29.782,-13.456],[29.798,-13.424],[29.799,-12.154],[29.632,-12.216],[29.568,-12.192],[29.474,-12.243],[29.447,-12.335],[29.523,-12.393],[29.5,-12.453],[29.255,-12.366],[29.03,-12.376],[28.945,-12.206],[28.76,-12.035],[28.508,-11.873],[28.453,-11.781],[28.357,-11.447],[28.44,-11.348],[28.477,-11.078],[28.564,-10.812],[28.7,-10.643],[28.635,-10.519],[28.629,-10.296],[28.57,-10.22],[28.62,-10.142],[28.624,-9.951],[28.678,-9.804],[28.516,-9.378],[28.369,-9.309],[28.372,-9.235],[28.599,-9.096],[28.765,-8.934],[28.893,-8.766],[28.935,-8.591],[28.915,-8.473],[29.858,-8.33],[30.752,-8.194],[30.655,-7.927],[30.442,-7.596],[30.37,-7.31],[30.235,-7.057],[30.091,-6.89],[29.739,-6.652],[29.526,-6.273],[29.476,-6.002],[29.603,-5.782],[29.594,-5.62],[29.496,-5.392],[29.456,-5.23],[29.378,-5.088],[29.321,-4.836],[29.401,-4.587],[29.404,-4.45],[29.339,-4.093],[29.215,-3.9],[29.225,-3.589],[29.207,-3.335],[29.241,-3.266],[29.214,-3.166],[29.235,-3.047],[28.995,-2.814],[29.015,-2.721],[28.891,-2.653],[28.859,-2.418],[28.983,-2.287],[29.11,-2.237],[29.151,-2.15],[29.128,-1.916],[29.149,-1.799],[29.245,-1.641],[29.358,-1.51],[29.435,-1.507],[29.578,-1.388],[29.556,-0.919],[29.611,-0.864],[29.629,-0.442],[29.712,0.1],[29.801,0.172],[29.833,0.337],[29.94,0.498],[29.928,0.785],[30.038,0.879],[30.145,0.903],[30.221,1.017],[30.239,1.136],[30.478,1.239],[30.682,1.5],[31.026,1.778],[31.243,2.051],[31.267,2.173],[31.19,2.222],[31.178,2.303],[31.055,2.29],[30.985,2.395],[30.872,2.332],[30.795,2.44],[30.708,2.462],[30.739,2.603],[30.855,2.893],[30.745,3.036],[30.804,3.246],[30.91,3.393],[30.896,3.52],[30.84,3.49],[30.838,3.563],[30.747,3.675],[30.693,3.632],[30.543,3.613],[30.563,3.695],[30.525,3.868],[30.206,3.95],[30.123,4.102],[29.932,4.236],[29.883,4.344],[29.776,4.406],[29.797,4.556],[29.619,4.642],[29.449,4.657],[29.443,4.583],[29.304,4.387],[29.173,4.348],[28.986,4.496],[28.815,4.478],[28.755,4.554],[28.548,4.371],[28.404,4.278],[28.303,4.352],[28.178,4.347],[28.102,4.442],[28.05,4.419],[28.014,4.55],[27.838,4.56],[27.772,4.596],[27.767,4.735],[27.641,4.891],[27.553,4.901],[27.436,5.013],[27.441,5.071],[27.116,5.2],[26.962,5.151],[26.867,5.038],[26.761,5.088],[26.463,5.06],[26.391,5.149],[26.292,5.151],[26.13,5.259],[26.027,5.19],[25.972,5.228],[25.911,5.17],[25.826,5.195],[25.581,5.375],[25.364,5.311],[25.308,5.185],[25.349,5.142],[25.308,5.032],[25.129,5.019],[25.085,4.954],[24.958,4.991],[24.789,4.92],[24.671,4.957],[24.487,5.101],[24.396,5.122],[24.399,5.036],[24.297,5.003],[24.163,4.908],[24.09,4.92],[23.948,4.818],[23.817,4.821],[23.567,4.724],[23.388,4.587],[23.265,4.635],[23.169,4.738],[23.017,4.751],[22.986,4.826],[22.898,4.824],[22.854,4.711],[22.786,4.725],[22.689,4.492],[22.587,4.449],[22.609,4.363],[22.546,4.237],[22.423,4.135],[22.207,4.15],[22.009,4.242],[21.868,4.242],[21.723,4.295],[21.538,4.245],[21.358,4.286],[21.299,4.33],[21.211,4.292],[21.084,4.388],[20.872,4.453],[20.603,4.41],[20.452,4.529],[20.463,4.601],[20.339,4.772],[20.004,4.974],[19.891,5.002],[19.825,5.097],[19.72,5.136],[19.409,5.13],[19.083,4.909],[19.012,4.765],[18.828,4.56],[18.721,4.377],[18.576,4.373],[18.537,4.306],[18.62,4.17],[18.645,3.982],[18.593,3.71],[18.626,3.477]]],[[[12.905,-5.869],[12.745,-5.94],[12.807,-5.954],[12.995,-5.868],[12.905,-5.869]]]]},"properties":{"NAME":"Dem. Rep. Congo","ADMIN":"Democratic Republic of the Congo","ISO_A2":"CD","ISO_A3":"COD","CONTINENT":"Africa","SUBREGION":"Middle Africa","POP_EST":86790567,"GDP_MD":50400,"LABEL_X":23.458829,"LABEL_Y":-1.858167,"ID":"COD"}},{"type":"Feature","geometry":{"type":"Polygon","coordinates":[[[91.628,27.853],[91.622,27.951],[91.419,27.995],[91.29,28.091],[91.176,28.057],[91.093,27.972],[90.684,28.087],[90.475,28.072],[90.588,28.233],[90.354,28.299],[90.291,28.261],[90.226,28.358],[89.863,28.296],[89.756,28.184],[89.561,28.135],[89.445,28.031],[89.336,27.869],[89.225,27.808],[89.127,27.627],[89.051,27.608],[88.951,27.433],[88.997,27.331],[88.892,27.316],[88.73,27.151],[88.828,27.098],[88.852,26.945],[88.886,26.979],[89.097,26.821],[89.342,26.854],[89.443,26.797],[89.611,26.766],[89.598,26.721],[89.817,26.696],[90.089,26.742],[90.177,26.832],[90.383,26.892],[90.588,26.78],[90.717,26.767],[91.198,26.802],[91.276,26.774],[91.406,26.87],[91.521,26.798],[91.702,26.803],[91.795,26.854],[91.879,26.803],[91.893,26.881],[92.036,26.855],[92.084,26.937],[92,27.072],[91.996,27.158],[92.085,27.304],[91.975,27.472],[91.78,27.456],[91.657,27.479],[91.595,27.546],[91.58,27.658],[91.628,27.853]]]},"properties":{"NAME":"Bhutan","ADMIN":"Bhutan","ISO_A2":"BT","ISO_A3":"BTN","CONTINENT":"Asia","SUBREGION":"Southern Asia","POP_EST":763092,"GDP_MD":2530,"LABEL_X":90.040294,"LABEL_Y":27.536685,"ID":"BTN"}},{"type":"Feature","geometry":{"type":"Polygon","coordinates":[[[31.764,52.101],[31.475,52.118],[31.252,52.044],[30.959,52.075],[30.811,51.918],[30.662,51.819],[30.515,51.604],[30.618,51.46],[30.638,51.336],[30.54,51.235],[30.355,51.305],[30.329,51.389],[30.149,51.484],[29.847,51.433],[29.618,51.486],[29.466,51.385],[29.32,51.366],[29.124,51.625],[28.864,51.559],[28.729,51.401],[28.604,51.554],[28.347,51.525],[28.21,51.652],[28.071,51.558],[27.813,51.602],[27.73,51.465],[27.677,51.595],[27.477,51.624],[27.254,51.595],[27.178,51.747],[26.855,51.749],[26.666,51.801],[26.446,51.806],[26.408,51.851],[26.175,51.857],[26.081,51.901],[25.768,51.929],[25.352,51.921],[25.183,51.95],[24.722,51.882],[24.391,51.88],[24.244,51.718],[23.981,51.586],[23.75,51.644],[23.594,51.605],[23.606,51.517],[23.698,51.404],[23.634,51.339],[23.875,51.136],[23.912,51.007],[24.131,50.839],[23.97,50.825],[24.081,50.713],[24.108,50.541],[23.981,50.405],[23.748,50.389],[23.101,49.957],[22.641,49.529],[22.724,49.367],[22.706,49.169],[22.853,49.085],[22.855,48.994],[22.755,49.045],[22.54,49.072],[22.362,48.844],[22.322,48.7],[22.154,48.586],[22.133,48.405],[22.272,48.403],[22.357,48.243],[22.481,48.243],[22.6,48.101],[22.746,48.116],[22.862,48.028],[22.878,47.947],[23.02,47.985],[23.119,48.092],[23.231,48.08],[23.36,47.993],[23.78,47.988],[23.877,47.934],[23.977,47.962],[24.231,47.897],[24.429,47.953],[24.562,47.941],[24.794,47.804],[24.897,47.71],[25.122,47.77],[25.262,47.899],[25.753,47.935],[26.173,47.993],[26.287,48.125],[26.303,48.212],[26.618,48.259],[26.68,48.33],[26.786,48.294],[26.843,48.394],[26.943,48.351],[27.026,48.397],[27.176,48.362],[27.504,48.472],[27.752,48.452],[27.926,48.339],[28.056,48.321],[28.079,48.245],[28.2,48.212],[28.368,48.231],[28.49,48.065],[28.519,48.149],[28.799,48.112],[28.95,47.935],[29.124,47.976],[29.236,47.871],[29.178,47.79],[29.182,47.613],[29.117,47.533],[29.41,47.28],[29.557,47.324],[29.551,47.16],[29.481,47.117],[29.603,47.046],[29.559,46.946],[29.928,46.81],[29.951,46.743],[29.916,46.519],[29.995,46.499],[30.081,46.374],[29.848,46.341],[29.714,46.471],[29.599,46.363],[29.458,46.485],[29.362,46.416],[29.321,46.469],[29.201,46.357],[29.163,46.538],[28.946,46.455],[28.934,46.259],[29.015,46.183],[28.946,46.105],[28.957,46.001],[28.758,45.961],[28.738,45.838],[28.577,45.762],[28.474,45.658],[28.537,45.58],[28.481,45.502],[28.271,45.522],[28.199,45.462],[28.33,45.323],[28.577,45.248],[28.779,45.231],[28.79,45.321],[28.93,45.279],[28.966,45.32],[29.322,45.444],[29.57,45.395],[29.65,45.346],[29.659,45.216],[29.756,45.321],[29.732,45.476],[29.605,45.487],[29.695,45.562],[29.59,45.559],[29.643,45.827],[29.734,45.614],[29.865,45.672],[29.802,45.737],[29.932,45.724],[29.991,45.847],[30.138,45.82],[30.494,46.08],[30.798,46.446],[30.755,46.516],[30.991,46.601],[31.187,46.629],[31.338,46.601],[31.429,46.638],[31.618,46.813],[31.481,46.646],[31.858,46.629],[31.865,46.78],[31.945,46.86],[31.947,46.999],[32.002,46.895],[31.936,46.8],[32.023,46.629],[32.146,46.56],[32.254,46.605],[32.409,46.569],[32.525,46.593],[32.361,46.467],[32.112,46.512],[31.582,46.545],[32.008,46.449],[32.062,46.394],[31.817,46.348],[32.115,46.215],[32.269,46.205],[32.262,46.128],[32.503,46.076],[32.79,46.134],[33.123,46.136],[33.235,46.224],[33.215,46.128],[33.293,46.136],[33.516,46.046],[33.629,46.125],[33.67,46.218],[33.846,46.196],[34.105,46.095],[34.362,46.056],[34.411,45.988],[34.689,45.974],[34.784,45.899],[34.789,45.804],[35.002,45.729],[34.874,45.926],[34.811,46.166],[34.905,46.256],[35.075,46.271],[35.285,46.437],[35.342,46.336],[35.2,46.183],[35.044,46.142],[35,46.074],[35.162,46.128],[35.38,46.368],[35.902,46.653],[36.189,46.669],[36.278,46.607],[36.371,46.708],[36.696,46.78],[36.803,46.725],[37.018,46.871],[37.261,46.933],[37.335,46.882],[37.581,47.09],[37.753,47.075],[38.072,47.1],[38.142,47.038],[38.217,47.103],[38.203,47.192],[38.292,47.287],[38.201,47.291],[38.26,47.493],[38.353,47.607],[38.735,47.677],[38.831,47.848],[39.392,47.823],[39.759,47.833],[39.843,48.12],[39.993,48.273],[39.816,48.308],[39.924,48.376],[39.809,48.584],[39.632,48.587],[39.703,48.747],[39.824,48.816],[39.935,48.787],[39.95,48.853],[39.759,48.895],[39.681,49.02],[39.919,49.048],[39.952,49.125],[40.142,49.246],[40.16,49.334],[40.041,49.455],[40.116,49.591],[39.974,49.603],[39.802,49.542],[39.623,49.613],[39.558,49.724],[39.328,49.726],[39.183,49.859],[38.937,49.803],[38.687,49.914],[38.664,49.963],[38.498,49.948],[38.344,49.992],[38.3,50.061],[38.174,50.06],[38.166,49.941],[38,49.9],[37.916,50.003],[37.728,50.079],[37.589,50.215],[37.599,50.291],[37.435,50.425],[37.197,50.362],[36.914,50.339],[36.594,50.204],[36.388,50.306],[36.269,50.281],[36.106,50.421],[35.837,50.423],[35.697,50.345],[35.57,50.376],[35.446,50.476],[35.378,50.622],[35.469,50.669],[35.278,50.993],[35.173,51.041],[35.099,51.183],[34.962,51.215],[34.748,51.165],[34.622,51.225],[34.186,51.249],[34.3,51.368],[34.186,51.394],[34.224,51.515],[34.128,51.681],[34.376,51.709],[34.386,51.818],[34.096,51.952],[34.056,52.17],[33.804,52.355],[33.532,52.289],[33.481,52.358],[33.197,52.369],[32.927,52.247],[32.725,52.252],[32.528,52.316],[32.354,52.322],[32.367,52.247],[32.233,52.081],[31.892,52.036],[31.764,52.101]]]},"properties":{"NAME":"Ukraine","ADMIN":"Ukraine","ISO_A2":"UA","ISO_A3":"UKR","CONTINENT":"Europe","SUBREGION":"Eastern Europe","POP_EST":44385155,"GDP_MD":153781,"LABEL_X":32.140865,"LABEL_Y":49.724739,"ID":"UKR"}},{"type":"Feature","geometry":{"type":"Polygon","coordinates":[[[23.606,51.517],[23.594,51.605],[23.75,51.644],[23.981,51.586],[24.244,51.718],[24.391,51.88],[24.722,51.882],[25.183,51.95],[25.352,51.921],[25.768,51.929],[26.081,51.901],[26.175,51.857],[26.408,51.851],[26.446,51.806],[26.666,51.801],[26.855,51.749],[27.178,51.747],[27.254,51.595],[27.477,51.624],[27.677,51.595],[27.73,51.465],[27.813,51.602],[28.071,51.558],[28.21,51.652],[28.347,51.525],[28.604,51.554],[28.729,51.401],[28.864,51.559],[29.124,51.625],[29.32,51.366],[29.466,51.385],[29.618,51.486],[29.847,51.433],[30.149,51.484],[30.329,51.389],[30.355,51.305],[30.54,51.235],[30.638,51.336],[30.618,51.46],[30.515,51.604],[30.662,51.819],[30.811,51.918],[30.959,52.075],[31.252,52.044],[31.475,52.118],[31.764,52.101],[31.699,52.251],[31.567,52.311],[31.608,52.372],[31.559,52.541],[31.629,52.548],[31.481,52.682],[31.57,52.725],[31.505,52.849],[31.388,52.888],[31.247,53.014],[31.416,53.2],[31.739,53.193],[31.796,53.112],[32.083,53.082],[32.406,53.193],[32.58,53.324],[32.717,53.335],[32.72,53.439],[32.453,53.546],[32.399,53.635],[32.462,53.707],[32.084,53.81],[31.745,53.795],[31.847,53.992],[31.814,54.057],[31.506,54.144],[31.325,54.229],[31.209,54.448],[31.065,54.492],[31.168,54.622],[30.771,54.786],[30.815,54.928],[31.006,55.023],[30.96,55.163],[30.794,55.286],[30.919,55.408],[30.886,55.6],[30.742,55.594],[30.596,55.665],[30.469,55.794],[30.218,55.855],[29.869,55.831],[29.461,55.687],[29.344,55.787],[29.377,55.954],[29.031,56.024],[28.809,55.935],[28.706,55.96],[28.621,56.083],[28.39,56.089],[28.29,56.047],[28.149,56.142],[27.911,56.1],[27.645,55.923],[27.593,55.794],[27.35,55.831],[27.263,55.787],[26.981,55.827],[26.823,55.706],[26.595,55.667],[26.445,55.338],[26.801,55.273],[26.579,55.119],[26.309,55.145],[26.139,54.969],[25.908,54.948],[25.783,54.87],[25.71,54.676],[25.74,54.569],[25.646,54.52],[25.53,54.346],[25.696,54.321],[25.787,54.232],[25.74,54.146],[25.543,54.137],[25.472,54.297],[25.224,54.259],[25.072,54.132],[24.856,54.147],[24.782,54.093],[24.789,53.97],[24.678,53.992],[24.378,53.887],[24.201,53.952],[23.92,53.948],[23.643,53.899],[23.486,53.939],[23.591,53.611],[23.783,53.271],[23.894,53.152],[23.922,52.743],[23.869,52.67],[23.392,52.51],[23.166,52.289],[23.212,52.232],[23.45,52.186],[23.637,52.084],[23.676,51.994],[23.56,51.755],[23.54,51.607],[23.606,51.517]]]},"properties":{"NAME":"Belarus","ADMIN":"Belarus","ISO_A2":"BY","ISO_A3":"BLR","CONTINENT":"Europe","SUBREGION":"Eastern Europe","POP_EST":9466856,"GDP_MD":63080,"LABEL_X":28.417701,"LABEL_Y":53.821888,"ID":"BLR"}},{"type":"Feature","geometry":{"type":"Polygon","coordinates":[[[16.487,-28.573],[16.673,-28.46],[16.704,-28.494],[16.804,-28.366],[16.764,-28.283],[16.886,-28.162],[16.893,-28.083],[17.098,-28.031],[17.19,-28.117],[17.192,-28.209],[17.346,-28.228],[17.402,-28.368],[17.328,-28.456],[17.421,-28.593],[17.404,-28.704],[17.583,-28.68],[17.607,-28.756],[17.913,-28.781],[18.166,-28.902],[18.398,-28.899],[18.746,-28.84],[18.955,-28.867],[19.082,-28.959],[19.289,-28.871],[19.249,-28.772],[19.29,-28.72],[19.435,-28.713],[19.569,-28.531],[19.982,-28.422],[19.983,-27.512],[19.983,-26.896],[19.982,-25.942],[19.981,-24.752],[19.98,-23.721],[19.979,-22.538],[19.978,-22.001],[20.972,-22.001],[20.985,-21.964],[20.983,-21.346],[20.98,-20.626],[20.978,-19.876],[20.975,-19.001],[20.975,-18.319],[21.476,-18.3],[22.05,-18.193],[22.981,-18.02],[23.311,-18.01],[23.36,-18.119],[23.502,-18.237],[23.592,-18.478],[23.716,-18.419],[23.81,-18.322],[24.183,-18.029],[24.296,-18.026],[24.422,-17.956],[24.506,-18.06],[24.578,-18.044],[24.725,-17.896],[24.953,-17.788],[25.007,-17.826],[25.154,-17.782],[25.26,-17.794],[24.958,-17.552],[24.639,-17.492],[24.581,-17.533],[24.407,-17.475],[24.22,-17.479],[23.382,-17.641],[22.231,-17.858],[21.381,-18.013],[21.217,-17.931],[21.093,-17.938],[20.806,-18.031],[20.737,-17.993],[20.565,-17.985],[20.336,-17.855],[20.034,-17.896],[19.952,-17.862],[19.673,-17.843],[19.421,-17.859],[19.172,-17.801],[19.021,-17.822],[18.762,-17.748],[18.493,-17.465],[18.454,-17.39],[17.623,-17.389],[16.34,-17.389],[15.057,-17.388],[14.207,-17.388],[14.085,-17.424],[13.943,-17.408],[13.884,-17.339],[13.521,-17.122],[13.495,-17.024],[13.364,-16.964],[13.267,-16.985],[13.166,-16.951],[12.887,-17.03],[12.818,-17.105],[12.555,-17.236],[12.418,-17.203],[12.243,-17.225],[12.162,-17.146],[12.029,-17.149],[11.822,-17.264],[11.766,-17.253],[11.718,-17.546],[11.797,-17.956],[11.849,-18.143],[11.937,-18.232],[12.032,-18.505],[12.287,-18.698],[12.45,-18.905],[12.47,-18.998],[12.567,-19.102],[12.68,-19.314],[12.705,-19.411],[13.005,-19.935],[13.071,-20.114],[13.155,-20.154],[13.213,-20.273],[13.263,-20.485],[13.349,-20.644],[13.387,-20.816],[13.603,-21.158],[13.832,-21.456],[13.878,-21.592],[13.958,-21.705],[13.952,-21.784],[14.137,-21.946],[14.386,-22.276],[14.509,-22.548],[14.534,-22.854],[14.459,-22.995],[14.41,-22.971],[14.492,-23.309],[14.434,-23.415],[14.495,-23.579],[14.487,-23.758],[14.514,-23.892],[14.452,-23.988],[14.474,-24.159],[14.612,-24.446],[14.602,-24.562],[14.781,-24.803],[14.853,-25.064],[14.801,-25.263],[14.877,-25.578],[14.843,-25.764],[14.979,-26.059],[14.966,-26.335],[15.129,-26.458],[15.168,-26.603],[15.083,-26.695],[15.179,-26.921],[15.234,-26.965],[15.295,-27.322],[15.521,-27.634],[15.546,-27.748],[15.646,-27.837],[15.684,-27.95],[15.911,-28.171],[16.044,-28.257],[16.347,-28.556],[16.446,-28.611],[16.487,-28.573]]]},"properties":{"NAME":"Namibia","ADMIN":"Namibia","ISO_A2":"NA","ISO_A3":"NAM","CONTINENT":"Africa","SUBREGION":"Southern Africa","POP_EST":2494530,"GDP_MD":12366,"LABEL_X":17.108166,"LABEL_Y":-20.575298,"ID":"NAM"}},{"type":"Feature","geometry":{"type":"MultiPolygon","coordinates":[[[[19.981,-24.752],[19.982,-25.942],[19.983,-26.896],[19.983,-27.512],[19.982,-28.422],[19.569,-28.531],[19.435,-28.713],[19.29,-28.72],[19.249,-28.772],[19.289,-28.871],[19.082,-28.959],[18.955,-28.867],[18.746,-28.84],[18.398,-28.899],[18.166,-28.902],[17.913,-28.781],[17.607,-28.756],[17.583,-28.68],[17.404,-28.704],[17.421,-28.593],[17.328,-28.456],[17.402,-28.368],[17.346,-28.228],[17.192,-28.209],[17.19,-28.117],[17.098,-28.031],[16.893,-28.083],[16.886,-28.162],[16.764,-28.283],[16.804,-28.366],[16.704,-28.494],[16.673,-28.46],[16.487,-28.573],[16.472,-28.625],[16.559,-28.708],[16.6,-28.858],[16.809,-29.078],[16.885,-29.299],[16.934,-29.358],[17.056,-29.676],[17.104,-29.885],[17.166,-30.013],[17.282,-30.348],[17.536,-30.752],[17.562,-30.838],[17.894,-31.345],[18.173,-31.663],[18.277,-31.893],[18.349,-32.26],[18.315,-32.344],[18.334,-32.491],[18.273,-32.648],[18.081,-32.781],[17.967,-32.704],[17.844,-32.815],[17.913,-33.047],[18.023,-33.014],[18.099,-33.201],[18.006,-33.092],[17.955,-33.102],[18.075,-33.202],[18.146,-33.356],[18.307,-33.479],[18.32,-33.567],[18.432,-33.697],[18.489,-33.863],[18.372,-33.925],[18.315,-34.029],[18.316,-34.157],[18.47,-34.347],[18.442,-34.144],[18.555,-34.074],[18.741,-34.077],[18.858,-34.15],[18.808,-34.365],[19.088,-34.343],[19.146,-34.415],[19.278,-34.407],[19.36,-34.5],[19.301,-34.607],[19.399,-34.602],[19.642,-34.772],[19.858,-34.75],[19.953,-34.809],[20.375,-34.57],[20.524,-34.454],[20.664,-34.438],[20.841,-34.465],[20.805,-34.398],[20.913,-34.36],[21.098,-34.371],[21.349,-34.419],[21.516,-34.352],[21.703,-34.391],[21.895,-34.336],[21.922,-34.247],[22.148,-34.178],[22.153,-34.094],[22.41,-34.066],[22.564,-33.997],[22.785,-34.028],[22.936,-34.083],[23.408,-34.11],[23.428,-34.012],[23.636,-33.98],[24.163,-34.055],[24.381,-34.106],[24.479,-34.158],[24.858,-34.187],[24.841,-34.133],[24.953,-33.985],[25.101,-33.961],[25.278,-33.981],[25.41,-34.033],[25.598,-34.049],[25.704,-34.021],[25.619,-33.946],[25.679,-33.795],[25.955,-33.711],[26.287,-33.766],[26.515,-33.755],[27.143,-33.479],[27.61,-33.212],[27.733,-33.109],[27.897,-33.04],[28.211,-32.775],[28.549,-32.562],[28.617,-32.478],[28.87,-32.287],[29.096,-32.054],[29.148,-31.97],[29.392,-31.736],[29.412,-31.678],[29.542,-31.636],[29.785,-31.435],[29.864,-31.412],[30.01,-31.292],[30.392,-30.847],[30.92,-30.018],[31.058,-29.896],[31.056,-29.79],[31.187,-29.56],[31.488,-29.21],[31.752,-28.966],[32.012,-28.866],[32.379,-28.553],[32.422,-28.382],[32.544,-28.19],[32.591,-27.881],[32.677,-27.521],[32.839,-27.124],[32.893,-26.846],[32.352,-26.86],[32.114,-26.84],[31.99,-26.808],[31.942,-27.101],[31.968,-27.316],[31.527,-27.311],[31.157,-27.206],[30.976,-27.035],[30.961,-26.911],[30.88,-26.772],[30.802,-26.809],[30.783,-26.472],[30.805,-26.397],[30.97,-26.209],[31.12,-25.91],[31.309,-25.757],[31.427,-25.744],[31.835,-25.982],[31.949,-25.958],[31.91,-25.843],[31.992,-25.65],[31.966,-25.48],[31.989,-25.373],[31.987,-24.423],[31.869,-24.164],[31.856,-23.947],[31.741,-23.837],[31.642,-23.588],[31.521,-23.416],[31.536,-23.157],[31.279,-22.415],[31.289,-22.397],[31.163,-22.323],[31.105,-22.333],[30.838,-22.282],[30.632,-22.331],[30.507,-22.31],[30.301,-22.337],[30.135,-22.294],[29.759,-22.131],[29.661,-22.126],[29.35,-22.187],[29.222,-22.182],[29.048,-22.22],[28.96,-22.31],[28.913,-22.454],[28.522,-22.585],[28.339,-22.585],[28.196,-22.672],[28.162,-22.759],[28.047,-22.837],[28.022,-22.927],[27.937,-22.964],[27.896,-23.079],[27.774,-23.125],[27.754,-23.221],[27.608,-23.217],[27.549,-23.361],[27.35,-23.391],[27.278,-23.464],[27.127,-23.525],[27.07,-23.656],[27.004,-23.646],[26.871,-24.116],[26.85,-24.248],[26.714,-24.316],[26.531,-24.459],[26.404,-24.633],[26.279,-24.628],[25.868,-24.748],[25.877,-24.886],[25.835,-25.016],[25.695,-25.31],[25.587,-25.62],[25.386,-25.744],[25.178,-25.763],[25.052,-25.738],[24.799,-25.829],[24.665,-25.823],[24.457,-25.743],[24.297,-25.723],[24.228,-25.649],[23.925,-25.629],[23.743,-25.47],[23.687,-25.454],[23.459,-25.282],[23.266,-25.264],[23.072,-25.326],[23.007,-25.311],[22.845,-25.481],[22.804,-25.687],[22.746,-25.755],[22.719,-25.984],[22.545,-26.207],[22.429,-26.227],[22.343,-26.317],[22.257,-26.341],[22.058,-26.618],[21.781,-26.678],[21.773,-26.787],[21.687,-26.855],[21.381,-26.824],[21.122,-26.865],[20.852,-26.807],[20.691,-26.892],[20.609,-26.686],[20.623,-26.428],[20.841,-26.131],[20.804,-26.071],[20.794,-25.894],[20.643,-25.613],[20.612,-25.431],[20.365,-25.033],[20.119,-24.887],[19.981,-24.752]],[[28.981,-28.909],[29.208,-29.069],[29.312,-29.09],[29.436,-29.342],[29.408,-29.421],[29.304,-29.467],[29.267,-29.626],[29.161,-29.667],[29.106,-29.826],[29.151,-29.911],[28.86,-30.066],[28.64,-30.131],[28.524,-30.117],[28.364,-30.159],[28.216,-30.267],[28.218,-30.387],[28.133,-30.445],[28.079,-30.659],[27.744,-30.6],[27.599,-30.49],[27.459,-30.317],[27.366,-30.311],[27.313,-30.132],[27.199,-29.979],[27.015,-29.626],[27.242,-29.549],[27.418,-29.397],[27.453,-29.292],[27.613,-29.134],[27.639,-29.035],[27.747,-28.909],[27.861,-28.915],[28.019,-28.857],[28.155,-28.702],[28.317,-28.7],[28.403,-28.619],[28.634,-28.571],[28.7,-28.688],[28.886,-28.797],[28.981,-28.909]]],[[[37.662,-46.829],[37.575,-46.903],[37.619,-46.954],[37.836,-46.959],[37.896,-46.89],[37.662,-46.829]]]]},"properties":{"NAME":"South Africa","ADMIN":"South Africa","ISO_A2":"ZA","ISO_A3":"ZAF","CONTINENT":"Africa","SUBREGION":"Southern Africa","POP_EST":58558270,"GDP_MD":351431,"LABEL_X":23.665734,"LABEL_Y":-29.708776,"ID":"ZAF"}},{"type":"Feature","geometry":{"type":"MultiPolygon","coordinates":[[[[56.261,25.331],[56.236,25.211],[56.344,25.267],[56.261,25.331]]],[[[56.077,26.061],[56.183,26.015],[56.151,25.659],[56.279,25.627],[56.302,25.763],[56.439,25.926],[56.329,26.173],[56.487,26.235],[56.399,26.269],[56.453,26.318],[56.364,26.386],[56.308,26.222],[56.182,26.246],[56.077,26.061]]],[[[56.383,24.978],[56.171,24.824],[56.118,24.735],[56.032,24.754],[55.935,24.978],[55.789,24.855],[55.818,24.643],[55.76,24.559],[55.807,24.341],[55.756,24.23],[55.933,24.221],[55.998,24.081],[55.807,24.007],[55.647,24.025],[55.457,23.963],[55.531,23.875],[55.538,23.77],[55.445,23.552],[55.375,23.469],[55.321,23.275],[55.226,23.121],[55.191,22.995],[55.187,22.704],[55.627,22.024],[55.638,21.979],[55.303,20.971],[54.978,19.995],[54.315,19.774],[53.63,19.546],[52.774,19.261],[51.979,18.996],[52.485,17.854],[52.73,17.3],[52.802,17.267],[53.09,16.642],[53.339,16.735],[53.583,16.75],[53.753,16.868],[53.981,16.909],[54.023,16.985],[54.39,17.039],[54.592,17.038],[54.792,16.951],[55.027,17.011],[55.255,17.229],[55.301,17.417],[55.225,17.515],[55.263,17.608],[55.356,17.682],[55.445,17.841],[55.653,17.895],[55.909,17.907],[56.188,17.957],[56.345,17.938],[56.463,18.084],[56.561,18.149],[56.66,18.595],[56.785,18.729],[56.915,18.81],[57.208,18.91],[57.501,18.954],[57.71,18.944],[57.84,19.015],[57.812,19.157],[57.751,19.268],[57.774,19.41],[57.704,19.549],[57.699,19.754],[57.762,19.843],[57.848,20.112],[57.824,20.201],[57.967,20.33],[57.956,20.4],[58.076,20.48],[58.104,20.575],[58.264,20.588],[58.203,20.405],[58.418,20.36],[58.519,20.417],[58.68,20.828],[58.793,20.927],[58.919,21.144],[59.166,21.363],[59.336,21.438],[59.449,21.625],[59.498,21.756],[59.645,21.926],[59.688,22.083],[59.792,22.198],[59.845,22.445],[59.803,22.535],[59.535,22.583],[59.298,22.793],[59.208,22.97],[59.084,23.055],[58.915,23.336],[58.808,23.421],[58.786,23.512],[58.491,23.657],[58.412,23.616],[58.043,23.725],[57.913,23.718],[57.796,23.782],[57.645,23.79],[57.326,23.884],[57.152,23.954],[56.939,24.116],[56.801,24.303],[56.611,24.496],[56.494,24.7],[56.383,24.978]]],[[[56.055,17.56],[55.964,17.52],[56.096,17.519],[56.055,17.56]]],[[[58.906,20.626],[58.883,20.683],[58.781,20.467],[58.643,20.356],[58.652,20.17],[58.789,20.287],[58.844,20.437],[58.954,20.52],[58.906,20.626]]]]},"properties":{"NAME":"Oman","ADMIN":"Oman","ISO_A2":"OM","ISO_A3":"OMN","CONTINENT":"Asia","SUBREGION":"Western Asia","POP_EST":4974986,"GDP_MD":76331,"LABEL_X":57.336553,"LABEL_Y":22.120427,"ID":"OMN"}},{"type":"Feature","geometry":{"type":"MultiPolygon","coordinates":[[[[71.786,39.99],[71.666,39.94],[71.742,39.901],[71.786,39.99]]],[[[70.959,40.238],[71.201,40.264],[71.24,40.321],[71.593,40.198],[71.673,40.148],[71.836,40.249],[72.019,40.24],[71.957,40.316],[72.099,40.426],[72.236,40.46],[72.37,40.386],[72.426,40.459],[72.352,40.602],[72.586,40.509],[72.748,40.575],[72.784,40.67],[73.118,40.783],[73.143,40.834],[73.003,40.87],[72.619,40.88],[72.477,41.012],[72.374,41.032],[72.165,40.999],[72.17,41.169],[72.034,41.157],[71.872,41.194],[71.863,41.312],[71.753,41.447],[71.671,41.438],[71.684,41.534],[71.595,41.494],[71.637,41.431],[71.524,41.297],[71.413,41.335],[71.421,41.162],[71.289,41.114],[71.23,41.187],[71.18,41.108],[71.025,41.19],[70.77,41.239],[70.76,41.373],[70.634,41.467],[70.477,41.405],[70.344,41.494],[70.203,41.506],[70.169,41.578],[70.454,41.712],[70.55,41.824],[70.825,41.936],[70.845,42.03],[70.977,42.044],[71.253,42.198],[71.078,42.281],[70.948,42.248],[70.734,42.197],[70.61,42.027],[70.455,42.094],[70.315,42.035],[70.136,41.848],[69.912,41.713],[69.625,41.668],[69.394,41.545],[69.391,41.47],[69.217,41.46],[69.032,41.367],[69.039,41.22],[68.746,41.064],[68.689,40.965],[68.571,40.914],[68.593,40.599],[68.462,40.585],[68.226,40.679],[67.991,40.811],[68.081,40.873],[68.117,41.067],[68.034,41.043],[67.937,41.2],[67.748,41.184],[66.815,41.142],[66.688,41.199],[66.539,41.741],[66.504,41.993],[66.017,41.998],[66.014,42.403],[66.053,42.441],[66.101,42.99],[65.795,42.877],[65.517,43.297],[65.271,43.417],[64.957,43.697],[64.855,43.713],[64.427,43.547],[63.208,43.627],[62.026,43.481],[61.986,43.493],[61.162,44.168],[61.036,44.383],[59.676,45.029],[58.582,45.549],[58.531,45.559],[57.478,45.337],[55.978,44.996],[55.976,44.305],[55.977,43.616],[55.977,42.699],[55.978,41.322],[56.793,41.288],[57.01,41.254],[57.161,41.368],[57.02,41.466],[56.96,41.647],[56.95,41.866],[57.116,41.952],[57.208,42.071],[57.382,42.164],[57.62,42.148],[57.85,42.191],[57.936,42.37],[57.909,42.43],[57.998,42.493],[58.226,42.467],[58.385,42.388],[58.386,42.301],[58.494,42.306],[58.306,42.529],[58.131,42.639],[58.283,42.689],[58.493,42.645],[58.612,42.781],[58.894,42.548],[59.122,42.538],[59.21,42.478],[59.245,42.365],[59.478,42.286],[59.866,42.304],[60.028,42.2],[59.974,42.099],[59.997,42.011],[59.932,41.948],[60.089,41.919],[60.241,41.808],[60.102,41.795],[60.058,41.719],[60.165,41.585],[60.072,41.514],[60.094,41.39],[60.415,41.235],[60.538,41.213],[60.86,41.253],[60.978,41.203],[61.1,41.224],[61.281,41.157],[61.47,41.297],[61.654,41.249],[61.878,41.125],[61.971,41.015],[62.045,40.715],[62.192,40.499],[62.353,40.43],[62.44,40.173],[62.453,40.009],[62.593,39.89],[63.478,39.403],[63.709,39.191],[64.121,38.962],[64.337,38.971],[64.424,38.883],[64.635,38.744],[64.978,38.612],[65.205,38.45],[65.604,38.237],[65.74,38.224],[65.877,38.273],[66.231,38.149],[66.307,38.08],[66.554,38.027],[66.646,37.946],[66.519,37.783],[66.493,37.522],[66.547,37.451],[66.52,37.364],[67.006,37.384],[67.237,37.192],[67.391,37.22],[67.482,37.277],[67.781,37.189],[67.821,37.303],[67.829,37.528],[68.08,37.806],[68.122,37.908],[68.249,37.949],[68.361,38.174],[68.332,38.243],[68.184,38.335],[68.055,38.536],[68.067,38.788],[68.173,38.845],[68.086,38.994],[67.845,38.974],[67.691,38.99],[67.679,39.106],[67.58,39.164],[67.35,39.22],[67.436,39.486],[67.507,39.553],[67.765,39.623],[68.106,39.554],[68.338,39.528],[68.517,39.548],[68.606,39.667],[68.616,39.828],[68.748,39.826],[68.789,39.994],[68.882,40.071],[68.977,40.065],[68.931,40.147],[68.687,40.11],[68.581,40.164],[69.019,40.232],[69.285,40.195],[69.208,40.298],[69.305,40.294],[69.306,40.365],[69.198,40.546],[69.313,40.609],[69.314,40.729],[69.436,40.803],[69.66,40.639],[70.01,40.758],[70.28,40.878],[70.364,41.032],[70.446,41.026],[70.697,40.816],[70.637,40.771],[70.756,40.695],[70.354,40.456],[70.371,40.365],[70.502,40.351],[70.582,40.222],[70.707,40.2],[70.959,40.238]]],[[[71.177,40.042],[70.977,40.145],[70.953,40.079],[71.05,39.963],[71.008,39.911],[71.114,39.874],[71.221,39.932],[71.177,40.042]]]]},"properties":{"NAME":"Uzbekistan","ADMIN":"Uzbekistan","ISO_A2":"UZ","ISO_A3":"UZB","CONTINENT":"Asia","SUBREGION":"Central Asia","POP_EST":33580650,"GDP_MD":57921,"LABEL_X":64.005429,"LABEL_Y":41.693603,"ID":"UZB"}},{"type":"Feature","geometry":{"type":"MultiPolygon","coordinates":[[[[87.324,49.085],[87.218,49.23],[87.025,49.249],[86.829,49.433],[86.824,49.509],[86.592,49.587],[86.776,49.695],[86.748,49.783],[86.61,49.796],[86.392,49.625],[86.272,49.584],[86.177,49.463],[86.112,49.52],[85.931,49.493],[85.941,49.56],[85.809,49.537],[85.597,49.619],[85.263,49.582],[85.033,49.885],[84.955,49.907],[84.976,50.075],[84.773,50.138],[84.25,50.26],[84.198,50.493],[84.102,50.629],[83.976,50.686],[83.951,50.78],[83.82,50.868],[83.498,50.945],[83.434,50.993],[83.108,50.993],[82.976,50.882],[82.765,50.907],[82.698,50.811],[82.476,50.714],[82.408,50.748],[82.199,50.709],[81.763,50.784],[81.674,50.736],[81.46,50.73],[81.401,50.959],[81.058,50.947],[81.147,51.136],[80.683,51.302],[80.599,51.209],[80.434,51.201],[80.439,50.958],[79.99,50.788],[79.47,51.493],[78.476,52.638],[77.867,53.272],[77.613,53.443],[76.526,53.961],[76.374,54.148],[76.665,54.134],[76.838,54.297],[76.766,54.365],[76.852,54.461],[76.652,54.422],[76.641,54.367],[76.433,54.317],[76.234,54.347],[76.184,54.252],[75.64,54.099],[75.361,54.06],[75.434,53.987],[75.028,53.808],[74.772,53.831],[74.616,53.681],[74.453,53.685],[74.409,53.478],[74.27,53.515],[74.214,53.597],[74.063,53.573],[73.937,53.64],[73.641,53.563],[73.424,53.433],[73.391,53.52],[73.231,53.572],[73.23,53.662],[73.485,53.875],[73.697,53.901],[73.741,54.058],[73.589,54.066],[73.518,53.956],[73.36,53.938],[73.063,53.979],[72.957,54.118],[72.624,54.135],[72.509,54.044],[72.656,54.043],[72.674,53.951],[72.572,53.976],[72.456,53.905],[72.373,53.936],[72.364,54.06],[72.483,54.136],[72.299,54.178],[72.333,54.224],[72.222,54.333],[72.043,54.378],[72.103,54.312],[72.077,54.148],[71.958,54.236],[71.762,54.248],[71.709,54.132],[71.477,54.11],[71.444,54.185],[71.321,54.201],[71.182,54.102],[71.044,54.186],[70.98,54.325],[71.191,54.318],[71.148,54.591],[71.252,54.625],[71.18,54.727],[71.006,54.774],[70.946,54.888],[70.977,55.078],[70.793,55.233],[70.82,55.294],[70.441,55.283],[70.373,55.201],[70.197,55.133],[69.912,55.212],[69.674,55.334],[69.335,55.385],[69.186,55.326],[69.123,55.398],[68.943,55.435],[68.923,55.276],[68.701,55.36],[68.605,55.196],[68.262,55.194],[68.191,55.125],[68.308,55.073],[68.166,54.956],[67.817,54.952],[67.623,54.854],[67.284,54.853],[67.213,54.797],[66.782,54.758],[66.7,54.719],[66.447,54.711],[65.977,54.612],[65.933,54.703],[65.713,54.597],[65.45,54.627],[65.428,54.553],[65.214,54.528],[65.213,54.343],[65.085,54.309],[64.911,54.403],[64.72,54.334],[64.579,54.386],[63.98,54.304],[64.008,54.229],[63.856,54.202],[63.709,54.25],[63.332,54.163],[63.124,54.174],[63.085,54.086],[62.812,54.095],[62.551,54.027],[62.499,53.878],[62.39,53.942],[62.413,54.027],[62.003,54.017],[62.004,53.932],[61.821,53.993],[61.601,53.95],[61.418,54.056],[61.194,54.018],[61.211,53.908],[61.017,53.949],[60.978,53.883],[61.202,53.82],[61.008,53.636],[61.14,53.563],[61.316,53.545],[61.503,53.589],[61.555,53.506],[61.412,53.436],[61.218,53.493],[61.137,53.373],[61.203,53.276],[61.478,53.215],[61.643,53.243],[61.764,53.169],[62.051,53.125],[62.094,52.992],[61.923,52.938],[61.82,52.978],[61.606,52.948],[61.478,53.012],[61.19,53.013],[60.975,52.97],[61.058,52.922],[60.829,52.772],[60.696,52.735],[60.677,52.664],[60.803,52.628],[60.831,52.513],[60.945,52.479],[61.04,52.335],[60.672,52.144],[60.507,52.152],[60.203,51.993],[60.003,51.993],[60.04,51.871],[60.138,51.889],[60.48,51.784],[60.355,51.671],[60.515,51.618],[60.937,51.611],[61.023,51.486],[61.474,51.426],[61.539,51.323],[61.664,51.258],[61.513,51.16],[61.442,50.875],[61.372,50.782],[60.718,50.653],[60.3,50.685],[60.177,50.742],[60.136,50.844],[60.021,50.854],[59.775,50.534],[59.523,50.475],[59.438,50.631],[59.291,50.615],[59.197,50.663],[58.926,50.678],[58.748,50.795],[58.571,50.864],[58.595,51.023],[58.398,51.064],[58.308,51.15],[58.141,51.057],[57.769,51.12],[57.689,50.897],[57.353,50.886],[57.168,51.094],[56.865,51.052],[56.695,51.063],[56.688,50.969],[56.508,51.066],[56.336,50.896],[56.175,50.909],[56.079,50.725],[55.66,50.53],[55.491,50.646],[55.305,50.665],[55.084,50.797],[55.048,50.884],[54.894,50.912],[54.638,51.028],[54.503,50.928],[54.638,50.886],[54.676,50.603],[54.499,50.523],[54.38,50.619],[54.479,50.853],[54.177,50.968],[54.112,51.096],[53.936,51.186],[53.674,51.22],[53.594,51.289],[53.618,51.372],[53.346,51.503],[53.037,51.49],[52.944,51.453],[52.78,51.508],[52.68,51.459],[52.506,51.479],[52.335,51.764],[52.092,51.659],[51.869,51.673],[51.765,51.593],[51.782,51.493],[51.647,51.451],[51.56,51.535],[51.462,51.475],[51.304,51.472],[51.242,51.544],[51.372,51.63],[51.234,51.685],[50.925,51.68],[50.767,51.759],[50.791,51.597],[50.582,51.635],[50.518,51.46],[50.36,51.413],[50.349,51.323],[49.987,51.23],[49.779,51.102],[49.423,51.102],[49.347,50.964],[49.408,50.848],[49.144,50.782],[48.83,50.596],[48.609,50.648],[48.673,50.58],[48.701,50.335],[48.886,50.02],[48.785,49.933],[48.418,49.812],[48.239,49.865],[47.993,50.182],[47.625,50.441],[47.557,50.453],[47.295,50.275],[47.265,50.186],[47.309,50.045],[47.177,49.947],[46.959,49.884],[46.9,49.82],[46.775,49.333],[47.029,49.201],[47.021,49.097],[46.93,49.004],[46.754,48.914],[46.479,48.41],[47.078,48.275],[47.104,48.101],[47.192,48.072],[47.044,47.986],[47.155,47.877],[47.119,47.82],[47.36,47.683],[47.435,47.834],[47.65,47.766],[48.044,47.77],[48.174,47.713],[48.361,47.493],[48.525,47.41],[48.697,47.101],[49.006,46.769],[48.917,46.703],[48.764,46.683],[48.677,46.758],[48.557,46.762],[48.455,46.661],[48.539,46.568],[48.705,46.55],[49.227,46.328],[49.185,46.414],[49.394,46.478],[49.313,46.562],[49.627,46.519],[49.623,46.583],[49.817,46.54],[50.034,46.635],[50.169,46.749],[50.251,46.742],[50.416,46.882],[50.607,46.868],[50.616,46.936],[50.857,47.04],[51.213,47.121],[51.503,47.061],[51.764,46.916],[52,46.891],[52.113,46.813],[52.239,46.807],[52.202,46.885],[52.357,46.894],[52.456,47.001],[52.615,46.95],[52.92,46.957],[53.052,46.898],[53.106,46.737],[53.188,46.718],[53.072,46.545],[53.157,46.272],[53.087,46.02],[52.92,45.796],[52.746,45.639],[52.738,45.526],[53.267,45.351],[53.108,45.3],[52.91,45.313],[52.567,45.401],[52.403,45.409],[51.958,45.372],[51.792,45.405],[51.397,45.333],[51.244,45.162],[51.275,45.057],[51.197,45.066],[50.959,44.979],[50.971,44.847],[51.201,44.741],[51.319,44.596],[51.416,44.612],[51.538,44.509],[51.299,44.554],[51.143,44.485],[51.033,44.516],[50.895,44.621],[50.498,44.626],[50.299,44.655],[50.238,44.586],[50.23,44.391],[50.345,44.311],[50.696,44.264],[50.847,44.189],[50.853,44.039],[50.983,43.919],[51.023,43.801],[51.142,43.634],[51.273,43.559],[51.32,43.443],[51.276,43.154],[51.651,43.191],[51.854,42.894],[51.933,42.835],[52.169,42.887],[52.273,42.799],[52.471,42.826],[52.713,42.731],[52.71,42.585],[52.599,42.345],[52.402,42.093],[52.485,41.942],[52.438,41.749],[52.765,41.994],[52.979,42.127],[53.412,42.258],[54.047,42.345],[54.195,42.318],[54.738,42.048],[54.907,41.932],[54.951,41.796],[55.228,41.473],[55.43,41.291],[55.635,41.264],[55.978,41.322],[55.977,42.699],[55.977,43.616],[55.976,44.305],[55.978,44.996],[57.478,45.337],[58.531,45.559],[58.582,45.549],[59.676,45.029],[61.036,44.383],[61.162,44.168],[61.986,43.493],[62.026,43.481],[63.208,43.627],[64.427,43.547],[64.855,43.713],[64.957,43.697],[65.271,43.417],[65.517,43.297],[65.795,42.877],[66.101,42.99],[66.053,42.441],[66.014,42.403],[66.017,41.998],[66.504,41.993],[66.539,41.741],[66.688,41.199],[66.815,41.142],[67.748,41.184],[67.937,41.2],[68.034,41.043],[68.117,41.067],[68.081,40.873],[67.991,40.811],[68.226,40.679],[68.462,40.585],[68.593,40.599],[68.571,40.914],[68.689,40.965],[68.746,41.064],[69.039,41.22],[69.032,41.367],[69.217,41.46],[69.391,41.47],[69.394,41.545],[69.625,41.668],[69.912,41.713],[70.136,41.848],[70.315,42.035],[70.455,42.094],[70.61,42.027],[70.734,42.197],[70.948,42.248],[70.853,42.306],[70.977,42.479],[71.064,42.47],[71.003,42.564],[71.127,42.591],[71.149,42.678],[71.405,42.795],[71.584,42.76],[71.848,42.834],[72.105,42.75],[72.292,42.761],[72.477,42.683],[72.726,42.653],[72.841,42.556],[73.115,42.551],[73.317,42.494],[73.326,42.429],[73.506,42.421],[73.41,42.59],[73.504,42.794],[73.493,42.895],[73.634,43.062],[73.902,43.131],[73.965,43.217],[74.197,43.196],[74.179,43.262],[74.558,43.115],[74.714,43],[74.863,42.976],[75.179,42.85],[75.646,42.806],[75.771,42.926],[76.065,42.934],[76.432,42.89],[76.689,42.91],[76.957,42.989],[77.195,42.91],[77.403,42.92],[77.907,42.891],[78.031,42.855],[78.496,42.876],[78.687,42.805],[79.031,42.756],[79.148,42.791],[79.242,42.63],[79.353,42.577],[79.426,42.47],[79.696,42.46],[79.918,42.424],[80.21,42.19],[80.268,42.238],[80.14,42.623],[80.227,42.791],[80.554,42.899],[80.408,42.955],[80.368,43.028],[80.576,43.119],[80.788,43.128],[80.735,43.289],[80.643,43.326],[80.713,43.459],[80.476,43.91],[80.345,44.103],[80.373,44.27],[80.333,44.417],[80.384,44.603],[80.356,44.653],[80.476,44.735],[80.218,44.818],[79.992,44.794],[79.858,44.904],[80.062,45.019],[80.406,45.057],[80.425,45.092],[80.697,45.144],[80.854,45.126],[81.739,45.338],[81.807,45.189],[81.95,45.144],[82.295,45.228],[82.476,45.116],[82.585,45.177],[82.634,45.339],[82.616,45.435],[82.363,45.481],[82.291,45.533],[82.372,45.734],[82.489,45.902],[82.568,46.197],[82.674,46.331],[82.839,46.732],[82.986,46.943],[83.014,47.195],[83.15,47.212],[83.524,47.067],[83.905,46.974],[84.159,46.993],[84.664,46.984],[84.732,46.948],[84.767,46.818],[84.916,46.851],[85.205,47.034],[85.499,47.052],[85.557,47.179],[85.66,47.207],[85.67,47.384],[85.58,47.524],[85.595,47.624],[85.515,47.92],[85.586,48.141],[85.719,48.359],[85.784,48.408],[86.192,48.418],[86.334,48.49],[86.565,48.527],[86.745,48.704],[86.789,48.839],[86.728,48.99],[86.887,49.107],[87.116,49.13],[87.324,49.085]],[[63.384,45.566],[63.21,45.584],[63.013,45.66],[62.9,45.748],[62.813,45.895],[62.813,46.061],[62.9,46.209],[63.013,46.297],[63.324,46.389],[63.557,46.372],[63.755,46.297],[63.868,46.209],[63.955,46.061],[63.955,45.895],[63.868,45.748],[63.755,45.66],[63.557,45.584],[63.384,45.566]]],[[[50.26,45.01],[50.325,44.973],[50.348,45.085],[50.26,45.01]]],[[[52.693,45.46],[52.655,45.521],[52.552,45.478],[52.628,45.41],[52.693,45.46]]],[[[49.822,46.314],[49.721,46.338],[49.782,46.224],[49.822,46.314]]]]},"properties":{"NAME":"Kazakhstan","ADMIN":"Kazakhstan","ISO_A2":"KZ","ISO_A3":"KAZ","CONTINENT":"Asia","SUBREGION":"Central Asia","POP_EST":18513930,"GDP_MD":181665,"LABEL_X":68.685548,"LABEL_Y":49.054149,"ID":"KAZ"}},{"type":"Feature","geometry":{"type":"MultiPolygon","coordinates":[[[[70.959,40.238],[70.707,40.2],[70.582,40.222],[70.502,40.351],[70.371,40.365],[70.354,40.456],[70.756,40.695],[70.637,40.771],[70.697,40.816],[70.446,41.026],[70.364,41.032],[70.28,40.878],[70.01,40.758],[69.66,40.639],[69.436,40.803],[69.314,40.729],[69.313,40.609],[69.198,40.546],[69.306,40.365],[69.305,40.294],[69.208,40.298],[69.285,40.195],[69.019,40.232],[68.581,40.164],[68.687,40.11],[68.931,40.147],[68.977,40.065],[68.882,40.071],[68.789,39.994],[68.748,39.826],[68.616,39.828],[68.606,39.667],[68.517,39.548],[68.338,39.528],[68.106,39.554],[67.765,39.623],[67.507,39.553],[67.436,39.486],[67.35,39.22],[67.58,39.164],[67.679,39.106],[67.691,38.99],[67.845,38.974],[68.086,38.994],[68.173,38.845],[68.067,38.788],[68.055,38.536],[68.184,38.335],[68.332,38.243],[68.361,38.174],[68.249,37.949],[68.122,37.908],[68.08,37.806],[67.829,37.528],[67.821,37.303],[67.781,37.189],[67.785,37.097],[67.878,37.064],[68.011,36.931],[68.186,37.018],[68.278,37.01],[68.307,37.114],[68.627,37.206],[68.669,37.278],[68.82,37.251],[68.814,37.323],[68.965,37.329],[69.124,37.169],[69.246,37.104],[69.324,37.121],[69.445,37.236],[69.378,37.437],[69.529,37.586],[69.802,37.582],[69.895,37.618],[70.017,37.546],[70.158,37.541],[70.283,37.705],[70.172,37.946],[70.262,37.939],[70.483,38.137],[70.596,38.338],[70.761,38.444],[70.936,38.433],[70.974,38.474],[71.334,38.281],[71.365,38.207],[71.258,37.926],[71.341,37.893],[71.501,37.946],[71.598,37.898],[71.538,37.779],[71.497,37.567],[71.487,37.267],[71.431,37.067],[71.463,36.948],[71.611,36.705],[71.837,36.699],[72.26,36.967],[72.406,37.008],[72.658,37.029],[72.761,37.187],[72.996,37.309],[73.068,37.315],[73.276,37.459],[73.485,37.481],[73.753,37.428],[73.746,37.353],[73.631,37.296],[73.618,37.233],[73.798,37.229],[74.163,37.33],[74.224,37.403],[74.53,37.376],[74.66,37.394],[74.892,37.231],[75.068,37.312],[75.164,37.401],[74.892,37.599],[74.965,37.767],[74.883,37.844],[74.893,37.994],[74.791,38.081],[74.771,38.292],[74.838,38.379],[74.776,38.511],[74.334,38.667],[74.109,38.662],[74.029,38.527],[73.933,38.53],[73.797,38.603],[73.684,38.855],[73.816,38.994],[73.698,39.078],[73.602,39.236],[73.633,39.448],[73.368,39.444],[73.326,39.391],[73.136,39.353],[72.835,39.356],[72.65,39.394],[72.316,39.329],[72.24,39.19],[72.095,39.275],[72.05,39.369],[71.844,39.285],[71.733,39.285],[71.74,39.448],[71.513,39.459],[71.525,39.569],[71.46,39.612],[71.237,39.514],[71.063,39.496],[71.009,39.408],[70.798,39.385],[70.698,39.419],[70.622,39.564],[70.46,39.6],[70.206,39.524],[70.149,39.554],[69.83,39.536],[69.669,39.578],[69.3,39.516],[69.291,39.659],[69.226,39.751],[69.314,39.987],[69.405,39.896],[69.502,39.922],[69.47,40.051],[69.575,40.104],[69.97,40.212],[70.306,40.085],[70.525,40.034],[70.448,39.92],[70.597,39.962],[70.639,40.085],[70.792,40.161],[70.963,40.19],[70.959,40.238]]],[[[70.499,39.882],[70.582,39.767],[70.705,39.822],[70.499,39.882]]]]},"properties":{"NAME":"Tajikistan","ADMIN":"Tajikistan","ISO_A2":"TJ","ISO_A3":"TJK","CONTINENT":"Asia","SUBREGION":"Central Asia","POP_EST":9321018,"GDP_MD":8116,"LABEL_X":72.587276,"LABEL_Y":38.199835,"ID":"TJK"}},{"type":"Feature","geometry":{"type":"MultiPolygon","coordinates":[[[[26.595,55.667],[26.28,55.743],[26.179,55.85],[25.709,56.081],[25.662,56.141],[25.109,56.183],[24.892,56.439],[24.639,56.36],[24.447,56.261],[24.288,56.296],[24.109,56.261],[23.707,56.354],[23.482,56.33],[23.288,56.373],[23.113,56.311],[22.889,56.408],[22.681,56.35],[22.512,56.396],[22.094,56.417],[21.328,56.224],[21.19,56.084],[21.053,56.073],[21.074,55.745],[21.223,55.52],[21.268,55.249],[21.35,55.288],[21.504,55.194],[22.1,55.03],[22.251,55.071],[22.581,55.058],[22.633,54.958],[22.809,54.894],[22.833,54.779],[22.725,54.723],[22.68,54.453],[22.767,54.356],[22.859,54.399],[23.316,54.236],[23.433,54.169],[23.486,53.939],[23.643,53.899],[23.92,53.948],[24.201,53.952],[24.378,53.887],[24.678,53.992],[24.789,53.97],[24.782,54.093],[24.856,54.147],[25.072,54.132],[25.224,54.259],[25.472,54.297],[25.543,54.137],[25.74,54.146],[25.787,54.232],[25.696,54.321],[25.53,54.346],[25.646,54.52],[25.74,54.569],[25.71,54.676],[25.783,54.87],[25.908,54.948],[26.139,54.969],[26.309,55.145],[26.579,55.119],[26.801,55.273],[26.445,55.338],[26.595,55.667]]],[[[20.989,55.273],[21.106,55.421],[21.132,55.656],[21.085,55.723],[21.082,55.498],[20.925,55.283],[20.989,55.273]]]]},"properties":{"NAME":"Lithuania","ADMIN":"Lithuania","ISO_A2":"LT","ISO_A3":"LTU","CONTINENT":"Europe","SUBREGION":"Northern Europe","POP_EST":2786844,"GDP_MD":54627,"LABEL_X":24.089932,"LABEL_Y":55.103703,"ID":"LTU"}},{"type":"Feature","geometry":{"type":"MultiPolygon","coordinates":[[[[-57.603,-30.191],[-57.536,-30.274],[-57.213,-30.287],[-57.077,-30.106],[-56.831,-30.102],[-56.633,-30.247],[-56.373,-30.486],[-56.235,-30.565],[-56.011,-30.798],[-56.011,-31.082],[-55.864,-31.077],[-55.732,-30.945],[-55.653,-30.939],[-55.592,-30.848],[-55.354,-31.056],[-55.26,-31.229],[-55.087,-31.327],[-55.029,-31.269],[-54.82,-31.435],[-54.592,-31.471],[-54.483,-31.584],[-54.464,-31.672],[-54.135,-31.909],[-54.069,-31.88],[-53.772,-32.047],[-53.671,-32.226],[-53.649,-32.339],[-53.561,-32.45],[-53.416,-32.564],[-53.186,-32.647],[-53.111,-32.722],[-53.299,-32.889],[-53.327,-32.974],[-53.512,-33.099],[-53.537,-33.171],[-53.514,-33.395],[-53.54,-33.649],[-53.379,-33.741],[-53.266,-33.677],[-52.819,-33.323],[-52.622,-33.102],[-52.471,-32.801],[-52.375,-32.499],[-52.253,-32.282],[-52.091,-32.166],[-52.081,-32.032],[-52.214,-32.086],[-52.238,-31.966],[-52.149,-31.91],[-52.236,-31.88],[-52.204,-31.727],[-52.096,-31.691],[-52.04,-31.57],[-52.008,-31.646],[-52.002,-31.429],[-51.923,-31.307],[-51.638,-31.257],[-51.624,-31.135],[-51.443,-31.081],[-51.484,-31.013],[-51.455,-30.889],[-51.362,-30.879],[-51.383,-30.659],[-51.29,-30.624],[-51.25,-30.462],[-51.188,-30.36],[-51.327,-30.225],[-51.284,-30.007],[-51.238,-30.04],[-51.236,-30.178],[-51.015,-30.279],[-51.034,-30.376],[-50.915,-30.436],[-50.898,-30.31],[-50.672,-30.289],[-50.604,-30.194],[-50.537,-30.32],[-50.608,-30.485],[-50.69,-30.353],[-50.679,-30.642],[-50.731,-30.792],[-50.956,-30.923],[-51.006,-31.07],[-51.153,-31.067],[-51.18,-31.359],[-51.245,-31.464],[-51.413,-31.518],[-51.704,-31.793],[-51.923,-31.869],[-52.048,-31.808],[-52.088,-31.859],[-52.012,-31.951],[-52.084,-32.147],[-51.864,-31.932],[-51.563,-31.777],[-51.152,-31.482],[-50.721,-31.045],[-50.316,-30.462],[-50.045,-29.815],[-49.811,-29.443],[-49.552,-29.127],[-49.343,-28.924],[-48.941,-28.645],[-48.815,-28.61],[-48.778,-28.525],[-48.855,-28.475],[-48.874,-28.346],[-48.795,-28.371],[-48.781,-28.487],[-48.655,-28.213],[-48.566,-27.86],[-48.629,-27.768],[-48.647,-27.647],[-48.578,-27.594],[-48.647,-27.48],[-48.555,-27.342],[-48.606,-27.223],[-48.486,-27.211],[-48.516,-27.121],[-48.607,-27.104],[-48.62,-26.837],[-48.578,-26.777],[-48.682,-26.719],[-48.664,-26.556],[-48.608,-26.437],[-48.757,-26.291],[-48.789,-26.063],[-48.734,-26.225],[-48.668,-26.236],[-48.583,-26.157],[-48.613,-26.041],[-48.579,-25.873],[-48.743,-25.852],[-48.535,-25.839],[-48.433,-25.622],[-48.361,-25.571],[-48.524,-25.515],[-48.615,-25.53],[-48.74,-25.367],[-48.635,-25.445],[-48.46,-25.471],[-48.414,-25.41],[-48.456,-25.248],[-48.333,-25.358],[-48.209,-25.324],[-48.168,-25.369],[-47.952,-25.201],[-47.887,-25.057],[-47.934,-25.033],[-47.826,-24.894],[-47.541,-24.703],[-47.442,-24.68],[-47,-24.41],[-46.966,-24.299],[-46.593,-24.09],[-46.407,-24.009],[-46.454,-23.926],[-46.385,-23.873],[-46.277,-23.968],[-46.285,-23.993],[-46.317,-24.016],[-46.166,-23.982],[-46.197,-23.916],[-46.146,-23.844],[-46.027,-23.829],[-45.864,-23.756],[-45.407,-23.82],[-45.434,-23.665],[-45.302,-23.574],[-45.201,-23.572],[-45.148,-23.487],[-45.07,-23.515],[-45.051,-23.428],[-44.892,-23.341],[-44.844,-23.385],[-44.674,-23.338],[-44.584,-23.353],[-44.511,-23.273],[-44.708,-23.215],[-44.701,-23.108],[-44.436,-22.997],[-44.115,-23.022],[-43.966,-22.923],[-43.864,-22.906],[-43.604,-23.008],[-43.669,-23.037],[-43.916,-23.056],[-44.004,-23.091],[-43.621,-23.043],[-43.56,-23.067],[-43.448,-23.018],[-43.22,-22.995],[-43.162,-22.896],[-43.241,-22.844],[-43.27,-22.747],[-43.076,-22.666],[-43.035,-22.776],[-43.129,-22.894],[-43.031,-22.974],[-42.696,-22.967],[-42.624,-22.94],[-42.058,-22.954],[-41.99,-22.826],[-41.891,-22.782],[-41.993,-22.7],[-41.966,-22.535],[-41.666,-22.282],[-41.466,-22.203],[-41.244,-22.145],[-40.995,-22.014],[-40.967,-21.948],[-41.025,-21.719],[-41.019,-21.608],[-41.072,-21.523],[-40.964,-21.365],[-40.965,-21.274],[-40.815,-21.037],[-40.801,-20.931],[-40.732,-20.844],[-40.628,-20.839],[-40.349,-20.5],[-40.26,-20.321],[-40.366,-20.323],[-40.369,-20.233],[-40.244,-20.278],[-40.191,-20.19],[-40.179,-20.043],[-40.097,-19.931],[-40.027,-19.764],[-39.835,-19.657],[-39.71,-19.416],[-39.698,-19.24],[-39.741,-18.902],[-39.725,-18.519],[-39.625,-18.193],[-39.499,-18.006],[-39.382,-17.903],[-39.275,-17.867],[-39.137,-17.68],[-39.184,-17.601],[-39.217,-17.295],[-39.209,-17.162],[-39.124,-16.898],[-39.136,-16.8],[-39.054,-16.436],[-38.864,-15.843],[-38.924,-15.716],[-39.002,-15.232],[-39.023,-14.816],[-39.067,-14.675],[-38.985,-14.313],[-38.989,-14.212],[-38.924,-14.004],[-38.93,-13.898],[-38.992,-13.997],[-39.064,-13.936],[-39.009,-13.881],[-39.116,-13.724],[-38.98,-13.836],[-38.968,-13.674],[-39.012,-13.497],[-39.06,-13.495],[-39.04,-13.367],[-38.955,-13.372],[-38.932,-13.233],[-38.807,-13.144],[-38.889,-13.07],[-38.801,-13.024],[-38.724,-12.873],[-38.828,-12.867],[-38.777,-12.808],[-38.722,-12.622],[-38.626,-12.702],[-38.509,-12.723],[-38.479,-12.916],[-38.51,-13.021],[-38.32,-12.935],[-38.051,-12.641],[-37.787,-12.265],[-37.655,-12.05],[-37.435,-11.569],[-37.368,-11.474],[-37.43,-11.405],[-37.316,-11.406],[-37.265,-11.277],[-37.155,-11.187],[-37.04,-10.949],[-36.903,-10.773],[-36.577,-10.55],[-36.408,-10.502],[-36.292,-10.352],[-36.251,-10.248],[-36.036,-10.064],[-35.949,-9.913],[-35.806,-9.731],[-35.8,-9.585],[-35.696,-9.673],[-35.658,-9.577],[-35.583,-9.533],[-35.462,-9.347],[-35.305,-9.193],[-35.147,-8.912],[-35.127,-8.806],[-34.94,-8.351],[-34.932,-8.242],[-34.851,-8.069],[-34.812,-7.906],[-34.894,-7.805],[-34.86,-7.686],[-34.805,-7.623],[-34.815,-7.543],[-34.797,-7.158],[-34.836,-6.992],[-34.915,-7.131],[-34.86,-6.915],[-34.904,-6.887],[-34.97,-6.617],[-34.959,-6.537],[-35.038,-6.237],[-35.093,-6.186],[-35.105,-5.996],[-35.147,-5.921],[-35.196,-5.69],[-35.262,-5.483],[-35.421,-5.212],[-35.511,-5.144],[-35.997,-5.048],[-36.131,-5.096],[-36.422,-5.081],[-36.561,-5.123],[-36.791,-5.051],[-36.899,-4.938],[-37.183,-4.911],[-37.325,-4.696],[-37.607,-4.608],[-37.711,-4.515],[-37.769,-4.396],[-37.854,-4.376],[-38.107,-4.158],[-38.251,-3.962],[-38.378,-3.87],[-38.477,-3.697],[-38.66,-3.676],[-38.807,-3.547],[-38.916,-3.505],[-38.985,-3.396],[-39.081,-3.377],[-39.358,-3.184],[-39.485,-3.146],[-39.619,-3.04],[-39.705,-3.04],[-39.986,-2.848],[-40.5,-2.786],[-40.582,-2.827],[-41.138,-2.886],[-41.273,-2.879],[-41.245,-3.015],[-41.343,-2.92],[-41.675,-2.88],[-41.821,-2.734],[-41.996,-2.721],[-41.944,-2.838],[-42.082,-2.8],[-42.239,-2.834],[-42.264,-2.759],[-42.453,-2.752],[-42.63,-2.642],[-42.71,-2.56],[-43.312,-2.346],[-43.454,-2.341],[-43.487,-2.395],[-43.412,-2.457],[-43.558,-2.531],[-43.668,-2.483],[-43.885,-2.584],[-43.923,-2.547],[-44.014,-2.635],[-44.063,-2.777],[-44.118,-2.758],[-44.2,-2.869],[-44.187,-2.759],[-44.271,-2.807],[-44.338,-2.785],[-44.137,-2.67],[-44.049,-2.553],[-44.073,-2.4],[-44.368,-2.55],[-44.365,-2.629],[-44.433,-2.95],[-44.644,-3.17],[-44.781,-3.252],[-44.782,-3.197],[-44.622,-3.051],[-44.684,-3.013],[-44.632,-2.697],[-44.511,-2.47],[-44.511,-2.367],[-44.395,-2.402],[-44.362,-2.31],[-44.399,-2.197],[-44.497,-2.148],[-44.632,-2.272],[-44.66,-2.364],[-44.694,-2.266],[-44.505,-2.032],[-44.522,-1.847],[-44.645,-1.831],[-44.663,-1.785],[-44.81,-1.806],[-44.721,-1.75],[-44.803,-1.704],[-44.913,-1.548],[-44.868,-1.421],[-44.954,-1.502],[-45.091,-1.464],[-45.204,-1.525],[-45.255,-1.608],[-45.228,-1.683],[-45.324,-1.745],[-45.369,-1.473],[-45.296,-1.416],[-45.31,-1.326],[-45.491,-1.503],[-45.468,-1.367],[-45.53,-1.416],[-45.544,-1.27],[-45.676,-1.366],[-45.654,-1.274],[-45.722,-1.135],[-45.774,-1.264],[-45.906,-1.173],[-45.948,-1.251],[-45.998,-1.201],[-45.964,-1.064],[-46.065,-1.148],[-46.094,-1.076],[-46.221,-1.142],[-46.221,-1.011],[-46.172,-0.921],[-46.25,-0.931],[-46.325,-1.107],[-46.323,-1.02],[-46.48,-1.022],[-46.503,-0.884],[-46.605,-0.957],[-46.599,-0.867],[-46.689,-0.826],[-46.698,-0.881],[-46.79,-0.805],[-46.819,-0.712],[-46.893,-0.785],[-46.957,-0.71],[-47.077,-0.837],[-47.073,-0.675],[-47.249,-0.696],[-47.198,-0.652],[-47.462,-0.593],[-47.448,-0.696],[-47.379,-0.771],[-47.497,-0.765],[-47.493,-0.712],[-47.585,-0.578],[-47.597,-0.677],[-47.729,-0.757],[-47.725,-0.644],[-47.77,-0.637],[-47.809,-0.565],[-47.822,-0.665],[-47.962,-0.782],[-48.038,-0.662],[-48.154,-0.782],[-48.14,-0.901],[-48.198,-1.03],[-48.296,-1.056],[-48.271,-1.121],[-48.34,-1.316],[-48.483,-1.281],[-48.503,-1.448],[-48.325,-1.47],[-48.483,-1.511],[-48.421,-1.645],[-48.535,-1.581],[-48.642,-1.386],[-48.812,-1.621],[-48.969,-1.786],[-48.893,-1.598],[-48.966,-1.6],[-49.009,-1.681],[-49.123,-1.768],[-49.146,-1.857],[-49.232,-1.948],[-49.332,-2.205],[-49.427,-2.367],[-49.436,-2.47],[-49.527,-2.628],[-49.689,-2.669],[-49.546,-2.517],[-49.552,-2.413],[-49.503,-2.258],[-49.446,-2.184],[-49.379,-1.896],[-49.448,-1.87],[-49.485,-1.764],[-49.537,-1.861],[-49.598,-1.843],[-49.654,-1.92],[-49.81,-1.901],[-49.86,-2.046],[-49.875,-1.88],[-49.977,-1.826],[-50.11,-1.849],[-50.162,-1.916],[-50.281,-1.894],[-50.429,-2.063],[-50.443,-1.936],[-50.565,-1.891],[-50.66,-1.803],[-50.702,-1.909],[-50.826,-1.931],[-50.893,-1.879],[-50.767,-1.882],[-50.655,-1.738],[-50.689,-1.612],[-50.819,-1.436],[-50.82,-1.232],[-50.956,-1.129],[-50.834,-1.059],[-50.822,-0.935],[-50.929,-0.906],[-51.01,-0.936],[-51.033,-1.038],[-51.161,-1.104],[-51.268,-1.22],[-51.4,-1.251],[-51.437,-1.313],[-51.67,-1.402],[-51.915,-1.571],[-52.124,-1.619],[-52.249,-1.703],[-52.231,-1.603],[-52.279,-1.518],[-52.423,-1.566],[-52.708,-1.6],[-52.682,-1.545],[-52.475,-1.484],[-52.402,-1.422],[-52.195,-1.345],[-52.066,-1.405],[-51.921,-1.326],[-51.929,-1.178],[-51.724,-1.039],[-51.697,-0.747],[-51.445,-0.471],[-51.322,-0.215],[-51.251,-0.127],[-51.318,-0.091],[-51.069,-0.019],[-50.929,0.155],[-50.791,0.17],[-50.609,0.374],[-50.466,0.646],[-50.346,0.736],[-50.312,0.817],[-50.17,0.916],[-49.89,1.165],[-49.922,1.218],[-50.138,1.194],[-49.913,1.272],[-49.873,1.36],[-49.91,1.664],[-50.004,1.752],[-50.183,1.819],[-50.467,1.815],[-50.594,2.029],[-50.702,2.13],[-50.679,2.172],[-50.742,2.378],[-50.903,2.794],[-50.945,2.822],[-51.041,3.151],[-51.036,3.229],[-51.093,3.376],[-51.079,3.492],[-51.08,3.882],[-51.116,3.906],[-51.176,3.648],[-51.179,4.025],[-51.224,4.165],[-51.389,4.359],[-51.516,4.441],[-51.561,4.357],[-51.498,4.105],[-51.597,4.216],[-51.632,4.068],[-51.683,4.039],[-51.783,3.981],[-51.835,3.868],[-51.988,3.705],[-52.013,3.619],[-52.228,3.26],[-52.362,3.132],[-52.353,3.058],[-52.572,2.639],[-52.553,2.573],[-52.708,2.359],[-52.88,2.26],[-52.96,2.175],[-53.132,2.219],[-53.253,2.197],[-53.234,2.251],[-53.344,2.35],[-53.532,2.247],[-53.742,2.309],[-53.831,2.31],[-54.135,2.111],[-54.477,2.214],[-54.615,2.326],[-54.704,2.325],[-54.703,2.446],[-54.842,2.433],[-54.979,2.543],[-54.954,2.599],[-55.112,2.528],[-55.172,2.559],[-55.303,2.52],[-55.4,2.43],[-55.608,2.434],[-55.724,2.397],[-55.925,2.516],[-55.989,2.521],[-56.013,2.399],[-56.117,2.333],[-56.135,2.249],[-56.073,2.242],[-55.915,2.038],[-55.922,1.886],[-56.02,1.834],[-56.367,1.929],[-56.482,1.942],[-56.575,1.905],[-56.64,1.937],[-56.806,1.874],[-57.011,1.919],[-57.104,2.021],[-57.238,1.949],[-57.341,1.969],[-57.429,1.9],[-57.561,1.709],[-57.791,1.705],[-57.905,1.649],[-57.985,1.658],[-58.027,1.517],[-58.149,1.519],[-58.332,1.593],[-58.386,1.49],[-58.514,1.439],[-58.481,1.334],[-58.519,1.267],[-58.683,1.282],[-58.772,1.201],[-58.898,1.218],[-59.011,1.328],[-59.242,1.378],[-59.573,1.727],[-59.682,1.766],[-59.646,1.84],[-59.75,1.851],[-59.765,1.921],[-59.742,2.264],[-59.903,2.36],[-59.907,2.459],[-60,2.694],[-59.959,3.066],[-59.821,3.363],[-59.838,3.609],[-59.68,3.702],[-59.529,3.932],[-59.663,4.08],[-59.646,4.134],[-59.727,4.176],[-59.738,4.287],[-59.687,4.381],[-59.943,4.504],[-60.149,4.513],[-60.032,4.725],[-59.983,5.086],[-60.091,5.158],[-60.132,5.243],[-60.213,5.267],[-60.333,5.194],[-60.456,5.175],[-60.74,5.202],[-60.664,5.17],[-60.599,4.997],[-60.613,4.901],[-60.764,4.755],[-60.903,4.7],[-60.948,4.574],[-61.012,4.518],[-61.151,4.492],[-61.297,4.524],[-61.293,4.448],[-61.458,4.419],[-61.516,4.375],[-61.567,4.249],[-61.719,4.255],[-61.931,4.146],[-62.035,4.16],[-62.193,4.095],[-62.384,4.173],[-62.537,4.125],[-62.561,4.038],[-62.766,4.021],[-62.789,3.899],[-62.75,3.66],[-62.796,3.597],[-62.931,3.564],[-62.997,3.599],[-63.286,3.921],[-63.425,3.968],[-63.511,3.855],[-63.623,3.935],[-63.875,3.95],[-63.996,3.881],[-64.064,3.912],[-64.125,4.088],[-64.241,4.142],[-64.365,4.152],[-64.59,4.119],[-64.746,4.288],[-64.813,4.253],[-64.727,4.141],[-64.663,3.997],[-64.531,3.854],[-64.324,3.724],[-64.203,3.595],[-64.246,3.419],[-64.223,3.124],[-64.106,2.947],[-63.998,2.706],[-64.048,2.471],[-63.831,2.429],[-63.385,2.421],[-63.373,2.267],[-63.412,2.149],[-63.618,2.101],[-63.763,1.986],[-63.995,1.958],[-64.054,1.894],[-64.081,1.647],[-64.13,1.578],[-64.395,1.392],[-64.409,1.508],[-64.551,1.42],[-64.604,1.331],[-64.731,1.248],[-64.839,1.271],[-65.022,1.14],[-65.137,1.127],[-65.203,0.924],[-65.327,0.91],[-65.451,0.69],[-65.56,0.656],[-65.587,0.739],[-65.517,0.863],[-65.583,0.978],[-65.745,0.974],[-65.872,0.909],[-65.974,0.807],[-66.156,0.733],[-66.285,0.746],[-66.407,0.802],[-66.875,1.223],[-67.065,1.173],[-67.098,1.253],[-67.074,1.541],[-67.117,1.71],[-67.265,1.933],[-67.341,2.09],[-67.44,2.14],[-67.593,2.055],[-67.79,1.813],[-67.861,1.762],[-67.998,1.75],[-68.101,1.924],[-68.201,2.008],[-68.28,1.829],[-68.163,1.721],[-69.352,1.72],[-69.58,1.77],[-69.856,1.708],[-69.852,1.059],[-69.371,1.063],[-69.289,1.038],[-69.152,0.868],[-69.189,0.715],[-69.137,0.65],[-69.226,0.615],[-69.363,0.641],[-69.504,0.73],[-69.619,0.651],[-69.695,0.669],[-69.805,0.607],[-70.054,0.588],[-70.074,-0.125],[-69.944,-0.305],[-69.858,-0.341],[-69.746,-0.453],[-69.632,-0.507],[-69.584,-0.645],[-69.628,-0.733],[-69.539,-0.921],[-69.45,-0.997],[-69.399,-1.183],[-69.566,-2.106],[-69.771,-3.234],[-69.947,-4.201],[-69.965,-4.236],[-69.989,-4.315],[-70.063,-4.328],[-70.157,-4.27],[-70.206,-4.343],[-70.307,-4.26],[-70.311,-4.171],[-70.43,-4.134],[-70.585,-4.195],[-70.631,-4.119],[-70.712,-4.172],[-70.832,-4.179],[-70.843,-4.238],[-70.969,-4.385],[-71.17,-4.363],[-71.288,-4.381],[-71.363,-4.459],[-71.506,-4.449],[-71.665,-4.508],[-71.774,-4.482],[-72.071,-4.605],[-72.251,-4.759],[-72.397,-4.806],[-72.404,-4.86],[-72.627,-5.022],[-72.918,-5.132],[-72.897,-5.272],[-72.973,-5.466],[-72.96,-5.559],[-73.001,-5.709],[-73.14,-5.879],[-73.235,-6.078],[-73.178,-6.202],[-73.132,-6.435],[-73.199,-6.546],[-73.371,-6.584],[-73.685,-6.812],[-73.765,-6.904],[-73.812,-7.103],[-73.713,-7.305],[-73.902,-7.373],[-73.983,-7.356],[-73.944,-7.449],[-74.018,-7.544],[-73.839,-7.721],[-73.712,-7.788],[-73.714,-7.866],[-73.795,-7.874],[-73.779,-7.954],[-73.668,-8.014],[-73.527,-8.372],[-73.356,-8.48],[-73.351,-8.598],[-73.175,-8.721],[-73.069,-8.894],[-72.976,-8.985],[-72.959,-9.086],[-73.215,-9.409],[-72.813,-9.411],[-72.43,-9.482],[-72.307,-9.541],[-72.265,-9.762],[-72.16,-9.888],[-72.196,-10.006],[-71.391,-10.007],[-71.197,-9.94],[-71.161,-9.876],[-71.015,-9.817],[-70.875,-9.66],[-70.525,-9.431],[-70.624,-9.566],[-70.543,-9.727],[-70.638,-9.852],[-70.641,-11.011],[-70.534,-10.938],[-70.437,-11.037],[-70.289,-11.065],[-70.199,-11.041],[-69.956,-10.919],[-69.72,-10.965],[-69.578,-10.952],[-69.396,-10.935],[-69.071,-10.97],[-68.997,-11.002],[-68.758,-11.012],[-68.787,-11.126],[-68.616,-11.112],[-68.293,-10.979],[-68.098,-10.698],[-67.863,-10.659],[-67.722,-10.705],[-67.685,-10.611],[-67.585,-10.502],[-67.488,-10.465],[-67.338,-10.326],[-67.202,-10.327],[-67.064,-10.257],[-66.903,-10.093],[-66.632,-9.904],[-66.453,-9.889],[-66.191,-9.801],[-65.966,-9.777],[-65.817,-9.786],[-65.71,-9.756],[-65.584,-9.837],[-65.452,-9.681],[-65.371,-9.711],[-65.304,-9.826],[-65.333,-9.927],[-65.288,-10.216],[-65.411,-10.449],[-65.45,-10.468],[-65.436,-10.626],[-65.381,-10.698],[-65.4,-10.812],[-65.319,-10.865],[-65.303,-10.991],[-65.395,-11.153],[-65.389,-11.253],[-65.326,-11.328],[-65.353,-11.391],[-65.292,-11.505],[-65.223,-11.517],[-65.196,-11.742],[-65.066,-11.753],[-64.997,-11.996],[-64.793,-12.033],[-64.716,-12.147],[-64.469,-12.261],[-64.49,-12.374],[-64.396,-12.457],[-64.215,-12.474],[-64.145,-12.52],[-63.921,-12.544],[-63.801,-12.455],[-63.658,-12.475],[-63.496,-12.553],[-63.393,-12.665],[-63.236,-12.699],[-63.137,-12.634],[-63.075,-12.653],[-62.975,-12.853],[-62.929,-12.846],[-62.807,-12.989],[-62.687,-12.965],[-62.642,-13.03],[-62.458,-13.078],[-62.427,-13.125],[-62.29,-13.142],[-62.172,-13.118],[-62.003,-13.36],[-61.869,-13.464],[-61.848,-13.531],[-61.588,-13.508],[-61.459,-13.544],[-61.348,-13.494],[-61.149,-13.52],[-61.047,-13.465],[-61.022,-13.535],[-60.897,-13.553],[-60.566,-13.77],[-60.473,-13.798],[-60.388,-13.989],[-60.468,-14.104],[-60.464,-14.278],[-60.4,-14.341],[-60.344,-14.491],[-60.369,-14.543],[-60.292,-14.63],[-60.275,-15.095],[-60.582,-15.099],[-60.26,-15.456],[-60.238,-15.503],[-60.18,-16.222],[-60.13,-16.273],[-59.108,-16.309],[-58.465,-16.331],[-58.34,-16.289],[-58.356,-16.51],[-58.48,-16.684],[-58.466,-16.887],[-58.381,-17.267],[-58.232,-17.33],[-58.01,-17.497],[-57.854,-17.509],[-57.791,-17.556],[-57.778,-17.696],[-57.724,-17.737],[-57.73,-17.846],[-57.551,-18.184],[-57.467,-18.24],[-57.567,-18.256],[-57.782,-18.91],[-57.716,-19.045],[-57.789,-19.059],[-58.125,-19.73],[-58.117,-19.758],[-57.86,-19.98],[-58.159,-20.165],[-58.083,-20.376],[-57.989,-20.433],[-58.009,-20.526],[-57.981,-20.693],[-57.858,-20.74],[-57.94,-20.794],[-57.857,-20.85],[-57.915,-20.906],[-57.818,-20.954],[-57.852,-21.038],[-57.848,-21.216],[-57.905,-21.287],[-57.856,-21.331],[-57.93,-21.453],[-57.939,-21.624],[-57.896,-21.688],[-57.956,-21.851],[-57.925,-21.905],[-57.987,-22.035],[-57.94,-22.118],[-57.844,-22.144],[-57.654,-22.105],[-57.614,-22.177],[-57.385,-22.213],[-57.214,-22.188],[-56.843,-22.289],[-56.715,-22.215],[-56.665,-22.26],[-56.511,-22.091],[-56.422,-22.074],[-56.317,-22.208],[-56.197,-22.279],[-55.874,-22.317],[-55.76,-22.392],[-55.741,-22.537],[-55.631,-22.627],[-55.659,-22.818],[-55.638,-23.001],[-55.535,-23.229],[-55.514,-23.379],[-55.531,-23.603],[-55.445,-23.735],[-55.398,-23.977],[-55.201,-24.02],[-54.944,-23.969],[-54.827,-23.887],[-54.639,-23.804],[-54.423,-23.914],[-54.245,-24.051],[-54.335,-24.149],[-54.261,-24.329],[-54.335,-24.527],[-54.321,-24.628],[-54.407,-24.821],[-54.462,-25.037],[-54.43,-25.131],[-54.61,-25.433],[-54.6,-25.575],[-54.461,-25.642],[-54.403,-25.59],[-54.107,-25.501],[-54.126,-25.552],[-53.91,-25.629],[-53.837,-25.809],[-53.826,-25.973],[-53.765,-26.028],[-53.667,-26.219],[-53.724,-26.376],[-53.746,-26.694],[-53.711,-26.874],[-53.842,-27.164],[-53.964,-27.154],[-54.092,-27.285],[-54.177,-27.243],[-54.287,-27.428],[-54.348,-27.394],[-54.534,-27.487],[-54.774,-27.564],[-54.805,-27.526],[-54.898,-27.624],[-54.913,-27.737],[-55.081,-27.778],[-55.026,-27.84],[-55.178,-27.854],[-55.314,-27.915],[-55.441,-28.079],[-55.553,-28.146],[-55.605,-28.117],[-55.773,-28.232],[-55.664,-28.327],[-55.706,-28.408],[-55.842,-28.346],[-55.898,-28.461],[-56.012,-28.497],[-56.022,-28.586],[-56.185,-28.744],[-56.286,-28.78],[-56.301,-28.881],[-56.392,-28.952],[-56.416,-29.051],[-56.617,-29.161],[-56.677,-29.313],[-56.966,-29.601],[-57.094,-29.752],[-57.292,-29.815],[-57.325,-29.981],[-57.506,-30.144],[-57.612,-30.183],[-57.603,-30.191]]],[[[-38.944,-13.395],[-39.033,-13.393],[-39.046,-13.458],[-38.968,-13.498],[-38.949,-13.658],[-38.893,-13.639],[-38.934,-13.556],[-38.896,-13.454],[-38.944,-13.395]]],[[[-38.615,-12.925],[-38.683,-12.873],[-38.669,-12.962],[-38.785,-13.05],[-38.787,-13.134],[-38.587,-12.987],[-38.615,-12.925]]],[[[-44.498,-2.807],[-44.481,-2.704],[-44.548,-2.744],[-44.598,-3.06],[-44.497,-2.949],[-44.498,-2.807]]],[[[-43.627,-2.252],[-43.737,-2.334],[-43.743,-2.412],[-43.635,-2.4],[-43.627,-2.252]]],[[[-49.288,-1.758],[-49.338,-1.713],[-49.453,-1.85],[-49.367,-1.895],[-49.288,-1.758]]],[[[-44.892,-1.272],[-44.974,-1.26],[-44.98,-1.396],[-44.885,-1.326],[-44.892,-1.272]]],[[[-48.339,-1.067],[-48.421,-1.08],[-48.462,-1.164],[-48.38,-1.217],[-48.297,-1.129],[-48.339,-1.067]]],[[[-48.195,-0.819],[-48.313,-0.953],[-48.307,-1.021],[-48.207,-1.018],[-48.156,-0.866],[-48.195,-0.819]]],[[[-47.949,-0.641],[-47.962,-0.731],[-47.887,-0.669],[-47.949,-0.641]]],[[[-50.819,-0.62],[-50.841,-0.559],[-51.066,-0.676],[-51.094,-0.826],[-50.934,-0.732],[-50.843,-0.716],[-50.819,-0.62]]],[[[-47.661,-0.579],[-47.761,-0.576],[-47.716,-0.637],[-47.702,-0.71],[-47.643,-0.693],[-47.661,-0.579]]],[[[-51.186,-0.614],[-51.308,-0.519],[-51.505,-0.607],[-51.676,-0.847],[-51.668,-1.058],[-51.872,-1.243],[-51.954,-1.422],[-51.892,-1.484],[-51.786,-1.45],[-51.435,-1.187],[-51.331,-1.01],[-51.286,-1.032],[-51.231,-0.839],[-51.156,-0.682],[-51.186,-0.614]]],[[[-51.165,-0.14],[-51.264,-0.219],[-51.376,-0.461],[-51.201,-0.344],[-51.149,-0.264],[-51.165,-0.14]]],[[[-48.463,-0.576],[-48.455,-0.486],[-48.373,-0.374],[-48.427,-0.26],[-48.624,-0.223],[-48.892,-0.216],[-48.88,-0.164],[-49.215,-0.141],[-49.46,-0.223],[-49.653,-0.241],[-50.096,-0.132],[-50.368,-0.106],[-50.411,-0.164],[-50.583,-0.192],[-50.655,-0.264],[-50.724,-0.48],[-50.673,-0.631],[-50.737,-0.552],[-50.78,-0.661],[-50.793,-1.019],[-50.756,-1.082],[-50.664,-1.095],[-50.56,-1.183],[-50.793,-1.086],[-50.778,-1.173],[-50.804,-1.425],[-50.742,-1.531],[-50.588,-1.685],[-50.607,-1.765],[-50.405,-1.831],[-50.297,-1.803],[-50.238,-1.621],[-50.225,-1.739],[-50.155,-1.779],[-50.026,-1.661],[-50.002,-1.746],[-49.824,-1.817],[-49.552,-1.721],[-49.504,-1.587],[-49.372,-1.647],[-49.394,-1.529],[-49.294,-1.618],[-49.188,-1.608],[-49.151,-1.402],[-49.066,-1.532],[-48.918,-1.505],[-48.839,-1.443],[-48.983,-1.333],[-48.942,-1.296],[-48.833,-1.416],[-48.793,-1.28],[-48.842,-1.213],[-48.643,-1.084],[-48.665,-1.003],[-48.538,-0.894],[-48.463,-0.576]]],[[[-50.974,-0.291],[-50.923,-0.33],[-50.627,-0.086],[-50.766,0.046],[-50.947,-0.012],[-51.033,-0.168],[-50.974,-0.291]]],[[[-49.832,-0.103],[-49.716,-0.148],[-49.439,-0.121],[-49.36,-0.058],[-49.381,0.044],[-49.497,0.086],[-49.74,0],[-49.832,-0.103]]],[[[-50.634,0.071],[-50.56,-0.004],[-50.447,-0.015],[-50.446,0.126],[-50.611,0.183],[-50.634,0.071]]],[[[-50.037,0.3],[-50.107,0.222],[-50.367,0.215],[-50.345,0.047],[-50.069,0.017],[-50.005,-0.053],[-49.83,0.011],[-49.692,0.205],[-49.529,0.301],[-49.56,0.386],[-49.65,0.386],[-49.922,0.293],[-50.037,0.3]]],[[[-50.378,0.245],[-50.323,0.287],[-50.355,0.413],[-50.367,0.62],[-50.431,0.548],[-50.408,0.421],[-50.517,0.209],[-50.426,0.168],[-50.378,0.245]]],[[[-50.312,0.414],[-50.281,0.357],[-50.043,0.51],[-50.066,0.647],[-50.242,0.593],[-50.303,0.531],[-50.312,0.414]]],[[[-50.202,0.75],[-50.103,0.756],[-50.016,0.892],[-50.132,0.914],[-50.275,0.809],[-50.202,0.75]]],[[[-50.063,0.923],[-49.964,0.974],[-49.926,1.07],[-50.1,0.959],[-50.063,0.923]]],[[[-50.454,2.111],[-50.524,2.001],[-50.459,1.881],[-50.377,1.878],[-50.312,1.947],[-50.4,2.115],[-50.454,2.111]]],[[[-50.544,2.146],[-50.415,2.127],[-50.463,2.187],[-50.544,2.146]]],[[[-48.435,-27.405],[-48.517,-27.428],[-48.508,-27.565],[-48.565,-27.814],[-48.486,-27.774],[-48.497,-27.703],[-48.415,-27.595],[-48.377,-27.458],[-48.435,-27.405]]],[[[-48.544,-26.342],[-48.489,-26.236],[-48.548,-26.167],[-48.703,-26.312],[-48.579,-26.421],[-48.544,-26.342]]],[[[-47.517,-24.701],[-47.832,-24.913],[-47.888,-25.041],[-47.785,-24.924],[-47.517,-24.701]]],[[[-46.328,-23.926],[-46.405,-23.97],[-46.341,-23.97],[-46.292,-23.991],[-46.328,-23.926]]],[[[-45.214,-23.907],[-45.228,-23.772],[-45.325,-23.725],[-45.447,-23.877],[-45.386,-23.938],[-45.214,-23.907]]],[[[-44.101,-23.149],[-44.241,-23.07],[-44.367,-23.165],[-44.323,-23.221],[-44.101,-23.149]]],[[[-48.322,-25.384],[-48.256,-25.466],[-48.269,-25.348],[-48.322,-25.384]]],[[[-34.853,-7.697],[-34.884,-7.804],[-34.838,-7.811],[-34.853,-7.697]]],[[[-42.229,-2.693],[-42.25,-2.736],[-42.106,-2.773],[-42.229,-2.693]]],[[[-49.48,-1.655],[-49.523,-1.735],[-49.432,-1.709],[-49.48,-1.655]]]]},"properties":{"NAME":"Brazil","ADMIN":"Brazil","ISO_A2":"BR","ISO_A3":"BRA","CONTINENT":"South America","SUBREGION":"South America","POP_EST":211049527,"GDP_MD":1839758,"LABEL_X":-49.55945,"LABEL_Y":-12.098687,"ID":"BRA"}},{"type":"Feature","geometry":{"type":"Polygon","coordinates":[[[-57.603,-30.191],[-57.642,-30.193],[-57.653,-30.329],[-57.85,-30.485],[-57.886,-30.59],[-57.818,-30.712],[-57.807,-30.908],[-57.912,-30.947],[-57.855,-31.059],[-57.905,-31.241],[-57.99,-31.399],[-58.075,-31.475],[-57.987,-31.554],[-58.059,-31.811],[-58.169,-31.846],[-58.148,-32.063],[-58.187,-32.153],[-58.102,-32.311],[-58.2,-32.447],[-58.12,-32.819],[-58.048,-32.912],[-58.077,-33.031],[-58.174,-33.11],[-58.31,-33.109],[-58.367,-33.154],[-58.349,-33.283],[-58.413,-33.372],[-58.385,-33.47],[-58.433,-33.528],[-58.435,-33.785],[-58.389,-33.942],[-58.317,-33.987],[-58.196,-34.159],[-58.077,-34.192],[-57.898,-34.376],[-57.855,-34.471],[-57.624,-34.43],[-57.538,-34.454],[-57.203,-34.442],[-57.12,-34.463],[-56.795,-34.698],[-56.574,-34.759],[-56.376,-34.783],[-56.421,-34.828],[-56.311,-34.906],[-56.07,-34.901],[-55.792,-34.774],[-55.377,-34.801],[-55.26,-34.898],[-55.082,-34.884],[-54.939,-34.97],[-54.306,-34.708],[-54.345,-34.631],[-54.239,-34.59],[-54.26,-34.686],[-54.146,-34.668],[-53.972,-34.487],[-53.765,-34.39],[-53.711,-34.199],[-53.539,-34.062],[-53.473,-33.835],[-53.379,-33.741],[-53.54,-33.649],[-53.514,-33.395],[-53.537,-33.171],[-53.512,-33.099],[-53.327,-32.974],[-53.299,-32.889],[-53.111,-32.722],[-53.186,-32.647],[-53.416,-32.564],[-53.561,-32.45],[-53.649,-32.339],[-53.671,-32.226],[-53.772,-32.047],[-54.069,-31.88],[-54.135,-31.909],[-54.464,-31.672],[-54.483,-31.584],[-54.592,-31.471],[-54.82,-31.435],[-55.029,-31.269],[-55.087,-31.327],[-55.26,-31.229],[-55.354,-31.056],[-55.592,-30.848],[-55.653,-30.939],[-55.732,-30.945],[-55.864,-31.077],[-56.011,-31.082],[-56.011,-30.798],[-56.235,-30.565],[-56.373,-30.486],[-56.633,-30.247],[-56.831,-30.102],[-57.077,-30.106],[-57.213,-30.287],[-57.536,-30.274],[-57.603,-30.191]]]},"properties":{"NAME":"Uruguay","ADMIN":"Uruguay","ISO_A2":"UY","ISO_A3":"URY","CONTINENT":"South America","SUBREGION":"South America","POP_EST":3461734,"GDP_MD":56045,"LABEL_X":-55.966942,"LABEL_Y":-32.961127,"ID":"URY"}},{"type":"Feature","geometry":{"type":"Polygon","coordinates":[[[116.684,49.823],[116.575,49.922],[116.218,50.014],[116.054,49.998],[115.751,49.885],[115.369,49.895],[115.21,49.972],[114.997,50.144],[114.754,50.236],[114.473,50.234],[114.286,50.277],[113.973,50.161],[113.85,50.081],[113.58,50.02],[113.212,49.822],[113.044,49.589],[112.734,49.493],[112.432,49.529],[112.03,49.412],[111.661,49.396],[111.504,49.347],[111.338,49.365],[110.966,49.207],[110.731,49.138],[110.604,49.145],[110.371,49.242],[110.181,49.162],[109.818,49.228],[109.729,49.266],[109.516,49.256],[109.462,49.3],[109.161,49.347],[108.538,49.327],[108.335,49.436],[108.251,49.522],[108.033,49.589],[107.939,49.663],[107.947,49.933],[107.729,49.972],[107.225,49.997],[107.048,50.085],[106.974,50.196],[106.657,50.327],[106.44,50.328],[106.245,50.29],[106.056,50.334],[105.985,50.4],[105.639,50.422],[105.329,50.476],[105.131,50.398],[104.934,50.393],[104.61,50.314],[104.406,50.301],[104.198,50.17],[103.974,50.149],[103.785,50.186],[103.668,50.131],[103.253,50.215],[103.202,50.297],[102.974,50.296],[102.587,50.415],[102.472,50.525],[102.328,50.546],[102.276,50.65],[102.329,50.719],[102.217,50.799],[102.23,50.979],[102.147,51.098],[102.184,51.324],[102.051,51.384],[101.482,51.473],[101.388,51.451],[100.511,51.727],[100.006,51.732],[99.679,51.889],[99.324,51.934],[99.233,51.994],[98.995,52.058],[98.886,52.129],[98.711,51.845],[98.619,51.781],[98.332,51.718],[98.228,51.583],[98.22,51.475],[98.051,51.466],[97.916,51.301],[97.929,51.215],[97.806,51.001],[97.99,50.836],[97.944,50.774],[98.023,50.642],[98.293,50.519],[98.262,50.284],[98.106,50.064],[97.83,49.923],[97.734,49.958],[97.567,49.917],[97.574,49.848],[97.302,49.726],[97.153,49.75],[96.969,49.887],[96.702,49.914],[96.568,49.862],[96.475,49.922],[96.373,49.886],[96.041,49.998],[95.946,49.939],[95.867,50.015],[95.584,49.937],[95.521,49.89],[95.355,49.948],[95.076,49.946],[94.922,50.046],[94.625,50.015],[94.344,50.249],[94.328,50.404],[94.238,50.565],[93.536,50.585],[93.422,50.609],[93.105,50.599],[93.011,50.623],[92.962,50.778],[92.76,50.771],[92.65,50.674],[92.302,50.843],[92.243,50.72],[92.159,50.689],[91.9,50.707],[91.75,50.684],[91.416,50.461],[91.012,50.425],[90.718,50.281],[90.684,50.216],[90.475,50.215],[90.223,50.114],[90.051,50.084],[89.969,49.967],[89.624,49.903],[89.682,49.708],[89.442,49.644],[89.372,49.582],[89.216,49.634],[89.161,49.503],[88.963,49.462],[88.859,49.527],[88.871,49.436],[88.634,49.491],[88.175,49.444],[88.144,49.271],[87.957,49.169],[87.816,49.166],[87.873,48.968],[87.757,48.92],[87.806,48.801],[87.975,48.756],[88.064,48.683],[87.943,48.599],[88.017,48.54],[88.236,48.493],[88.565,48.343],[88.581,48.212],[88.805,48.106],[88.932,48.097],[89.046,47.993],[89.244,47.98],[89.334,48.032],[89.542,48.031],[89.751,47.824],[89.889,47.824],[90.045,47.88],[90.083,47.756],[90.345,47.659],[90.441,47.493],[90.469,47.309],[90.712,47.015],[90.828,46.982],[91.005,46.74],[90.996,46.595],[91.047,46.566],[90.896,46.302],[90.996,46.114],[91.002,46.022],[90.711,45.752],[90.651,45.493],[90.738,45.442],[90.873,45.186],[91.135,45.198],[91.249,45.13],[91.456,45.137],[91.522,45.077],[91.663,45.06],[92.009,45.076],[92.194,45.015],[92.475,44.997],[92.753,45.038],[92.945,45.006],[93.166,45.008],[93.525,44.951],[93.714,44.875],[93.927,44.673],[94.195,44.654],[94.338,44.512],[94.588,44.436],[94.698,44.343],[95.037,44.255],[95.379,44.287],[95.321,44.148],[95.328,44.007],[95.51,43.979],[95.589,43.869],[95.692,43.631],[95.833,43.409],[95.908,43.215],[96.294,42.933],[96.351,42.741],[96.475,42.732],[97.193,42.787],[98.662,42.644],[99.474,42.564],[100.017,42.677],[101.219,42.53],[101.411,42.545],[101.638,42.515],[101.735,42.461],[101.886,42.278],[102.034,42.185],[103.073,42.005],[103.721,41.756],[104.501,41.871],[104.498,41.666],[104.892,41.645],[105.015,41.596],[105.201,41.743],[105.274,41.755],[105.869,41.993],[106.768,42.287],[108.177,42.454],[108.536,42.435],[108.797,42.398],[108.994,42.45],[109.253,42.426],[109.485,42.449],[109.667,42.549],[109.913,42.629],[110.075,42.644],[110.407,42.769],[110.608,42.945],[110.68,43.058],[110.934,43.288],[111.096,43.367],[111.597,43.523],[111.754,43.663],[111.933,43.697],[111.944,43.786],[111.839,43.939],[111.634,44.066],[111.396,44.347],[111.406,44.416],[111.544,44.601],[111.551,44.693],[111.739,44.966],[111.843,45.04],[112.011,45.087],[112.441,45.052],[112.614,44.909],[113.105,44.794],[113.635,44.746],[113.889,44.908],[114.055,44.941],[114.164,45.04],[114.419,45.201],[114.534,45.386],[114.737,45.425],[114.939,45.374],[115.337,45.395],[115.638,45.444],[116.012,45.679],[116.17,45.709],[116.252,45.803],[116.213,45.908],[116.357,46.106],[116.604,46.309],[116.805,46.383],[117.302,46.35],[117.353,46.379],[117.394,46.571],[117.556,46.602],[117.696,46.512],[117.817,46.527],[117.878,46.596],[118.238,46.715],[118.72,46.677],[118.816,46.758],[118.967,46.74],[119.062,46.661],[119.317,46.612],[119.453,46.627],[119.68,46.592],[119.904,46.709],[119.893,46.906],[119.77,46.993],[119.7,47.16],[119.282,47.415],[119.31,47.476],[119.158,47.518],[119.083,47.662],[118.767,47.756],[118.542,47.966],[118.182,48.028],[117.742,47.978],[117.361,47.651],[117.07,47.81],[116.853,47.872],[116.5,47.836],[116.244,47.863],[116.084,47.807],[115.973,47.709],[115.853,47.706],[115.562,47.933],[115.515,48.122],[115.771,48.224],[115.809,48.274],[115.8,48.53],[116.028,48.767],[116.038,48.87],[116.684,49.823]]]},"properties":{"NAME":"Mongolia","ADMIN":"Mongolia","ISO_A2":"MN","ISO_A3":"MNG","CONTINENT":"Asia","SUBREGION":"Eastern Asia","POP_EST":3225167,"GDP_MD":13996,"LABEL_X":104.150405,"LABEL_Y":45.997488,"ID":"MNG"}},{"type":"Feature","geometry":{"type":"MultiPolygon","coordinates":[[[[87.816,49.166],[87.957,49.169],[88.144,49.271],[88.175,49.444],[88.634,49.491],[88.871,49.436],[88.859,49.527],[88.963,49.462],[89.161,49.503],[89.216,49.634],[89.372,49.582],[89.442,49.644],[89.682,49.708],[89.624,49.903],[89.969,49.967],[90.051,50.084],[90.223,50.114],[90.475,50.215],[90.684,50.216],[90.718,50.281],[91.012,50.425],[91.416,50.461],[91.75,50.684],[91.9,50.707],[92.159,50.689],[92.243,50.72],[92.302,50.843],[92.65,50.674],[92.76,50.771],[92.962,50.778],[93.011,50.623],[93.105,50.599],[93.422,50.609],[93.536,50.585],[94.238,50.565],[94.328,50.404],[94.344,50.249],[94.625,50.015],[94.922,50.046],[95.076,49.946],[95.355,49.948],[95.521,49.89],[95.584,49.937],[95.867,50.015],[95.946,49.939],[96.041,49.998],[96.373,49.886],[96.475,49.922],[96.568,49.862],[96.702,49.914],[96.969,49.887],[97.153,49.75],[97.302,49.726],[97.574,49.848],[97.567,49.917],[97.734,49.958],[97.83,49.923],[98.106,50.064],[98.262,50.284],[98.293,50.519],[98.023,50.642],[97.944,50.774],[97.99,50.836],[97.806,51.001],[97.929,51.215],[97.916,51.301],[98.051,51.466],[98.22,51.475],[98.228,51.583],[98.332,51.718],[98.619,51.781],[98.711,51.845],[98.886,52.129],[98.995,52.058],[99.233,51.994],[99.324,51.934],[99.679,51.889],[100.006,51.732],[100.511,51.727],[101.388,51.451],[101.482,51.473],[102.051,51.384],[102.184,51.324],[102.147,51.098],[102.23,50.979],[102.217,50.799],[102.329,50.719],[102.276,50.65],[102.328,50.546],[102.472,50.525],[102.587,50.415],[102.974,50.296],[103.202,50.297],[103.253,50.215],[103.668,50.131],[103.785,50.186],[103.974,50.149],[104.198,50.17],[104.406,50.301],[104.61,50.314],[104.934,50.393],[105.131,50.398],[105.329,50.476],[105.639,50.422],[105.985,50.4],[106.056,50.334],[106.245,50.29],[106.44,50.328],[106.657,50.327],[106.974,50.196],[107.048,50.085],[107.225,49.997],[107.729,49.972],[107.947,49.933],[107.939,49.663],[108.033,49.589],[108.251,49.522],[108.335,49.436],[108.538,49.327],[109.161,49.347],[109.462,49.3],[109.516,49.256],[109.729,49.266],[109.818,49.228],[110.181,49.162],[110.371,49.242],[110.604,49.145],[110.731,49.138],[110.966,49.207],[111.338,49.365],[111.504,49.347],[111.661,49.396],[112.03,49.412],[112.432,49.529],[112.734,49.493],[113.044,49.589],[113.212,49.822],[113.58,50.02],[113.85,50.081],[113.973,50.161],[114.286,50.277],[114.473,50.234],[114.754,50.236],[114.997,50.144],[115.21,49.972],[115.369,49.895],[115.751,49.885],[116.054,49.998],[116.218,50.014],[116.575,49.922],[116.684,49.823],[117.058,49.673],[117.253,49.622],[117.473,49.614],[117.759,49.513],[118.169,49.671],[118.644,49.955],[119.092,49.987],[119.316,50.093],[119.353,50.346],[119.141,50.377],[119.244,50.446],[119.294,50.599],[119.497,50.737],[119.518,50.905],[119.748,51.083],[119.82,51.275],[119.916,51.331],[119.977,51.487],[120.108,51.665],[120.566,51.905],[120.648,51.911],[120.779,52.118],[120.758,52.237],[120.626,52.347],[120.724,52.542],[120.43,52.636],[120.176,52.584],[120.056,52.601],[120.033,52.761],[120.28,52.866],[120.45,53.008],[120.874,53.28],[121.203,53.277],[121.512,53.33],[121.889,53.431],[122.082,53.43],[122.338,53.491],[122.471,53.465],[122.86,53.474],[123.154,53.513],[123.253,53.568],[123.542,53.514],[123.614,53.563],[123.732,53.504],[123.971,53.455],[124.122,53.353],[124.233,53.382],[124.408,53.236],[124.679,53.199],[124.896,53.118],[124.88,53.173],[125.127,53.207],[125.521,53.042],[125.621,53.062],[125.734,52.982],[125.669,52.878],[125.837,52.907],[125.977,52.765],[126.067,52.783],[126.069,52.68],[125.973,52.632],[126.212,52.533],[126.344,52.391],[126.316,52.316],[126.439,52.275],[126.317,52.2],[126.531,52.153],[126.446,51.983],[126.648,51.741],[126.714,51.723],[126.675,51.588],[126.807,51.534],[126.8,51.419],[126.902,51.401],[126.809,51.289],[126.981,51.309],[126.916,51.233],[126.932,51.064],[127.144,50.904],[127.287,50.751],[127.365,50.555],[127.289,50.466],[127.331,50.328],[127.578,50.221],[127.487,50.026],[127.508,49.822],[127.644,49.767],[127.722,49.649],[127.831,49.594],[127.992,49.599],[128.092,49.542],[128.384,49.579],[128.797,49.572],[128.75,49.485],[129.015,49.431],[129.088,49.352],[129.194,49.39],[129.362,49.35],[129.403,49.431],[129.502,49.411],[129.572,49.28],[129.711,49.274],[129.913,49.04],[130.249,48.865],[130.387,48.896],[130.674,48.871],[130.533,48.636],[130.639,48.477],[130.744,48.497],[130.822,48.334],[130.682,48.05],[130.907,47.884],[130.942,47.718],[131.023,47.682],[131.418,47.743],[131.577,47.669],[131.684,47.695],[131.894,47.67],[132.162,47.69],[132.332,47.737],[132.525,47.708],[132.659,47.87],[132.675,47.951],[132.821,47.942],[133.092,48.107],[133.185,48.125],[133.464,48.09],[133.56,48.113],[133.721,48.245],[133.982,48.285],[134.057,48.327],[134.386,48.381],[134.543,48.357],[134.701,48.262],[134.683,48.136],[134.567,48.04],[134.773,47.711],[134.683,47.588],[134.485,47.43],[134.293,47.41],[134.154,47.258],[134.227,47.118],[134.124,47.071],[134.02,46.834],[133.988,46.625],[133.849,46.48],[133.926,46.371],[133.902,46.259],[133.687,46.142],[133.719,46.079],[133.658,45.935],[133.514,45.879],[133.492,45.673],[133.425,45.58],[133.202,45.511],[133.14,45.435],[133.098,45.244],[133.115,45.123],[132.953,45.024],[132.84,45.059],[131.97,45.234],[131.818,45.333],[131.723,45.215],[131.628,45.198],[131.609,45.09],[131.42,44.959],[131.329,44.968],[131.158,44.902],[131.052,44.909],[130.933,44.842],[131.066,44.682],[131.264,44.054],[131.17,43.781],[131.167,43.521],[131.281,43.38],[131.167,43.182],[131.184,43.121],[131.085,43.042],[131.103,42.91],[130.992,42.849],[130.77,42.866],[130.407,42.735],[130.585,42.569],[130.531,42.53],[130.7,42.295],[130.787,42.462],[130.87,42.535],[130.657,42.664],[130.837,42.692],[130.95,42.653],[130.89,42.6],[131.12,42.667],[131.201,42.614],[131.273,42.777],[131.472,42.873],[131.386,42.914],[131.731,43.174],[131.764,43.292],[131.957,43.306],[131.997,43.239],[131.847,43.09],[131.952,43.072],[132.096,43.181],[132.227,43.23],[132.305,43.319],[132.329,43.175],[132.289,42.883],[132.397,42.939],[132.503,42.924],[132.578,42.84],[132.74,42.907],[132.816,42.756],[132.99,42.827],[133.079,42.75],[132.996,42.723],[133.158,42.688],[133.299,42.763],[133.524,42.826],[133.927,42.883],[134.194,43.08],[134.587,43.229],[134.975,43.46],[135.14,43.508],[135.227,43.682],[135.355,43.719],[135.488,43.833],[135.464,43.95],[135.624,44.038],[135.656,44.169],[135.786,44.258],[135.889,44.402],[136.123,44.476],[136.365,44.793],[136.553,44.895],[136.657,45.033],[136.761,45.088],[136.826,45.204],[137.145,45.375],[137.397,45.624],[137.671,45.795],[137.782,45.946],[138.1,46.228],[138.202,46.454],[138.345,46.549],[138.349,46.664],[138.484,46.858],[138.535,46.987],[138.891,47.305],[138.959,47.313],[139.053,47.479],[139.206,47.664],[139.262,47.788],[139.39,47.904],[139.684,48.096],[139.734,48.163],[140.043,48.336],[140.165,48.449],[140.186,48.65],[140.267,48.862],[140.398,48.993],[140.295,49.082],[140.377,49.144],[140.351,49.295],[140.436,49.294],[140.454,49.421],[140.561,49.575],[140.542,49.757],[140.416,49.863],[140.495,49.984],[140.661,50.058],[140.523,50.151],[140.545,50.344],[140.443,50.544],[140.515,50.617],[140.466,50.69],[140.542,50.877],[140.657,50.938],[140.708,51.074],[140.659,51.224],[140.706,51.335],[140.83,51.343],[140.896,51.429],[140.906,51.615],[141.109,51.679],[141.2,51.824],[141.43,51.942],[141.314,52.004],[141.343,52.094],[141.545,52.218],[141.414,52.222],[141.167,52.365],[141.118,52.449],[141.281,52.579],[141.282,52.721],[141.198,52.849],[140.994,52.926],[140.946,53.023],[140.707,53.111],[140.861,53.118],[141.132,52.987],[141.433,53.149],[141.412,53.294],[141.251,53.311],[140.934,53.477],[141.026,53.492],[140.581,53.639],[140.511,53.734],[140.357,53.79],[140.252,53.891],[140.331,53.97],[140.241,54.057],[140.002,54.123],[139.795,54.239],[139.797,54.297],[139.372,54.196],[139.162,54.205],[138.739,54.316],[138.676,54.072],[138.767,54.105],[138.761,53.975],[138.656,53.732],[138.502,53.544],[138.406,53.511],[138.246,53.566],[138.58,53.828],[138.579,53.999],[138.396,53.928],[138.298,53.756],[137.918,53.587],[137.335,53.529],[137.212,53.588],[137.315,53.653],[137.477,53.666],[137.597,53.824],[137.771,53.944],[137.546,53.972],[137.32,54.049],[137.308,54.118],[137.447,54.095],[137.685,54.277],[137.451,54.318],[137.061,54.146],[137.157,54.044],[137.291,54.036],[137.186,53.851],[137.108,53.808],[136.958,53.858],[136.775,53.773],[136.685,53.808],[136.689,54.012],[136.78,54.064],[136.821,54.316],[136.739,54.414],[136.841,54.432],[136.883,54.591],[136.662,54.685],[136.535,54.596],[136.249,54.62],[135.75,54.571],[135.654,54.666],[135.265,54.722],[135.173,54.821],[135.22,54.894],[135.534,55.087],[135.869,55.174],[136.22,55.355],[136.319,55.487],[136.566,55.623],[136.773,55.661],[136.91,55.771],[137.057,55.8],[137.156,55.888],[137.572,56.117],[137.698,56.126],[137.834,56.225],[137.914,56.36],[138.069,56.438],[138.223,56.424],[138.115,56.528],[138.268,56.627],[138.662,56.978],[138.922,57.058],[139.197,57.273],[139.418,57.297],[139.563,57.43],[139.79,57.483],[139.982,57.688],[140.496,57.845],[140.667,58.191],[140.904,58.383],[141.186,58.456],[141.584,58.618],[141.782,58.765],[141.947,58.943],[142.262,59.125],[142.582,59.226],[143.16,59.354],[143.494,59.319],[143.904,59.423],[144.455,59.375],[144.613,59.395],[145.001,59.37],[145.652,59.422],[145.809,59.367],[145.957,59.417],[145.825,59.241],[146.05,59.139],[146.205,59.205],[146.323,59.18],[146.319,59.402],[146.44,59.46],[146.72,59.382],[147.271,59.332],[147.546,59.238],[147.623,59.306],[147.739,59.262],[147.914,59.39],[148.219,59.409],[148.394,59.379],[148.437,59.262],[148.935,59.233],[148.99,59.375],[148.736,59.368],[148.815,59.534],[148.968,59.452],[149.201,59.525],[149.081,59.56],[149.133,59.641],[149.598,59.758],[150.457,59.613],[150.601,59.541],[150.772,59.537],[150.536,59.479],[150.926,59.448],[150.937,59.556],[151.322,59.556],[151.425,59.598],[151.638,59.482],[151.76,59.299],[151.962,59.267],[152.137,59.296],[152.312,59.227],[152.109,59.156],[151.766,59.134],[151.438,59.17],[151.217,59.092],[151.088,59.102],[151.359,58.856],[151.717,58.849],[152.02,58.875],[152.339,59.055],[152.557,58.95],[152.916,58.917],[152.943,59.007],[153.09,59.083],[153.337,59.09],[153.369,59.241],[153.802,59.172],[154.049,59.053],[154.358,59.111],[154.333,59.192],[154.502,59.218],[154.805,59.132],[154.813,59.194],[155.194,59.176],[155.167,59.379],[154.963,59.496],[154.783,59.471],[154.644,59.543],[154.418,59.546],[154.264,59.437],[154.075,59.509],[154.197,59.583],[154.251,59.699],[154.221,59.87],[154.488,59.896],[154.408,60.063],[154.564,60.094],[154.952,60.367],[155.138,60.411],[155.34,60.525],[155.432,60.515],[155.571,60.626],[155.83,60.729],[155.914,60.704],[155.917,60.859],[156.091,61.002],[156.374,61.149],[156.663,61.211],[156.62,61.275],[156.679,61.524],[156.924,61.552],[157.028,61.651],[157.357,61.715],[157.465,61.782],[157.794,61.781],[158.08,61.734],[158.26,61.826],[158.485,61.79],[158.548,61.83],[158.853,61.826],[158.921,61.903],[159.36,61.893],[159.351,61.826],[159.519,61.675],[159.708,61.721],[159.881,61.705],[160.039,61.846],[160.346,61.945],[160.414,61.765],[160.259,61.69],[160.285,61.554],[160.035,61.459],[159.776,61.242],[159.908,61.259],[160,61.106],[159.828,60.932],[160.202,61.038],[160.444,61.036],[160.358,60.911],[160.17,60.825],[160.252,60.772],[160.154,60.576],[160.661,60.753],[160.792,60.718],[160.915,60.9],[161.184,60.993],[161.567,61.184],[161.596,61.255],[161.986,61.373],[162.417,61.676],[162.775,61.594],[162.623,61.659],[162.804,61.711],[162.86,61.617],[163.045,61.517],[163.166,61.63],[163.343,61.706],[162.978,61.81],[163.193,62.067],[163.091,62.227],[163.369,62.328],[163.185,62.443],[163.267,62.522],[163.626,62.589],[163.908,62.584],[164.055,62.656],[164.375,62.691],[164.598,62.673],[164.766,62.558],[165.11,62.485],[165.651,62.459],[165.17,62.459],[165.231,62.395],[164.988,62.403],[164.739,62.46],[164.538,62.451],[164.418,62.353],[164.127,62.262],[164.045,61.683],[163.866,61.647],[163.776,61.413],[163.952,61.435],[164.029,61.347],[163.933,61.235],[163.763,61.187],[163.487,61.002],[163.774,60.919],[163.346,60.799],[162.889,60.752],[162.754,60.646],[162.502,60.621],[162.206,60.538],[161.939,60.417],[161.897,60.203],[161.533,60.068],[161.284,59.871],[160.805,59.605],[160.497,59.552],[160.31,59.346],[159.864,59.141],[159.73,59.011],[159.728,58.883],[159.024,58.415],[158.655,58.269],[158.229,58.039],[158.057,57.99],[157.723,58.025],[157.587,57.951],[157.47,57.804],[157.242,57.77],[156.981,57.857],[156.801,57.773],[156.931,57.658],[157.001,57.426],[156.675,57.046],[156.573,57.114],[156.461,56.948],[156.048,56.765],[155.924,56.585],[155.653,55.921],[155.623,55.639],[155.551,55.284],[155.61,54.895],[155.728,54.427],[155.936,53.865],[156.039,53.371],[156.111,52.935],[156.266,52.598],[156.42,52.472],[156.282,52.529],[156.373,52.405],[156.439,52.216],[156.501,51.775],[156.483,51.459],[156.535,51.289],[156.722,51.195],[156.762,50.984],[156.72,50.886],[157.046,51.124],[157.447,51.348],[157.537,51.486],[157.759,51.544],[158.027,51.776],[158.287,51.968],[158.325,52.138],[158.427,52.184],[158.427,52.268],[158.548,52.296],[158.571,52.392],[158.462,52.461],[158.598,52.692],[158.5,52.779],[158.647,52.899],[158.415,52.993],[158.558,53.07],[158.674,52.995],[158.709,52.892],[159.003,53.077],[159.478,53.229],[159.632,53.257],[160.059,53.097],[160.018,53.265],[159.969,53.215],[159.825,53.536],[159.949,53.475],[159.969,53.57],[159.818,53.66],[159.902,53.982],[160.053,54.176],[160.219,54.242],[160.42,54.378],[160.741,54.535],[161.151,54.597],[161.312,54.49],[161.724,54.509],[162.13,54.772],[162.153,54.85],[161.875,55.079],[161.748,55.376],[161.777,55.608],[162.142,56.129],[162.593,56.268],[162.401,56.37],[162.683,56.484],[162.91,56.426],[162.99,56.533],[163.116,56.501],[162.94,56.382],[162.754,56.347],[162.638,56.221],[162.822,56.056],[163.051,56.005],[163.111,56.102],[163.366,56.181],[163.339,56.355],[163.241,56.593],[163.228,56.742],[162.967,56.704],[162.784,56.763],[162.79,56.922],[162.86,57.051],[162.786,57.145],[162.833,57.383],[163.075,57.461],[163.33,57.709],[163.219,57.813],[163.004,57.838],[162.712,57.967],[162.53,57.937],[162.522,57.754],[162.215,57.822],[162.026,57.929],[161.993,58.087],[162.17,58.406],[162.405,58.654],[163.078,59.008],[162.887,59.114],[162.947,59.159],[163.262,59.081],[163.075,59.193],[163.081,59.271],[163.313,59.288],[163.303,59.433],[163.169,59.511],[163.39,59.632],[163.378,59.814],[163.504,59.898],[163.698,59.904],[163.629,60.047],[164.017,60.036],[164.164,59.963],[164.339,59.992],[164.321,60.089],[164.489,60.111],[164.686,59.993],[164.807,59.79],[165.014,59.848],[165.212,59.991],[165.13,60.084],[165.721,60.27],[166.052,60.454],[166.393,60.48],[166.276,60.331],[166.267,60.178],[166.175,60.12],[166.11,59.827],[166.361,59.884],[167.048,60.328],[167.025,60.428],[167.192,60.355],[168.096,60.571],[168.485,60.599],[168.625,60.556],[169.248,60.567],[169.708,60.399],[169.747,60.283],[169.956,60.059],[170.119,60.019],[170.265,59.92],[170.401,59.966],[170.502,60.273],[170.666,60.341],[170.639,60.423],[170.811,60.512],[171.179,60.559],[171.457,60.718],[171.633,60.745],[171.585,60.8],[171.746,60.854],[172.007,60.855],[172.201,60.976],[172.009,61.101],[172.243,61.02],[172.476,61.056],[172.298,61.104],[172.434,61.143],[172.386,61.227],[172.647,61.191],[172.931,61.352],[172.716,61.431],[172.897,61.472],[173.128,61.397],[173.38,61.561],[173.481,61.555],[173.545,61.749],[173.805,61.65],[174.061,61.77],[174.014,61.817],[174.34,61.844],[174.49,61.815],[174.73,61.896],[174.6,61.985],[174.815,61.947],[175.23,62.044],[175.299,62.117],[176.279,62.317],[176.393,62.395],[176.709,62.499],[177.239,62.57],[177.067,62.582],[176.931,62.694],[177.042,62.769],[176.975,62.862],[177.148,62.796],[177.189,62.71],[177.333,62.807],[177.307,62.582],[178.061,62.541],[178.489,62.437],[178.938,62.366],[179.09,62.29],[179.149,62.496],[179.384,62.521],[179.433,62.616],[179.609,62.706],[179.541,62.849],[179.346,62.894],[179.25,62.985],[179.418,63.117],[179.3,63.215],[178.809,63.35],[178.838,63.435],[178.595,63.411],[178.72,63.476],[178.711,63.57],[178.51,63.579],[178.372,63.522],[178.26,63.582],[178.372,63.631],[178.665,63.588],[178.759,63.623],[178.657,63.949],[178.383,64.001],[178.589,64.035],[178.283,64.354],[178,64.21],[177.67,64.305],[177.454,64.421],[177.364,64.563],[177.492,64.768],[177.338,64.781],[176.986,64.711],[176.727,64.579],[176.424,64.71],[176.21,64.874],[176.039,64.922],[175.841,64.81],[175.657,64.768],[175.591,64.789],[175.278,64.751],[174.99,64.771],[175.715,64.794],[175.868,64.845],[176.029,64.959],[176.397,64.86],[176.848,64.85],[177.026,64.774],[177.298,64.838],[177.17,64.946],[176.915,65.049],[176.546,65.001],[176.336,65.038],[176.381,65.09],[176.571,65.034],[176.937,65.083],[177.151,65.034],[177.219,64.956],[177.44,64.925],[177.389,64.836],[177.643,64.748],[178.218,64.658],[178.912,64.715],[179.25,64.811],[179.479,64.823],[179.78,65.018],[180,65.066],[180,65.069],[180,65.568],[180,66.066],[180,66.565],[180,67.064],[180,67.562],[180,68.061],[180,68.56],[180,68.981],[179.774,68.989],[179.548,69.113],[179.959,68.996],[179.261,69.272],[178.674,69.298],[178.671,69.357],[179.068,69.325],[178.773,69.415],[178.365,69.487],[178.212,69.443],[177.358,69.617],[176.735,69.675],[176.313,69.777],[176.128,69.894],[176.143,69.782],[175.926,69.776],[175.53,69.856],[175.088,69.846],[174.026,69.884],[173.928,69.845],[173.461,69.949],[173.254,69.919],[173.479,69.836],[173.198,69.783],[173.179,69.845],[172.861,69.903],[172.791,69.963],[171.994,69.993],[171.316,70.073],[170.611,70.116],[170.523,69.938],[170.592,69.765],[170.232,69.689],[170.286,69.579],[170.584,69.6],[170.749,69.391],[170.913,69.304],[170.996,69.127],[170.894,68.993],[170.351,68.828],[169.625,68.777],[169.454,68.845],[169.42,69.024],[169.304,69.098],[168.851,69.188],[168.288,69.243],[168.192,69.38],[168.241,69.558],[167.926,69.654],[168.083,69.709],[167.802,69.775],[166.939,69.502],[166.63,69.534],[166.075,69.523],[165.675,69.596],[164.834,69.567],[164.439,69.621],[164.027,69.774],[163.773,69.694],[163.165,69.721],[162.769,69.654],[162.318,69.663],[161.946,69.528],[161.703,69.496],[161.6,69.428],[161.436,69.38],[161.399,69.221],[161.576,68.933],[161.328,68.797],[161.347,68.701],[161.047,68.534],[161.21,68.692],[161.219,68.792],[161.415,68.982],[160.963,69.106],[161.025,69.284],[160.921,69.462],[161.006,69.577],[160.926,69.642],[160.516,69.687],[160.319,69.654],[159.801,69.807],[159.689,69.891],[159.869,70.005],[159.901,70.127],[160.106,70.264],[160.025,70.419],[159.689,70.671],[159.238,70.829],[158.524,70.969],[157.989,71.048],[157.586,71.075],[155.936,71.099],[154.239,70.965],[153.664,70.861],[153.348,70.883],[152.99,70.835],[152.613,70.835],[152.211,70.881],[151.657,70.991],[152.061,70.983],[152.104,71.05],[151.623,71.298],[151.033,71.394],[150.63,71.285],[150.515,71.346],[150.635,71.515],[150.117,71.516],[149.868,71.462],[149.953,71.67],[149.772,71.648],[149.005,71.703],[149.369,71.904],[149.709,71.773],[150.02,71.849],[150.067,71.922],[149.611,72.148],[148.965,72.251],[148.402,72.311],[147.747,72.339],[147.196,72.33],[146.157,71.821],[145.344,71.663],[144.953,71.702],[145.216,71.843],[144.971,71.98],[145.329,71.871],[145.806,71.929],[145.621,72.08],[145.75,72.21],[145.907,72.203],[145.968,72.071],[146.079,72.17],[146.347,72.128],[145.993,72.03],[145.973,71.856],[146.495,72.066],[146.929,72.313],[145.069,72.264],[144.416,72.175],[144.105,72.278],[144.386,72.285],[144.521,72.225],[144.708,72.374],[144.943,72.438],[145.372,72.346],[145.688,72.364],[146.792,72.331],[146.802,72.354],[146.125,72.47],[145.41,72.556],[143.707,72.667],[142.543,72.718],[142.232,72.702],[141.551,72.774],[141.273,72.866],[140.594,72.893],[140.664,72.809],[141.013,72.691],[140.933,72.601],[141.111,72.587],[140.577,72.496],[140.073,72.479],[139.542,72.498],[139.136,72.304],[139.192,72.163],[139.561,72.232],[140.146,72.225],[139.874,72.178],[139.574,71.933],[139.743,71.845],[139.735,71.672],[140.033,71.472],[139.718,71.457],[139.443,71.495],[139.192,71.415],[139.045,71.569],[138.756,71.643],[138.039,71.559],[137.829,71.394],[138.15,71.333],[138.067,71.225],[137.56,71.241],[137.492,71.347],[136.889,71.462],[136.689,71.532],[135.985,71.635],[135.622,71.623],[135.033,71.539],[134.489,71.377],[134.168,71.371],[133.65,71.437],[133.152,71.579],[132.985,71.72],[132.73,71.769],[132.796,71.911],[132.539,71.884],[132.106,71.518],[131.966,71.255],[131.851,71.208],[131.546,70.887],[131.226,70.75],[130.879,70.774],[130.789,70.971],[130.62,70.866],[130.301,70.94],[130.08,71.083],[129.763,71.148],[129.653,71.261],[129.392,71.347],[129.249,71.55],[129.117,71.615],[128.875,71.597],[128.83,71.679],[129.305,71.761],[129.287,71.883],[129.026,72.018],[129.189,71.833],[128.927,71.739],[128.664,71.863],[128.624,71.963],[128.192,72.228],[127.747,72.326],[127.666,72.43],[127.859,72.429],[128.15,72.317],[128.529,72.259],[128.494,72.203],[128.934,72.073],[129.333,72.091],[129.242,72.134],[129.522,72.249],[129.489,72.354],[129.117,72.482],[128.611,72.483],[128.188,72.568],[127.961,72.662],[128.396,72.673],[128.479,72.725],[129.198,72.655],[129.308,72.717],[128.356,72.794],[128.129,72.786],[128.291,72.909],[128.928,72.98],[129.36,72.94],[129.444,73.029],[129.066,73.128],[128.843,73.075],[128.893,73.217],[128.235,73.265],[128.365,73.354],[127.96,73.347],[127.988,73.471],[127.451,73.491],[127.05,73.549],[126.83,73.519],[126.932,73.43],[126.389,73.412],[126.405,73.512],[126.227,73.555],[125.532,73.44],[125.652,73.525],[125.179,73.559],[125.212,73.649],[124.726,73.708],[124.336,73.805],[123.974,73.627],[123.691,73.604],[123.591,73.717],[123.266,73.564],[123.417,73.444],[123.25,73.393],[123.553,73.218],[123.401,73.174],[123.338,72.981],[123.138,72.918],[122.614,73.031],[122.437,72.977],[122.953,72.892],[122.313,72.934],[122.732,72.827],[122.043,72.892],[121.964,72.964],[121.388,72.976],[121.055,72.932],[120.656,72.977],[119.783,73.018],[119.842,72.957],[120.54,72.901],[120.534,72.874],[119.723,72.959],[119.535,73.055],[118.918,73.12],[118.462,73.209],[118.346,73.403],[118.49,73.484],[118.707,73.444],[118.998,73.491],[118.45,73.589],[117.444,73.589],[116.603,73.675],[115.413,73.71],[114.675,73.593],[114.109,73.6],[113.915,73.536],[113.494,73.511],[113.535,73.44],[113.844,73.347],[113.562,73.253],[113.601,73.104],[113.517,72.953],[113.16,72.838],[113.391,72.681],[113.177,72.733],[113.118,72.861],[113.487,72.964],[113.495,73.34],[113.131,73.45],[113.423,73.591],[113.396,73.686],[113.112,73.892],[112.823,73.998],[112.959,73.807],[112.821,73.747],[112.372,73.705],[111.804,73.744],[111.436,73.813],[111.198,73.978],[111.536,74.051],[111.159,74.037],[111.008,73.913],[110.581,73.991],[110.021,74.014],[109.82,73.877],[109.531,73.775],[109.8,73.705],[110.287,73.706],[110.664,73.787],[110.918,73.766],[110.899,73.686],[110.423,73.64],[109.855,73.471],[109.576,73.451],[109.194,73.552],[109.221,73.387],[108.393,73.317],[108.375,73.232],[108.092,73.246],[107.722,73.169],[107.036,73.182],[106.776,73.141],[106.36,73.194],[106.176,73.094],[106.224,72.977],[106.62,72.896],[107.103,72.856],[106.657,72.832],[106.002,72.947],[105.931,72.889],[105.483,72.768],[105.118,72.775],[105.651,72.911],[106.232,73.323],[106.648,73.307],[107.134,73.53],[107.147,73.618],[108.067,73.635],[108.492,73.773],[108.996,74.016],[109.481,74.077],[109.89,74.197],[109.951,74.337],[110.5,74.478],[110.96,74.548],[111.466,74.697],[111.744,74.663],[112.147,74.878],[112.88,74.993],[113.605,75.285],[113.72,75.41],[113.638,75.52],[113.536,75.507],[113.255,75.574],[113.295,75.645],[112.789,75.589],[112.823,75.739],[112.337,75.848],[112.559,75.851],[113.261,75.694],[113.617,75.656],[113.426,75.54],[113.692,75.593],[113.89,75.854],[113.781,75.939],[113.556,75.876],[113.46,76.148],[113.259,76.266],[112.932,76.26],[113.289,76.171],[112.987,76.144],[112.962,76.065],[112.602,76.041],[112.858,76.144],[112.614,76.222],[112.671,76.363],[112.232,76.451],[111.826,76.596],[111.489,76.61],[111.555,76.684],[111.137,76.747],[110.359,76.756],[110.061,76.692],[109.333,76.758],[108.286,76.705],[107.946,76.737],[107.845,76.535],[106.449,76.504],[107.47,76.906],[107.238,77.006],[106.83,77.055],[106.665,77.002],[106.292,77.061],[105.943,77],[105.451,76.984],[105.785,77.041],[105.797,77.113],[104.873,77.091],[104.346,77.135],[105.196,77.199],[105.796,77.374],[106.292,77.37],[105.977,77.425],[105.874,77.569],[105.334,77.541],[104.808,77.635],[104.752,77.706],[104.324,77.669],[104.023,77.733],[103.593,77.632],[103.257,77.664],[102.889,77.546],[102.158,77.402],[101.207,77.099],[101.206,76.986],[100.919,76.976],[100.864,76.838],[101.235,76.767],[101.105,76.616],[100.91,76.564],[102.196,76.409],[101.057,76.486],[100.851,76.54],[100.304,76.462],[100.23,76.492],[99.509,76.469],[98.875,76.521],[99.066,76.353],[99.556,76.279],[99.878,76.096],[99.86,75.899],[99.613,75.789],[99.755,76.049],[99.09,76.164],[99.274,76.217],[98.713,76.205],[98.816,76.267],[97.918,76.123],[98.22,76.103],[97.843,75.992],[97.394,75.989],[97.251,76.043],[96.835,75.889],[96.461,75.872],[96.639,75.985],[96.48,76.016],[95.937,75.949],[95.74,75.856],[95.575,75.889],[96.005,75.993],[95.873,76.138],[95.39,76.164],[94.739,76.116],[94.595,76.064],[94.329,76.124],[93.686,76.132],[93.999,76.054],[93.532,76.047],[93.43,76.107],[93.025,76.075],[92.888,75.896],[93.277,75.982],[93.55,75.853],[91.621,75.698],[91.291,75.629],[90.906,75.667],[90.599,75.612],[89.954,75.578],[90.058,75.52],[89.636,75.505],[89.723,75.451],[89.132,75.453],[88.612,75.344],[88.314,75.181],[87.912,75.101],[87.025,75.164],[86.899,75.088],[87.732,75.039],[87.097,74.862],[86.958,74.609],[86.639,74.697],[86.321,74.708],[86.221,74.807],[85.74,74.636],[86.194,74.622],[86.491,74.567],[86.796,74.424],[87.05,74.444],[87.262,74.355],[86.624,74.388],[86.475,74.458],[86.254,74.42],[86.287,74.313],[85.937,74.368],[86.02,74.263],[86.506,74.255],[86.803,74.184],[86.734,74.129],[86.997,74.05],[87.24,73.861],[87.617,73.824],[87.327,73.753],[87.165,73.611],[86.204,73.558],[85.882,73.496],[85.934,73.324],[86.25,73.277],[86.742,73.105],[86.329,73.181],[86.234,73.255],[85.914,73.307],[85.797,73.365],[85.787,73.481],[87.011,73.779],[87.08,73.872],[86.783,73.902],[86.016,73.867],[85.604,73.822],[85.427,73.712],[85.008,73.71],[84.793,73.765],[84.366,73.71],[83.728,73.695],[83.484,73.655],[81.957,73.663],[81.53,73.648],[80.832,73.572],[80.574,73.584],[80.61,73.449],[80.273,73.31],[80.563,73.222],[80.322,73.203],[80.75,73.038],[80.842,72.922],[80.632,72.734],[80.834,72.621],[80.704,72.545],[81.208,72.355],[81.586,72.351],[82.182,72.286],[82.3,72.134],[82.185,72.093],[82.471,72.021],[82.704,71.877],[82.787,71.905],[83.361,71.841],[83.628,71.611],[83.541,71.497],[83.148,71.245],[83.476,70.918],[83.775,70.477],[83.484,70.335],[82.952,70.325],[83.13,70.209],[83.177,70.083],[82.883,70.089],[82.674,70.166],[82.664,70.26],[83.011,70.427],[82.993,70.572],[83.137,70.764],[83.134,70.882],[82.876,70.997],[82.688,70.962],[82.479,70.805],[82.445,70.607],[82.157,70.572],[82.349,70.202],[82.25,70.268],[82.082,70.565],[82.408,70.79],[82.203,71.016],[82.353,71.096],[82.297,71.287],[83.048,71.415],[83.05,71.562],[83.32,71.683],[82.867,71.786],[82.194,71.708],[81.737,71.7],[81.342,71.764],[81.25,71.859],[80.647,72.034],[80.835,72.083],[80.01,72.208],[79.391,72.386],[78.498,72.408],[78.125,72.385],[77.651,72.19],[77.507,72.222],[77.465,72.068],[77.938,72.118],[78.204,72.001],[78.11,71.88],[77.585,71.831],[76.946,72.044],[76.354,71.999],[75.997,71.908],[76.325,71.56],[76.713,71.463],[77.073,71.429],[77.232,71.362],[77.671,71.286],[77.969,71.374],[77.928,71.257],[78.279,71.259],[78.238,71.11],[78.497,71.115],[78.435,70.95],[78.769,70.914],[78.455,70.895],[78.002,70.964],[77.783,71.142],[76.017,71.237],[75.343,71.335],[75.228,71.405],[75.533,71.542],[75.492,71.666],[75.263,71.743],[75.287,71.96],[75.444,71.992],[75.518,72.153],[75.721,72.25],[75.572,72.467],[75.702,72.547],[75.319,72.819],[74.983,72.877],[74.748,72.808],[75,72.674],[75.111,72.346],[74.928,72.098],[74.332,71.956],[73.939,71.914],[73.526,71.822],[73.482,71.653],[73.033,71.406],[73.556,71.255],[73.952,70.837],[74.318,70.668],[74.316,70.52],[74.007,70.305],[73.735,70.181],[73.768,70.096],[73.66,69.86],[73.516,69.746],[73.9,69.414],[73.752,69.184],[73.961,69.084],[74.247,69.142],[74.773,69.081],[75.107,69.104],[75.173,69.173],[75.509,69.261],[76.042,69.239],[76.548,69.13],[76.755,69.125],[76.929,69.009],[77.233,68.99],[77.683,68.886],[77.715,68.621],[77.895,68.529],[77.959,68.398],[78.173,68.274],[77.751,68.228],[77.537,68.129],[77.47,67.995],[77.494,67.751],[77.738,67.74],[78.113,67.657],[78.61,67.663],[78.98,67.611],[78.047,67.544],[77.693,67.545],[77.676,67.617],[77.12,67.769],[77.305,67.91],[77.193,67.985],[77.357,68.233],[77.167,68.282],[77.295,68.382],[77.316,68.531],[76.663,68.763],[76.609,68.966],[76.376,68.994],[75.82,68.944],[75.621,68.9],[75.191,68.875],[74.628,68.775],[74.454,68.694],[74.468,68.535],[74.332,68.386],[74.701,68.181],[74.825,67.94],[74.73,67.686],[74.098,67.432],[73.9,67.296],[73.953,67.231],[73.871,67.006],[73.657,66.942],[73.492,66.823],[73.003,66.739],[72.942,66.657],[72.494,66.619],[72.289,66.501],[72.412,66.509],[72.376,66.341],[71.99,66.231],[71.833,66.235],[71.679,66.324],[71.146,66.366],[70.363,66.334],[69.903,66.415],[69.729,66.484],[69.386,66.513],[69.113,66.619],[69.104,66.771],[68.965,66.81],[69.398,66.83],[69.837,66.816],[69.898,66.872],[70.173,66.707],[70.316,66.68],[70.723,66.762],[70.68,66.716],[70.295,66.638],[70.413,66.563],[70.689,66.515],[70.98,66.536],[71.084,66.632],[71.577,66.659],[71.515,66.878],[71.302,66.954],[71.722,66.915],[72.007,67.077],[71.913,67.132],[72.231,67.169],[72.052,67.268],[72.191,67.333],[72.403,67.328],[72.406,67.48],[72.612,67.626],[72.791,67.626],[73.151,67.732],[73.072,67.816],[73.205,67.866],[73.081,68.12],[73.091,68.214],[73.644,68.502],[73.539,68.581],[72.852,68.798],[72.577,68.94],[72.489,69.199],[72.648,69.292],[72.488,69.414],[72.638,69.441],[72.502,69.647],[72.692,69.837],[72.491,70.048],[72.622,70.162],[72.434,70.266],[72.771,70.425],[72.688,70.634],[72.827,70.888],[72.632,71.011],[72.671,71.109],[72.106,71.29],[71.839,71.431],[71.838,71.532],[72.209,71.615],[72.363,71.736],[72.351,71.864],[72.522,71.922],[72.596,72.063],[72.865,72.272],[72.845,72.52],[72.731,72.617],[72.837,72.71],[72.496,72.788],[71.563,72.916],[70.655,72.889],[69.588,72.878],[69.774,72.973],[69.465,72.975],[68.989,72.706],[68.869,72.532],[68.644,72.033],[68.479,71.836],[67.947,71.528],[67.309,71.351],[66.927,71.298],[66.643,71.009],[66.889,71.079],[66.608,70.881],[66.689,70.77],[67.257,70.826],[67.327,70.717],[67.221,70.548],[67.266,70.415],[67.094,70.221],[67.328,70.106],[67.252,70.021],[66.874,69.996],[66.771,69.741],[66.787,69.603],[67.102,69.693],[68.04,69.49],[68.02,69.335],[68.125,69.222],[68.487,68.97],[68.686,68.918],[69.097,68.941],[69.109,68.879],[68.924,68.637],[68.57,68.383],[68.651,68.318],[68.288,68.188],[68.259,68.334],[68.135,68.423],[67.905,68.47],[67.056,68.781],[67.129,68.839],[66.329,68.964],[66.114,69.037],[65.716,69.08],[65.817,69.143],[65.419,69.177],[65.068,69.268],[64.762,69.163],[64.831,69.294],[65.004,69.304],[64.548,69.452],[64.128,69.55],[63.41,69.671],[62.631,69.742],[62.161,69.746],[61.409,69.791],[60.927,69.867],[60.77,69.849],[60.654,69.673],[60.233,69.665],[60.139,69.578],[60.519,69.332],[60.582,69.15],[60.903,69.122],[60.907,68.927],[60.467,68.722],[59.774,68.668],[59.964,68.466],[59.675,68.336],[59.11,68.405],[59.056,68.62],[59.416,68.767],[59.105,68.903],[58.892,68.934],[59.242,68.989],[58.879,69.003],[57.978,68.853],[57.93,68.751],[57.604,68.742],[57.33,68.565],[56.848,68.572],[56.691,68.631],[56.202,68.62],[55.953,68.654],[55.787,68.595],[55.393,68.564],[54.937,68.398],[54.864,68.185],[54.65,68.194],[54.465,68.304],[54.24,68.211],[54.185,68.321],[53.993,68.221],[53.808,68.251],[53.239,68.253],[53.44,68.373],[53.661,68.332],[53.932,68.391],[53.915,68.489],[53.72,68.657],[53.865,68.798],[54.026,68.845],[53.612,68.913],[54.356,68.959],[54.527,69.01],[54.104,69.001],[53.437,68.918],[52.806,68.768],[52.289,68.615],[52.491,68.592],[52.731,68.474],[52.402,68.338],[52.136,68.379],[52.294,68.5],[52.067,68.482],[52.217,68.585],[51.587,68.448],[50.952,68.341],[50.796,68.377],[50.435,68.221],[50.201,68.169],[49.655,67.981],[49.133,67.863],[48.843,67.865],[48.778,67.727],[48.529,67.668],[48.256,67.683],[48.071,67.59],[48.008,67.651],[47.825,67.56],[47.948,67.444],[47.77,67.338],[47.695,67.205],[47.726,67.001],[47.559,66.905],[47.41,66.929],[46.927,66.845],[46.583,66.815],[46.578,66.873],[46.042,66.831],[45.853,66.887],[45.594,67.158],[44.952,67.321],[44.919,67.441],[45.028,67.532],[45.315,67.592],[45.35,67.73],[46.004,67.768],[46.722,67.845],[46.545,68.044],[46.535,68.133],[46.029,68.324],[45.944,68.446],[45.306,68.545],[43.985,68.551],[43.477,68.669],[43.326,68.614],[44.16,68.336],[44.244,68.256],[44.125,67.934],[44.132,67.804],[44.003,67.576],[43.793,67.343],[43.815,67.177],[44.04,67.167],[44.287,67.088],[44.499,66.921],[44.364,66.782],[44.488,66.676],[44.371,66.522],[44.124,66.315],[44.167,65.885],[44.046,66.081],[43.836,66.186],[43.288,66.09],[43.665,66.218],[43.655,66.285],[43.406,66.332],[43.252,66.437],[42.549,66.385],[42.645,66.453],[42.201,66.532],[41.858,66.296],[41.343,66.063],[40.796,65.992],[40.28,65.73],[39.827,65.607],[39.712,65.402],[40.114,65.075],[40.378,64.923],[40.517,64.541],[40.182,64.559],[39.85,64.676],[39.736,64.555],[39.567,64.545],[38.922,64.733],[38.426,64.793],[38.473,64.743],[38.376,64.761],[38.173,64.716],[38.067,64.781],[38.403,64.774],[38.358,64.852],[38.046,64.854],[37.795,64.921],[37.706,65.017],[37.008,65.173],[36.82,65.147],[36.807,64.959],[36.44,64.917],[36.56,64.717],[36.744,64.681],[37.122,64.395],[37.339,64.34],[37.687,64.431],[38.003,64.317],[37.914,64.22],[38.046,64.148],[38.088,64.035],[38.002,63.956],[37.614,63.881],[37.608,63.816],[37.291,63.818],[37.169,63.895],[36.703,63.925],[36.292,64.01],[36.235,64.125],[35.977,64.199],[35.811,64.342],[35.566,64.406],[35.618,64.34],[35.411,64.287],[35.28,64.377],[34.956,64.452],[35.009,64.494],[34.773,64.556],[34.978,64.612],[34.798,64.756],[34.942,64.858],[34.702,64.98],[34.816,65.043],[34.681,65.114],[34.615,65.255],[34.442,65.371],[34.297,65.385],[34.633,65.487],[34.777,65.597],[34.689,65.81],[34.9,65.706],[34.852,65.9],[34.497,66.116],[34.161,66.185],[34.087,66.249],[33.62,66.309],[33.516,66.406],[33.705,66.444],[33.288,66.522],[32.941,66.528],[33.193,66.579],[33.499,66.523],[33.26,66.618],[33.035,66.592],[33.183,66.692],[32.812,66.736],[32.545,66.883],[32.42,66.886],[32.557,66.989],[32.262,67.125],[32.383,67.16],[32.807,67.091],[32.843,66.976],[33.101,66.858],[33.483,66.73],[33.524,66.831],[33.833,66.696],[34.175,66.687],[34.434,66.547],[34.804,66.614],[35.381,66.418],[36.406,66.295],[36.887,66.285],[37.273,66.23],[37.546,66.145],[37.927,66.089],[38.554,66.055],[39.344,66.135],[40.085,66.289],[40.444,66.406],[40.745,66.597],[41.178,66.81],[41.36,67.014],[41.308,67.235],[41.109,67.254],[41.145,67.424],[40.999,67.467],[41.017,67.698],[40.801,67.728],[40.671,67.81],[40.504,67.75],[40.322,67.851],[40.362,67.903],[40.004,68.02],[39.913,68.123],[39.722,68.173],[39.86,68.047],[39.521,68.076],[38.612,68.387],[38.435,68.356],[38.317,68.448],[38.091,68.501],[37.681,68.713],[37.464,68.742],[36.842,68.945],[36.312,69.058],[35.967,69.177],[35.33,69.276],[35.264,69.215],[34.662,69.249],[34.421,69.311],[33.62,69.328],[33.576,69.199],[33.427,69.105],[33.064,69.058],[33.512,69.184],[33.297,69.229],[33.524,69.428],[33.329,69.452],[32.862,69.365],[33.085,69.476],[32.537,69.51],[32.386,69.585],[32.016,69.564],[32.13,69.756],[32.17,69.655],[32.872,69.583],[33.119,69.661],[32.92,69.78],[32.625,69.783],[32.054,69.964],[31.918,69.926],[32.029,69.782],[31.754,69.854],[31.699,69.744],[31.811,69.688],[31.452,69.689],[31.262,69.763],[30.841,69.806],[30.928,69.672],[30.853,69.527],[30.512,69.536],[30.294,69.62],[30.123,69.442],[29.948,69.366],[29.335,69.277],[29.24,69.115],[28.954,69.027],[28.456,68.9],[28.801,68.835],[28.447,68.515],[28.664,68.204],[29.299,68.082],[29.651,67.824],[30.009,67.686],[29.916,67.508],[29.52,67.298],[29.1,66.991],[29.089,66.838],[29.524,66.491],[29.593,66.346],[29.9,66.108],[30.075,65.823],[30.099,65.656],[29.703,65.629],[29.839,65.565],[29.745,65.511],[29.72,65.329],[29.58,65.235],[29.833,65.205],[29.82,65.094],[29.588,64.991],[29.78,64.796],[30.063,64.784],[30.181,64.643],[29.966,64.579],[30.07,64.472],[30.032,64.397],[30.558,64.22],[30.586,64.085],[30.509,63.991],[30.202,63.793],[29.981,63.742],[30.489,63.462],[30.821,63.376],[31.226,63.196],[31.251,63.115],[31.57,62.906],[31.441,62.789],[31.244,62.503],[30.908,62.293],[30.635,62.184],[29.779,61.593],[29.54,61.485],[29.203,61.246],[28.798,61.097],[28.148,60.758],[27.808,60.553],[28.216,60.548],[28.401,60.665],[28.655,60.682],[28.684,60.456],[28.439,60.56],[28.607,60.389],[28.816,60.361],[29.015,60.197],[29.418,60.169],[29.701,60.201],[29.849,60.167],[29.948,60.03],[30.21,60.001],[30.193,59.881],[29.804,59.94],[29.161,60.003],[29.014,59.93],[28.976,59.831],[28.718,59.787],[28.517,59.862],[28.428,59.813],[28.375,59.666],[28.224,59.691],[28.087,59.799],[27.993,59.703],[28.073,59.578],[28.019,59.482],[28.186,59.375],[27.882,59.276],[27.694,58.976],[27.478,58.875],[27.411,58.755],[27.555,58.395],[27.495,58.221],[27.63,58.088],[27.673,57.913],[27.799,57.861],[27.538,57.812],[27.408,57.689],[27.353,57.528],[27.528,57.528],[27.511,57.43],[27.84,57.291],[27.824,57.159],[27.701,57.119],[27.751,57.042],[27.628,56.844],[27.786,56.871],[27.919,56.806],[27.865,56.743],[27.997,56.604],[28.132,56.536],[28.215,56.281],[28.149,56.142],[28.29,56.047],[28.39,56.089],[28.621,56.083],[28.706,55.96],[28.809,55.935],[29.031,56.024],[29.377,55.954],[29.344,55.787],[29.461,55.687],[29.869,55.831],[30.218,55.855],[30.469,55.794],[30.596,55.665],[30.742,55.594],[30.886,55.6],[30.919,55.408],[30.794,55.286],[30.96,55.163],[31.006,55.023],[30.815,54.928],[30.771,54.786],[31.168,54.622],[31.065,54.492],[31.209,54.448],[31.325,54.229],[31.506,54.144],[31.814,54.057],[31.847,53.992],[31.745,53.795],[32.084,53.81],[32.462,53.707],[32.399,53.635],[32.453,53.546],[32.72,53.439],[32.717,53.335],[32.58,53.324],[32.406,53.193],[32.083,53.082],[31.796,53.112],[31.739,53.193],[31.416,53.2],[31.247,53.014],[31.388,52.888],[31.505,52.849],[31.57,52.725],[31.481,52.682],[31.629,52.548],[31.559,52.541],[31.608,52.372],[31.567,52.311],[31.699,52.251],[31.764,52.101],[31.892,52.036],[32.233,52.081],[32.367,52.247],[32.354,52.322],[32.528,52.316],[32.725,52.252],[32.927,52.247],[33.197,52.369],[33.481,52.358],[33.532,52.289],[33.804,52.355],[34.056,52.17],[34.096,51.952],[34.386,51.818],[34.376,51.709],[34.128,51.681],[34.224,51.515],[34.186,51.394],[34.3,51.368],[34.186,51.249],[34.622,51.225],[34.748,51.165],[34.962,51.215],[35.099,51.183],[35.173,51.041],[35.278,50.993],[35.469,50.669],[35.378,50.622],[35.446,50.476],[35.57,50.376],[35.697,50.345],[35.837,50.423],[36.106,50.421],[36.269,50.281],[36.388,50.306],[36.594,50.204],[36.914,50.339],[37.197,50.362],[37.435,50.425],[37.599,50.291],[37.589,50.215],[37.728,50.079],[37.916,50.003],[38,49.9],[38.166,49.941],[38.174,50.06],[38.3,50.061],[38.344,49.992],[38.498,49.948],[38.664,49.963],[38.687,49.914],[38.937,49.803],[39.183,49.859],[39.328,49.726],[39.558,49.724],[39.623,49.613],[39.802,49.542],[39.974,49.603],[40.116,49.591],[40.041,49.455],[40.16,49.334],[40.142,49.246],[39.952,49.125],[39.919,49.048],[39.681,49.02],[39.759,48.895],[39.95,48.853],[39.935,48.787],[39.824,48.816],[39.703,48.747],[39.632,48.587],[39.809,48.584],[39.924,48.376],[39.816,48.308],[39.993,48.273],[39.843,48.12],[39.759,47.833],[39.392,47.823],[38.831,47.848],[38.735,47.677],[38.353,47.607],[38.26,47.493],[38.201,47.291],[38.292,47.287],[38.203,47.192],[38.217,47.103],[38.478,47.142],[38.517,47.119],[38.938,47.19],[38.945,47.253],[39.088,47.286],[39.264,47.261],[39.262,47.009],[39.075,47.033],[38.804,46.894],[38.403,46.821],[38.389,46.732],[38.553,46.717],[38.575,46.654],[38.314,46.676],[38.272,46.732],[38.037,46.629],[37.852,46.623],[37.738,46.676],[37.827,46.477],[37.971,46.362],[38.123,46.378],[38.3,46.219],[38.557,46.115],[38.56,46.033],[38.446,46.034],[38.249,46.142],[38.167,46.121],[38.073,45.909],[38.091,46.06],[37.972,46.04],[37.829,45.753],[37.608,45.663],[37.586,45.432],[37.7,45.563],[37.738,45.311],[37.61,45.297],[37.519,45.369],[37.381,45.306],[37.112,45.239],[37.139,45.336],[36.833,45.443],[36.705,45.391],[36.848,45.367],[36.789,45.292],[36.962,45.283],[36.707,45.203],[36.595,45.205],[36.702,45.104],[36.84,45.109],[37.192,44.991],[37.287,44.928],[37.386,44.737],[37.478,44.677],[37.769,44.632],[37.875,44.689],[37.923,44.614],[38.056,44.559],[38.178,44.406],[38.595,44.332],[38.978,44.148],[39.116,44.024],[39.329,43.896],[39.718,43.568],[39.847,43.51],[39.986,43.389],[40.059,43.535],[40.233,43.576],[40.48,43.509],[40.652,43.539],[41.012,43.375],[41.381,43.335],[41.551,43.226],[42.075,43.185],[42.185,43.225],[42.423,43.229],[42.596,43.14],[42.752,43.177],[43,43.099],[42.99,43.053],[43.194,42.927],[43.517,42.86],[43.801,42.746],[43.751,42.599],[43.94,42.552],[44.055,42.615],[44.197,42.629],[44.272,42.702],[44.558,42.753],[44.679,42.724],[44.782,42.617],[44.859,42.76],[45.048,42.686],[45.184,42.675],[45.356,42.52],[45.479,42.542],[45.699,42.508],[45.736,42.448],[45.621,42.224],[45.948,42.023],[46.224,41.993],[46.431,41.89],[46.526,41.882],[46.587,41.787],[46.741,41.851],[46.769,41.776],[46.907,41.707],[47.027,41.557],[47.107,41.57],[47.231,41.428],[47.268,41.303],[47.376,41.259],[47.744,41.193],[47.871,41.208],[48.054,41.461],[48.202,41.493],[48.37,41.58],[48.579,41.845],[48.416,41.915],[48.304,42.103],[48.096,42.35],[48.024,42.393],[47.868,42.585],[47.716,42.697],[47.698,42.867],[47.462,43.021],[47.481,43.202],[47.57,43.334],[47.487,43.311],[47.491,43.463],[47.602,43.766],[47.702,43.874],[47.555,43.878],[47.448,43.518],[47.394,43.606],[47.503,43.781],[47.441,43.819],[47.246,44.212],[47.167,44.203],[47.044,44.346],[46.701,44.446],[46.722,44.655],[46.831,44.696],[47.024,44.843],[47.078,44.785],[47.098,44.947],[47.201,44.97],[47.297,45.187],[47.57,45.574],[47.385,45.75],[47.503,45.717],[47.615,45.57],[47.626,45.709],[47.765,45.682],[48.18,45.74],[48.289,45.837],[48.399,45.835],[48.466,45.94],[48.573,45.971],[48.695,45.828],[48.791,45.841],[48.714,46.13],[48.826,46.067],[48.832,46.142],[49.042,46.196],[49.142,46.31],[49.282,46.25],[49.227,46.328],[48.705,46.55],[48.539,46.568],[48.455,46.661],[48.557,46.762],[48.677,46.758],[48.764,46.683],[48.917,46.703],[49.006,46.769],[48.697,47.101],[48.525,47.41],[48.361,47.493],[48.174,47.713],[48.044,47.77],[47.65,47.766],[47.435,47.834],[47.36,47.683],[47.119,47.82],[47.155,47.877],[47.044,47.986],[47.192,48.072],[47.104,48.101],[47.078,48.275],[46.479,48.41],[46.754,48.914],[46.93,49.004],[47.021,49.097],[47.029,49.201],[46.775,49.333],[46.9,49.82],[46.959,49.884],[47.177,49.947],[47.309,50.045],[47.265,50.186],[47.295,50.275],[47.557,50.453],[47.625,50.441],[47.993,50.182],[48.239,49.865],[48.418,49.812],[48.785,49.933],[48.886,50.02],[48.701,50.335],[48.673,50.58],[48.609,50.648],[48.83,50.596],[49.144,50.782],[49.408,50.848],[49.347,50.964],[49.423,51.102],[49.779,51.102],[49.987,51.23],[50.349,51.323],[50.36,51.413],[50.518,51.46],[50.582,51.635],[50.791,51.597],[50.767,51.759],[50.925,51.68],[51.234,51.685],[51.372,51.63],[51.242,51.544],[51.304,51.472],[51.462,51.475],[51.56,51.535],[51.647,51.451],[51.782,51.493],[51.765,51.593],[51.869,51.673],[52.092,51.659],[52.335,51.764],[52.506,51.479],[52.68,51.459],[52.78,51.508],[52.944,51.453],[53.037,51.49],[53.346,51.503],[53.618,51.372],[53.594,51.289],[53.674,51.22],[53.936,51.186],[54.112,51.096],[54.177,50.968],[54.479,50.853],[54.38,50.619],[54.499,50.523],[54.676,50.603],[54.638,50.886],[54.503,50.928],[54.638,51.028],[54.894,50.912],[55.048,50.884],[55.084,50.797],[55.305,50.665],[55.491,50.646],[55.66,50.53],[56.079,50.725],[56.175,50.909],[56.336,50.896],[56.508,51.066],[56.688,50.969],[56.695,51.063],[56.865,51.052],[57.168,51.094],[57.353,50.886],[57.689,50.897],[57.769,51.12],[58.141,51.057],[58.308,51.15],[58.398,51.064],[58.595,51.023],[58.571,50.864],[58.748,50.795],[58.926,50.678],[59.197,50.663],[59.291,50.615],[59.438,50.631],[59.523,50.475],[59.775,50.534],[60.021,50.854],[60.136,50.844],[60.177,50.742],[60.3,50.685],[60.718,50.653],[61.372,50.782],[61.442,50.875],[61.513,51.16],[61.664,51.258],[61.539,51.323],[61.474,51.426],[61.023,51.486],[60.937,51.611],[60.515,51.618],[60.355,51.671],[60.48,51.784],[60.138,51.889],[60.04,51.871],[60.003,51.993],[60.203,51.993],[60.507,52.152],[60.672,52.144],[61.04,52.335],[60.945,52.479],[60.831,52.513],[60.803,52.628],[60.677,52.664],[60.696,52.735],[60.829,52.772],[61.058,52.922],[60.975,52.97],[61.19,53.013],[61.478,53.012],[61.606,52.948],[61.82,52.978],[61.923,52.938],[62.094,52.992],[62.051,53.125],[61.764,53.169],[61.643,53.243],[61.478,53.215],[61.203,53.276],[61.137,53.373],[61.218,53.493],[61.412,53.436],[61.555,53.506],[61.503,53.589],[61.316,53.545],[61.14,53.563],[61.008,53.636],[61.202,53.82],[60.978,53.883],[61.017,53.949],[61.211,53.908],[61.194,54.018],[61.418,54.056],[61.601,53.95],[61.821,53.993],[62.004,53.932],[62.003,54.017],[62.413,54.027],[62.39,53.942],[62.499,53.878],[62.551,54.027],[62.812,54.095],[63.085,54.086],[63.124,54.174],[63.332,54.163],[63.709,54.25],[63.856,54.202],[64.008,54.229],[63.98,54.304],[64.579,54.386],[64.72,54.334],[64.911,54.403],[65.085,54.309],[65.213,54.343],[65.214,54.528],[65.428,54.553],[65.45,54.627],[65.713,54.597],[65.933,54.703],[65.977,54.612],[66.447,54.711],[66.7,54.719],[66.782,54.758],[67.213,54.797],[67.284,54.853],[67.623,54.854],[67.817,54.952],[68.166,54.956],[68.308,55.073],[68.191,55.125],[68.262,55.194],[68.605,55.196],[68.701,55.36],[68.923,55.276],[68.943,55.435],[69.123,55.398],[69.186,55.326],[69.335,55.385],[69.674,55.334],[69.912,55.212],[70.197,55.133],[70.373,55.201],[70.441,55.283],[70.82,55.294],[70.793,55.233],[70.977,55.078],[70.946,54.888],[71.006,54.774],[71.18,54.727],[71.252,54.625],[71.148,54.591],[71.191,54.318],[70.98,54.325],[71.044,54.186],[71.182,54.102],[71.321,54.201],[71.444,54.185],[71.477,54.11],[71.709,54.132],[71.762,54.248],[71.958,54.236],[72.077,54.148],[72.103,54.312],[72.043,54.378],[72.222,54.333],[72.333,54.224],[72.299,54.178],[72.483,54.136],[72.364,54.06],[72.373,53.936],[72.456,53.905],[72.572,53.976],[72.674,53.951],[72.656,54.043],[72.509,54.044],[72.624,54.135],[72.957,54.118],[73.063,53.979],[73.36,53.938],[73.518,53.956],[73.589,54.066],[73.741,54.058],[73.697,53.901],[73.485,53.875],[73.23,53.662],[73.231,53.572],[73.391,53.52],[73.424,53.433],[73.641,53.563],[73.937,53.64],[74.063,53.573],[74.214,53.597],[74.27,53.515],[74.409,53.478],[74.453,53.685],[74.616,53.681],[74.772,53.831],[75.028,53.808],[75.434,53.987],[75.361,54.06],[75.64,54.099],[76.184,54.252],[76.234,54.347],[76.433,54.317],[76.641,54.367],[76.652,54.422],[76.852,54.461],[76.766,54.365],[76.838,54.297],[76.665,54.134],[76.374,54.148],[76.526,53.961],[77.613,53.443],[77.867,53.272],[78.476,52.638],[79.47,51.493],[79.99,50.788],[80.439,50.958],[80.434,51.201],[80.599,51.209],[80.683,51.302],[81.147,51.136],[81.058,50.947],[81.401,50.959],[81.46,50.73],[81.674,50.736],[81.763,50.784],[82.199,50.709],[82.408,50.748],[82.476,50.714],[82.698,50.811],[82.765,50.907],[82.976,50.882],[83.108,50.993],[83.434,50.993],[83.498,50.945],[83.82,50.868],[83.951,50.78],[83.976,50.686],[84.102,50.629],[84.198,50.493],[84.25,50.26],[84.773,50.138],[84.976,50.075],[84.955,49.907],[85.033,49.885],[85.263,49.582],[85.597,49.619],[85.809,49.537],[85.941,49.56],[85.931,49.493],[86.112,49.52],[86.177,49.463],[86.272,49.584],[86.392,49.625],[86.61,49.796],[86.748,49.783],[86.776,49.695],[86.592,49.587],[86.824,49.509],[86.829,49.433],[87.025,49.249],[87.218,49.23],[87.324,49.085],[87.816,49.166]]],[[[22.767,54.356],[22.68,54.453],[22.725,54.723],[22.833,54.779],[22.809,54.894],[22.633,54.958],[22.581,55.058],[22.251,55.071],[22.1,55.03],[21.504,55.194],[21.35,55.288],[21.268,55.249],[21.181,55.193],[21.23,54.939],[21.079,54.9],[20.531,54.965],[20.989,55.273],[20.925,55.283],[20.634,55.049],[20.366,54.946],[20.034,54.948],[19.921,54.89],[19.962,54.773],[19.832,54.598],[19.61,54.457],[19.68,54.437],[20.93,54.398],[22.698,54.343],[22.767,54.356]]],[[[33.629,46.125],[33.647,45.98],[33.777,45.93],[33.482,45.854],[33.374,45.797],[32.868,45.63],[32.525,45.458],[32.513,45.341],[32.663,45.32],[32.899,45.354],[33.26,45.156],[33.413,45.185],[33.563,45.094],[33.62,44.931],[33.516,44.785],[33.515,44.649],[33.572,44.621],[33.38,44.565],[33.578,44.497],[33.721,44.4],[33.958,44.383],[34.323,44.544],[34.469,44.73],[34.757,44.821],[35.006,44.835],[35.081,44.794],[35.154,44.901],[35.435,45.011],[35.47,45.101],[35.634,45.115],[35.848,44.992],[36.048,45.049],[36.225,45.008],[36.44,45.067],[36.418,45.23],[36.502,45.347],[36.638,45.351],[36.583,45.427],[36.137,45.462],[35.986,45.363],[35.858,45.469],[35.695,45.33],[35.481,45.298],[35.332,45.371],[35.002,45.729],[34.789,45.804],[34.784,45.899],[34.689,45.974],[34.411,45.988],[34.362,46.056],[34.105,46.095],[33.846,46.196],[33.67,46.218],[33.629,46.125]]],[[[-180,65.066],[-179.663,65.141],[-179.524,65.235],[-179.499,65.396],[-179.261,65.532],[-179.277,65.63],[-179.723,65.781],[-179.827,65.934],[-179.768,66.103],[-179.309,66.126],[-179.218,66.182],[-179.424,66.344],[-179.171,66.289],[-178.982,66.159],[-178.785,66.167],[-178.604,66.361],[-178.462,66.368],[-178.54,66.268],[-178.496,66.14],[-178.682,66.102],[-178.725,65.992],[-178.978,66.049],[-178.628,65.73],[-178.514,65.763],[-178.411,65.682],[-178.529,65.511],[-178.284,65.444],[-177.416,65.441],[-177.246,65.539],[-176.977,65.608],[-175.909,65.403],[-175.882,65.258],[-175.741,65.123],[-175.865,64.999],[-175.482,64.844],[-175.411,64.771],[-174.988,64.766],[-174.723,64.807],[-174.653,64.898],[-174.652,64.725],[-174.042,64.528],[-173.989,64.412],[-173.598,64.331],[-173.385,64.395],[-173.36,64.596],[-173.264,64.446],[-173.368,64.285],[-173.106,64.241],[-172.822,64.32],[-172.788,64.438],[-173.013,64.462],[-172.815,64.504],[-172.59,64.37],[-172.22,64.407],[-172.465,64.558],[-173.039,64.647],[-172.755,64.733],[-172.78,64.793],[-173.057,64.838],[-172.763,64.838],[-172.558,64.925],[-172.323,64.948],[-172.093,65.05],[-172.195,65.084],[-172.202,65.217],[-172.551,65.206],[-172.697,65.236],[-172.342,65.274],[-172.189,65.242],[-172.093,65.484],[-172.264,65.418],[-172.39,65.582],[-172.674,65.624],[-172.684,65.704],[-172.402,65.681],[-172.171,65.527],[-172.093,65.568],[-171.808,65.489],[-171.251,65.522],[-171.039,65.467],[-170.982,65.592],[-171.264,65.656],[-171.463,65.833],[-171.147,65.695],[-170.667,65.6],[-170.535,65.618],[-170.571,65.761],[-170.51,65.87],[-170.143,66.004],[-169.891,66.043],[-169.719,66.006],[-169.701,66.129],[-169.933,66.172],[-170.136,66.139],[-170.154,66.249],[-170.565,66.354],[-170.86,66.511],[-171.363,66.675],[-171.331,66.745],[-171.563,66.809],[-171.719,66.951],[-172.056,66.95],[-172.736,67.024],[-172.362,66.933],[-172.666,66.885],[-173.163,66.961],[-173.142,66.824],[-173.303,66.822],[-173.272,67.052],[-173.646,67.116],[-173.751,67.073],[-174.575,67.077],[-174.496,67.021],[-174.282,67.047],[-174.239,66.972],[-174.026,66.961],[-173.931,66.668],[-174.264,66.566],[-173.833,66.506],[-173.691,66.439],[-173.797,66.308],[-174.016,66.22],[-173.929,66.341],[-174.016,66.472],[-174.163,66.447],[-174.354,66.277],[-174.463,66.28],[-174.436,66.532],[-174.971,66.665],[-174.686,66.762],[-174.908,67.037],[-174.89,67.212],[-174.756,67.303],[-174.986,67.44],[-175.16,67.337],[-175.367,67.358],[-175.189,67.445],[-175.286,67.667],[-175.824,67.813],[-176.012,67.727],[-175.926,67.639],[-176.122,67.627],[-176.341,67.696],[-176.07,67.727],[-176.049,67.852],[-176.209,67.902],[-176.5,67.889],[-176.782,67.968],[-176.725,68.038],[-177.075,68.164],[-177.462,68.246],[-177.608,68.197],[-177.766,68.263],[-177.705,68.345],[-178.06,68.277],[-177.951,68.338],[-178.042,68.428],[-178.7,68.543],[-178.845,68.752],[-179.357,68.828],[-179.486,68.951],[-179.58,68.909],[-180,68.982],[-180,68.56],[-180,68.061],[-180,67.562],[-180,67.064],[-180,66.565],[-180,66.066],[-180,65.568],[-180,65.069],[-180,65.066]]],[[[180,71.536],[179.563,71.451],[179.183,71.304],[178.905,71.237],[178.623,71.038],[178.832,70.809],[179.131,70.879],[179.667,70.875],[180,70.992],[180,71.053],[180,71.536]]],[[[-180,70.992],[-179.342,70.908],[-178.876,70.981],[-177.93,71.041],[-177.638,71.117],[-177.443,71.237],[-177.718,71.305],[-178.395,71.541],[-179.075,71.6],[-179.327,71.555],[-179.736,71.586],[-180,71.537],[-180,71.053],[-180,70.992]]],[[[131.92,43.02],[131.778,43.045],[131.757,42.99],[131.883,42.961],[131.92,43.02]]],[[[142.529,54.297],[142.349,54.272],[142.708,53.948],[142.604,53.698],[142.739,53.846],[142.8,53.698],[142.719,53.64],[142.498,53.658],[142.514,53.546],[142.666,53.553],[142.455,53.38],[142.307,53.366],[142.241,53.529],[141.957,53.456],[141.769,53.372],[141.834,53.169],[141.928,53.021],[141.866,52.86],[141.844,52.591],[141.783,52.467],[141.661,52.382],[141.639,51.885],[141.81,51.806],[141.808,51.721],[141.687,51.747],[142.079,51.471],[142.179,51.314],[142.267,51.074],[142.128,50.895],[142.045,50.528],[142.15,50.346],[142.174,50.086],[142.125,49.898],[142.16,49.678],[142.125,49.462],[142.063,49.315],[142.077,49.198],[141.967,48.862],[141.857,48.774],[141.92,48.609],[142.139,48.318],[142.191,47.967],[142.106,47.875],[141.966,47.612],[141.975,47.298],[142.057,47.17],[142.057,47.054],[141.822,46.602],[141.838,46.416],[141.899,46.279],[141.933,46.036],[142.094,45.903],[142.202,46.031],[142.282,46.327],[142.457,46.631],[142.725,46.741],[142.797,46.594],[143.16,46.598],[143.393,46.533],[143.338,46.409],[143.421,46.223],[143.431,46.025],[143.469,46.173],[143.626,46.375],[143.526,46.586],[143.511,46.77],[143.178,46.832],[143.386,46.725],[143.341,46.684],[143.173,46.708],[143.09,46.839],[143.151,46.84],[143.032,47.071],[143.016,47.254],[142.911,47.365],[142.748,47.445],[142.592,47.642],[142.545,47.767],[142.55,48.02],[142.793,48.563],[142.988,48.917],[142.975,49.046],[143.07,49.185],[143.371,49.299],[143.259,49.393],[143.403,49.4],[143.499,49.349],[144.006,49.269],[144.246,49.132],[144.504,48.949],[144.633,48.808],[144.677,48.656],[144.707,48.803],[144.667,48.89],[144.441,49.014],[144.283,49.25],[144.222,49.533],[144.137,49.64],[144.126,49.747],[144.003,50.013],[143.79,50.309],[143.538,51.24],[143.379,51.35],[143.475,51.343],[143.448,51.508],[143.365,51.645],[143.338,51.508],[143.242,51.508],[143.235,51.614],[143.31,51.754],[143.238,51.892],[143.163,51.874],[143.151,52.12],[143.178,52.314],[143.305,52.471],[143.338,52.704],[143.29,53.152],[143.211,53.363],[143.118,53.379],[143.071,53.598],[142.996,53.626],[142.89,53.813],[143.004,54.135],[142.734,54.421],[142.529,54.297]]],[[[-172.243,64.816],[-172.461,64.828],[-172.633,64.684],[-172.043,64.751],[-172.243,64.816]]],[[[70.131,66.556],[70.086,66.69],[69.756,66.762],[69.425,66.768],[69.545,66.591],[69.88,66.477],[70.131,66.556]]],[[[51.3,68.495],[51.172,68.501],[50.792,68.379],[51.3,68.495]]],[[[161.487,69.027],[161.319,69.243],[161.292,69.414],[161.375,69.546],[161.073,69.445],[161.169,69.325],[161.141,69.087],[161.487,69.027]]],[[[161.631,69.561],[161.395,69.592],[161.375,69.408],[161.616,69.45],[161.631,69.561]]],[[[51.41,71.806],[51.532,71.566],[51.862,71.456],[52.416,71.477],[52.521,71.628],[52.61,71.469],[52.968,71.405],[53.252,71.456],[53.451,71.264],[53.796,71.155],[54.041,71.233],[54.022,71.147],[54.232,71.12],[53.492,71.072],[53.738,70.948],[53.674,70.89],[53.3,70.866],[54.225,70.73],[54.492,70.784],[54.712,70.758],[54.761,70.681],[55.163,70.553],[55.233,70.667],[55.429,70.75],[56.021,70.574],[55.808,70.695],[56.132,70.596],[56.645,70.574],[56.432,70.716],[56.721,70.641],[57.296,70.565],[57.114,70.641],[56.854,70.648],[56.776,70.711],[57.452,70.606],[57.639,70.73],[57.467,70.818],[57.063,70.862],[56.106,71.259],[56.027,71.371],[55.672,71.611],[55.496,71.902],[55.225,71.929],[55.575,72.2],[55.377,72.303],[55.723,72.638],[55.946,72.669],[55.739,72.784],[56.138,72.782],[56.255,72.958],[55.642,72.972],[56.225,73.009],[56.387,73.069],[55.808,73.066],[56.548,73.122],[56.435,73.23],[55.304,73.339],[54.935,73.425],[54.532,73.376],[54.191,73.272],[53.753,73.299],[53.156,73.151],[53.142,73.012],[53.308,72.878],[53.027,72.925],[52.617,72.863],[52.398,72.718],[52.78,72.648],[52.69,72.367],[52.588,72.264],[52.414,72.27],[52.409,72.086],[51.866,72.159],[51.61,72.092],[51.44,71.942],[51.41,71.806]]],[[[127.405,73.519],[128.032,73.484],[127.691,73.543],[127.405,73.519]]],[[[86.892,73.697],[86.399,73.594],[86.762,73.604],[86.892,73.697]]],[[[97.158,76.088],[96.748,76.031],[97.047,76.006],[97.158,76.088]]],[[[95.266,76.671],[95.122,76.719],[94.847,76.638],[95.266,76.671]]],[[[56.987,74.69],[56.556,74.684],[56.387,74.721],[55.896,74.661],[55.53,74.655],[55.5,74.567],[55.867,74.553],[56.263,74.48],[55.388,74.445],[55.233,74.376],[55.637,74.334],[55.529,74.282],[55.076,74.266],[55.623,74.19],[55.814,74.1],[55.155,74.188],[54.678,74.068],[54.8,73.985],[54.316,73.931],[53.869,73.779],[53.631,73.76],[54.074,73.609],[54.492,73.697],[55.089,73.706],[54.542,73.611],[54.185,73.491],[54.337,73.46],[54.033,73.375],[54.25,73.328],[54.474,73.391],[55.021,73.444],[55.435,73.332],[55.924,73.312],[56.016,73.412],[56.121,73.29],[56.761,73.252],[57.254,73.457],[56.719,73.669],[57.02,73.584],[57.35,73.553],[57.57,73.607],[57.591,73.704],[57.395,73.846],[57.749,73.726],[57.946,73.807],[57.912,73.916],[57.527,74.065],[57.559,74.18],[57.727,74.056],[58.108,73.986],[58.248,74.19],[58.591,74.184],[58.728,74.239],[58.639,74.424],[58.187,74.581],[59.146,74.444],[59.29,74.643],[59.122,74.747],[59.602,74.597],[59.875,74.628],[59.77,74.726],[60.276,74.75],[60.194,74.855],[60.561,74.866],[60.621,74.968],[60.011,74.98],[60.57,75.047],[60.725,75.028],[60.833,75.153],[61.107,75.198],[61.38,75.334],[61.482,75.223],[61.732,75.381],[62.273,75.44],[63.03,75.588],[63.71,75.636],[65.217,75.854],[66.179,75.962],[66.686,76.06],[67.146,76.105],[67.912,76.258],[68.288,76.281],[68.344,76.35],[68.938,76.568],[68.788,76.589],[68.931,76.787],[68.463,76.967],[67.588,77.013],[66.944,76.949],[65.753,76.683],[65.991,76.533],[65.611,76.58],[65.102,76.47],[64.826,76.484],[64.035,76.315],[63.956,76.363],[62.957,76.207],[62.779,76.271],[62.389,76.197],[62.382,76.271],[62.094,76.253],[61.637,76.312],[61.077,76.28],[60.9,76.157],[61.085,76.085],[60.735,76.005],[60.481,76.027],[60.838,76.123],[60.268,76.11],[60.043,76.054],[60.322,75.998],[59.749,75.931],[59.399,75.937],[58.931,75.868],[58.605,75.733],[58.019,75.681],[58.187,75.589],[57.564,75.52],[57.741,75.328],[57.046,75.398],[56.733,75.297],[56.881,75.223],[56.446,75.067],[56.371,75.188],[56.038,75.218],[55.808,75.157],[55.865,75.004],[56.421,75.037],[56.318,74.968],[56.665,74.944],[55.885,74.846],[55.938,74.781],[56.466,74.799],[56.627,74.694],[56.987,74.69]]],[[[92.305,79.453],[91.785,79.42],[92.244,79.382],[92.305,79.453]]],[[[146.882,43.859],[146.846,43.878],[146.605,43.809],[146.668,43.709],[146.915,43.803],[146.882,43.859]]],[[[146.469,44.429],[146.363,44.422],[146.119,44.506],[145.975,44.292],[145.801,44.16],[145.729,44.044],[145.41,43.829],[145.443,43.725],[145.552,43.716],[145.581,43.834],[145.792,43.949],[145.931,44.121],[146.139,44.266],[146.326,44.292],[146.402,44.362],[146.539,44.383],[146.469,44.429]]],[[[148.799,45.416],[148.799,45.518],[148.621,45.498],[148.312,45.275],[148.07,45.251],[148.005,45.281],[147.951,45.431],[147.872,45.38],[147.886,45.219],[147.781,45.198],[147.669,45.094],[147.502,45.079],[147.495,45.005],[147.217,44.799],[147.109,44.827],[147.197,44.714],[146.873,44.49],[146.958,44.421],[147.113,44.57],[147.226,44.581],[147.388,44.737],[147.555,44.824],[147.701,45.008],[147.768,44.943],[147.99,45.006],[148.216,45.196],[148.556,45.307],[148.758,45.313],[148.799,45.416]]],[[[150.334,46.211],[150.211,46.179],[150.15,46.095],[150.02,46.073],[149.811,45.88],[149.667,45.853],[149.437,45.587],[149.638,45.611],[149.948,45.822],[150.198,45.93],[150.245,46.037],[150.363,46.082],[150.569,46.232],[150.334,46.211]]],[[[152.206,47.129],[151.838,46.856],[151.705,46.848],[151.801,46.766],[152.02,46.903],[152.295,47.142],[152.206,47.129]]],[[[152.503,47.383],[152.43,47.319],[152.524,47.299],[152.503,47.383]]],[[[153.021,47.8],[152.966,47.695],[153.069,47.743],[153.021,47.8]]],[[[154.213,48.918],[154.147,48.915],[153.973,48.739],[154.221,48.873],[154.213,48.918]]],[[[154.563,49.157],[154.439,49.157],[154.512,49.08],[154.563,49.157]]],[[[156.125,50.638],[156.073,50.782],[155.889,50.691],[155.718,50.423],[155.41,50.36],[155.32,50.289],[155.202,50.294],[155.25,50.216],[155.228,50.055],[155.385,50.038],[155.562,50.167],[155.773,50.187],[155.885,50.254],[156.057,50.486],[156.153,50.519],[156.125,50.638]]],[[[156.46,50.874],[156.199,50.781],[156.18,50.688],[156.406,50.63],[156.511,50.766],[156.46,50.874]]],[[[155.563,50.808],[155.67,50.812],[155.631,50.912],[155.447,50.885],[155.563,50.808]]],[[[137.623,54.571],[137.551,54.522],[137.568,54.397],[137.641,54.4],[137.623,54.571]]],[[[168.059,54.547],[167.734,54.763],[167.439,54.866],[167.449,54.82],[167.699,54.69],[168.059,54.547]]],[[[137.171,55.12],[136.794,55.01],[136.67,54.907],[136.923,54.958],[137.018,54.92],[137.171,55.12]]],[[[138.047,55.058],[137.883,55.003],[137.986,55.099],[137.929,55.153],[137.702,55.151],[137.606,55.2],[137.461,55.027],[137.275,54.898],[137.226,54.778],[137.485,54.879],[137.706,54.625],[137.986,54.797],[137.986,54.883],[138.113,55.006],[138.047,55.058]]],[[[166.664,54.756],[166.65,54.845],[166.479,54.944],[166.25,55.152],[166.288,55.304],[165.956,55.364],[165.746,55.297],[165.993,55.222],[166.083,55.061],[166.356,54.84],[166.655,54.702],[166.664,54.756]]],[[[150.725,59.128],[150.481,59],[150.611,59.006],[150.783,59.091],[150.725,59.128]]],[[[164.707,58.977],[164.558,59.24],[164.283,59.114],[163.967,59.029],[163.766,58.872],[163.78,58.81],[163.611,58.607],[163.413,58.535],[163.49,58.445],[163.585,58.558],[163.955,58.708],[164.18,58.826],[164.632,58.865],[164.707,58.977]]],[[[35.867,65.031],[35.815,65.154],[35.524,65.144],[35.505,65.096],[35.867,65.031]]],[[[42.646,66.742],[42.455,66.774],[42.668,66.667],[42.646,66.742]]],[[[59.242,69.178],[59.151,69.255],[58.782,69.326],[59.242,69.178]]],[[[34.03,69.394],[34.381,69.341],[34.216,69.408],[34.03,69.394]]],[[[50.323,69.151],[50.164,69.261],[49.272,69.508],[48.806,69.493],[48.447,69.372],[48.304,69.277],[48.219,68.909],[48.592,68.731],[49.249,68.78],[49.72,68.89],[49.955,69.075],[50.223,69.154],[50.113,68.996],[50.323,69.151]]],[[[169.446,69.849],[169.228,69.907],[168.83,69.94],[168.265,70.024],[167.991,69.957],[167.754,69.832],[168.173,69.695],[168.875,69.568],[169.189,69.575],[169.306,69.77],[169.446,69.849]]],[[[60.54,69.819],[60.476,69.92],[60.01,70.104],[59.535,70.208],[59.543,70.253],[59.024,70.48],[58.522,70.331],[58.824,70.216],[58.468,70.271],[58.57,70.079],[59.016,69.86],[58.94,69.942],[59.431,69.889],[59.603,69.818],[59.563,69.715],[60.201,69.685],[60.476,69.722],[60.54,69.819]]],[[[57.117,70.559],[56.843,70.606],[56.929,70.532],[57.117,70.559]]],[[[160.723,70.838],[160.674,70.914],[160.504,70.805],[160.723,70.838]]],[[[53.232,71.216],[52.53,71.388],[52.258,71.349],[52.255,71.273],[52.558,71.249],[52.772,71.168],[53.01,70.968],[53.232,71.216]]],[[[137.914,71.558],[137.706,71.596],[137.218,71.576],[137.023,71.534],[137.767,71.431],[137.914,71.558]]],[[[78.279,72.552],[77.61,72.635],[77.313,72.545],[77.229,72.46],[76.913,72.372],[76.918,72.293],[77.586,72.285],[78.395,72.491],[78.279,72.552]]],[[[128.831,72.655],[128.135,72.644],[128.339,72.561],[128.653,72.527],[128.974,72.594],[128.831,72.655]]],[[[128.317,72.812],[129.207,72.762],[129.417,72.813],[129.22,72.926],[128.994,72.932],[128.419,72.869],[128.317,72.812]]],[[[79.563,72.768],[79.541,72.926],[79.14,73.095],[78.592,72.862],[78.91,72.741],[79.395,72.704],[79.563,72.768]]],[[[74.725,73.107],[74.212,73.115],[74.093,73.028],[74.465,72.9],[74.708,72.902],[74.725,73.107]]],[[[120.279,73.101],[119.792,73.162],[119.703,73.046],[120.23,73.039],[120.279,73.101]]],[[[76.695,73.186],[76.185,73.217],[76.318,73.148],[76.633,73.131],[76.695,73.186]]],[[[71.669,73.227],[71.459,73.348],[71.234,73.272],[71.096,73.313],[71.109,73.44],[70.949,73.517],[70.47,73.499],[69.959,73.399],[70.069,73.258],[69.875,73.038],[70.101,73.018],[70.662,73.103],[71.279,73.143],[71.375,73.179],[71.75,73.042],[71.669,73.227]]],[[[75.923,73.524],[76.034,73.579],[75.619,73.553],[75.496,73.45],[75.803,73.454],[75.923,73.524]]],[[[143.475,73.321],[143.537,73.444],[143.407,73.543],[142.583,73.825],[142.045,73.917],[141.127,73.882],[140.866,73.78],[140.493,73.485],[139.907,73.471],[139.767,73.418],[139.965,73.327],[140.503,73.405],[140.789,73.41],[141.512,73.299],[142.538,73.214],[143.175,73.177],[143.565,73.231],[143.475,73.321]]],[[[124.586,73.916],[124.296,73.873],[124.514,73.841],[124.586,73.916]]],[[[84.355,74.019],[83.897,74.023],[84.379,73.956],[84.355,74.019]]],[[[83.513,74.121],[83.18,74.155],[82.828,74.08],[83.392,74.036],[83.513,74.121]]],[[[82.568,74.163],[82.353,74.081],[82.74,74.101],[82.568,74.163]]],[[[136.259,73.957],[136.026,74.098],[135.59,74.235],[135.354,74.259],[135.439,74.161],[136.135,73.879],[136.259,73.957]]],[[[141.098,74.149],[140.891,74.277],[140.222,74.22],[140.165,74.071],[140.438,73.908],[141.038,74.004],[141.098,74.149]]],[[[113.406,74.444],[113.314,74.48],[112.007,74.538],[111.903,74.356],[111.469,74.345],[111.581,74.26],[112.163,74.139],[112.775,74.088],[113.157,74.225],[113.406,74.444]]],[[[85.539,74.574],[85.237,74.575],[85.248,74.476],[85.501,74.465],[85.539,74.574]]],[[[86.078,74.555],[85.791,74.568],[85.658,74.471],[86.113,74.487],[86.078,74.555]]],[[[79.614,74.602],[79.183,74.629],[79.429,74.523],[79.614,74.602]]],[[[85.227,74.745],[85.679,74.723],[85.467,74.814],[85.227,74.745]]],[[[87.029,74.992],[86.524,74.987],[86.509,74.89],[86.298,74.858],[86.947,74.841],[87.029,74.992]]],[[[82.24,75.376],[82.171,75.52],[81.96,75.51],[81.525,75.381],[81.688,75.277],[81.871,75.316],[82.013,75.177],[82.041,75.338],[82.24,75.376]]],[[[150.828,75.163],[150.633,75.117],[150.129,75.226],[149.127,75.269],[148.61,75.216],[148.445,75.287],[148.58,75.383],[148.408,75.421],[147.374,75.44],[147.155,75.336],[146.797,75.366],[146.771,75.507],[146.389,75.585],[146.285,75.403],[146.072,75.24],[146.218,75.176],[146.648,75.128],[147.088,75.005],[147.518,74.971],[148.172,74.804],[149.209,74.758],[149.718,74.766],[149.796,74.805],[150.609,74.894],[150.828,75.163]]],[[[135.991,75.527],[136.16,75.63],[135.933,75.676],[135.678,75.86],[135.539,75.678],[135.594,75.568],[135.45,75.376],[135.844,75.383],[135.991,75.527]]],[[[83.279,75.956],[82.561,75.999],[82.389,75.944],[83.279,75.956]]],[[[145.366,75.54],[143.947,75.835],[143.585,75.87],[143.386,75.807],[142.547,75.863],[142.146,76.012],[141.367,76.181],[141.585,76.008],[141.039,76.053],[140.909,75.984],[140.864,75.739],[140.987,75.621],[140.438,75.65],[140.546,75.756],[140.15,75.801],[139.791,75.894],[139.912,75.937],[139.11,76.097],[138.897,76.219],[138.533,76.186],[138.028,76.032],[137.433,75.953],[137.588,75.774],[137.198,75.79],[137.068,75.726],[137.28,75.591],[137.376,75.35],[136.862,75.362],[137.149,75.134],[137.794,74.975],[137.895,74.846],[138.166,74.776],[138.816,74.714],[139.016,74.658],[139.343,74.687],[139.562,74.846],[139.495,74.947],[139.85,74.965],[140.069,74.828],[141.371,74.92],[141.844,74.999],[142.199,75.004],[142.365,74.931],[141.974,74.934],[142.356,74.825],[142.821,74.876],[143.465,74.9],[143.708,74.947],[143.448,75.006],[142.628,75.097],[142.2,75.349],[142.083,75.526],[142.338,75.726],[143.001,75.708],[143.014,75.602],[142.535,75.477],[142.494,75.376],[142.898,75.142],[143.415,75.067],[143.751,75.082],[143.999,75.025],[144.331,75.047],[144.688,75.16],[144.894,75.292],[144.667,75.342],[144.729,75.432],[145.366,75.54]]],[[[96.644,76.267],[96.283,76.309],[96.144,76.245],[95.812,76.303],[95.311,76.201],[95.891,76.154],[96.401,76.155],[96.278,76.222],[96.644,76.267]]],[[[111.959,76.602],[112.618,76.459],[112.487,76.602],[111.959,76.602]]],[[[96.472,76.692],[96.232,76.712],[95.89,76.616],[96.253,76.616],[96.472,76.692]]],[[[149.375,76.738],[148.867,76.734],[148.452,76.623],[149.256,76.634],[149.375,76.738]]],[[[96.527,77.206],[95.257,76.992],[95.918,77.031],[95.684,76.952],[96.477,77.082],[96.527,77.206]]],[[[89.689,77.281],[89.304,77.308],[89.135,77.218],[89.301,77.147],[89.747,77.164],[89.689,77.281]]],[[[107.745,77.329],[107.395,77.36],[107.345,77.233],[107.745,77.329]]],[[[107.704,78.137],[107.565,78.188],[106.477,78.163],[106.395,78.131],[107.451,78.053],[107.704,78.137]]],[[[106.532,78.254],[106.47,78.343],[105.991,78.219],[106.532,78.254]]],[[[105.416,78.583],[105.175,78.809],[104.499,78.864],[104.383,78.989],[104.073,79.005],[103.808,79.154],[102.887,79.045],[102.391,78.828],[102.93,79.276],[103.138,79.325],[102.303,79.433],[102.246,79.242],[101.961,79.261],[101.818,79.371],[101.557,79.254],[101.062,79.137],[101.07,79.035],[100.785,78.895],[100.994,78.764],[100.567,78.795],[100.255,78.665],[100.289,78.593],[100.001,78.418],[100.05,78.343],[99.268,78.042],[99.515,77.944],[100.037,77.962],[101.012,78.13],[101.21,78.194],[102.607,78.226],[102.66,78.164],[103.016,78.256],[103.713,78.256],[104.188,78.327],[104.787,78.336],[105.357,78.506],[105.416,78.583]]],[[[77.614,79.522],[76.482,79.644],[76.174,79.569],[76.696,79.478],[77.614,79.522]]],[[[93.628,79.933],[92.649,79.984],[91.782,80.064],[90.902,80.074],[91.262,79.903],[91.073,79.851],[92.099,79.81],[92.353,79.734],[91.922,79.679],[92.625,79.673],[93.67,79.832],[93.628,79.933]]],[[[51.347,79.953],[51.001,80.103],[50.553,79.988],[50.045,79.974],[51.42,79.916],[51.347,79.953]]],[[[99.886,79.041],[99.583,79.173],[99.062,79.28],[99.571,79.272],[99.748,79.364],[99.707,79.569],[99.817,79.742],[100.077,79.783],[99.803,79.906],[99.199,80.05],[98.557,80.059],[98.377,79.878],[97.926,79.902],[97.706,79.763],[97.521,79.809],[98.09,80.056],[97.592,80.175],[96.501,80.107],[95.502,80.111],[95.242,80.022],[94.993,80.102],[94.75,80.007],[94.321,79.967],[94.36,79.868],[94.69,79.816],[94.169,79.775],[93.28,79.552],[93.749,79.544],[93.988,79.427],[94.312,79.479],[94.365,79.237],[95.018,79.039],[95.422,79.106],[95.697,78.998],[96.37,79.022],[96.799,78.989],[97.264,78.853],[97.761,78.809],[99.406,78.822],[99.877,78.931],[99.886,79.041]]],[[[50.081,80.068],[50.318,80.168],[49.899,80.234],[49.531,80.159],[50.081,80.068]]],[[[55.795,80.642],[56.928,80.663],[56.53,80.787],[55.432,80.714],[55.795,80.642]]],[[[46.687,80.529],[47.78,80.765],[48.064,80.662],[48.727,80.611],[48.275,80.831],[47.138,80.842],[46.921,80.749],[45.095,80.649],[45.515,80.52],[46.071,80.567],[46.084,80.44],[46.687,80.529]]],[[[62.222,80.813],[62.068,80.88],[60.312,80.811],[60.171,80.854],[59.509,80.804],[59.229,80.644],[59.242,80.529],[59.687,80.427],[60.307,80.496],[61.045,80.405],[62.072,80.614],[62.222,80.813]]],[[[58.13,80.781],[58.421,80.749],[59.014,80.823],[58.746,80.903],[57.844,80.825],[58.13,80.781]]],[[[55.766,80.784],[55.987,80.804],[55.097,80.903],[53.985,80.829],[54.877,80.721],[55.766,80.784]]],[[[51.689,80.727],[51.306,80.776],[50.251,80.742],[50.982,80.831],[50.237,80.933],[49.004,80.776],[49.203,80.694],[49.628,80.731],[49.631,80.64],[49.136,80.517],[48.569,80.506],[48.414,80.57],[47.423,80.443],[48.1,80.476],[48.202,80.416],[47.619,80.405],[48.189,80.338],[47.224,80.309],[47.089,80.372],[46.65,80.314],[47.102,80.17],[47.451,80.24],[47.929,80.247],[47.664,80.07],[48.116,80.137],[48.372,80.092],[48.497,80.193],[49.107,80.19],[48.654,80.317],[48.84,80.388],[49.49,80.364],[49.816,80.401],[49.728,80.494],[50.95,80.537],[51.689,80.727]]],[[[79.807,80.974],[79.238,80.953],[79.128,80.807],[80.326,80.861],[80.437,80.94],[79.807,80.974]]],[[[58.654,81.044],[58.07,81.112],[57.883,81.03],[58.561,80.957],[58.654,81.044]]],[[[57.336,80.892],[57.838,80.853],[58.282,80.927],[57.645,81.024],[56.703,81.113],[56.144,81.092],[56.799,81.027],[57.336,80.892]]],[[[54.564,80.995],[55.315,80.975],[55.799,80.854],[56.668,80.809],[57.059,80.692],[57.681,80.817],[56.019,81.044],[55.577,81.007],[54.647,81.122],[54.564,80.995]]],[[[50.477,81.07],[50.977,81.106],[50.53,81.168],[50.477,81.07]]],[[[91.547,81.154],[91.455,81.193],[90.072,81.215],[89.996,81.105],[91.186,81.057],[91.547,81.154]]],[[[97.747,80.742],[97.755,80.829],[96.973,80.906],[96.555,81.077],[95.777,81.289],[95.104,81.271],[94.89,81.144],[93.053,80.995],[93.107,80.921],[92.677,80.879],[92.497,80.776],[93.27,80.797],[92.889,80.68],[92.74,80.513],[91.918,80.468],[92.1,80.404],[91.472,80.35],[91.532,80.29],[93.192,80.316],[93.289,80.267],[92.107,80.29],[92.218,80.203],[93.694,79.998],[94.53,80.131],[95.034,80.138],[97.188,80.234],[97.021,80.526],[97.192,80.645],[97.944,80.7],[97.747,80.742]]],[[[57.266,81.427],[57.798,81.379],[58.57,81.413],[57.889,81.486],[57.784,81.565],[57.013,81.537],[56.755,81.45],[57.266,81.427]]],[[[62.504,81.653],[63.467,81.589],[63.678,81.695],[62.225,81.702],[62.504,81.653]]],[[[58.295,81.714],[59.356,81.753],[59.215,81.859],[57.94,81.804],[57.989,81.69],[58.295,81.714]]],[[[154.837,49.65],[154.608,49.375],[154.613,49.289],[154.72,49.267],[154.835,49.353],[154.797,49.457],[154.905,49.631],[154.837,49.65]]],[[[59.002,79.981],[59.372,79.92],[59.927,79.995],[59.529,80.121],[58.796,80.044],[59.002,79.981]]],[[[55.712,80.103],[56.957,80.066],[57.138,80.118],[57.022,80.364],[56.643,80.325],[55.989,80.337],[56.048,80.2],[55.712,80.103]]],[[[52.623,80.183],[53.49,80.172],[53.862,80.276],[53.341,80.399],[52.86,80.405],[52.569,80.289],[52.183,80.276],[52.623,80.183]]],[[[57.529,80.131],[57.97,80.099],[57.913,80.184],[58.407,80.166],[58.077,80.262],[58.591,80.338],[59.276,80.33],[58.452,80.468],[56.946,80.482],[57.274,80.392],[57.29,80.169],[57.529,80.131]]],[[[53.798,80.473],[54.239,80.42],[54.465,80.482],[54.269,80.589],[53.883,80.611],[53.798,80.473]]],[[[60.256,81.036],[60.07,80.98],[60.988,80.922],[61.6,81.031],[61.68,81.114],[60.613,81.092],[60.256,81.036]]],[[[62.771,80.886],[62.53,80.844],[63.131,80.683],[64.426,80.741],[65,80.809],[65.446,80.92],[65.23,81.137],[64.705,81.205],[64.275,81.169],[64.036,80.987],[63.142,80.971],[62.771,80.886]]],[[[57.336,81.205],[56.994,81.166],[57.7,81.137],[58.084,81.215],[57.336,81.205]]],[[[55.647,81.2],[56.24,81.228],[56.615,81.179],[57.048,81.253],[57.905,81.297],[56.726,81.397],[56.336,81.385],[56.545,81.255],[55.466,81.324],[55.647,81.2]]],[[[58.563,81.324],[59.342,81.304],[59.018,81.403],[58.563,81.324]]],[[[40.455,64.582],[40.351,64.62],[40.228,64.7],[39.984,64.719],[39.855,64.699],[40.195,64.574],[40.455,64.582]]],[[[40.145,64.734],[40.252,64.699],[40.326,64.638],[40.396,64.629],[40.334,64.772],[40.145,64.734]]],[[[67.328,69.573],[67.155,69.56],[67.059,69.451],[67.259,69.439],[67.328,69.573]]],[[[66.559,70.544],[66.388,70.711],[66.439,70.568],[66.559,70.544]]],[[[58.815,79.917],[58.614,79.979],[58.252,79.939],[58.815,79.917]]],[[[55.499,80.317],[54.938,80.264],[55.076,80.219],[55.499,80.317]]],[[[47.851,43.999],[47.666,43.996],[47.763,43.928],[47.851,43.999]]],[[[47.997,45.468],[47.957,45.65],[47.928,45.534],[47.997,45.468]]],[[[161.894,69.654],[161.667,69.637],[161.752,69.553],[161.894,69.654]]],[[[83.305,70.806],[83.147,70.65],[83.132,70.434],[83.31,70.443],[83.305,70.645],[83.469,70.738],[83.305,70.806]]],[[[89.047,77.141],[88.664,77.08],[88.92,76.977],[89.047,77.141]]]]},"properties":{"NAME":"Russia","ADMIN":"Russia","ISO_A2":"RU","ISO_A3":"RUS","CONTINENT":"Europe","SUBREGION":"Eastern Europe","POP_EST":144373535,"GDP_MD":1699876,"LABEL_X":44.686469,"LABEL_Y":58.249357,"ID":"RUS"}},{"type":"Feature","geometry":{"type":"Polygon","coordinates":[[[14.81,50.858],[14.775,50.813],[14.613,50.846],[14.635,50.909],[14.494,51.017],[14.288,51.037],[14.238,50.982],[14.347,50.88],[13.893,50.78],[13.835,50.724],[13.602,50.712],[13.448,50.597],[13.232,50.582],[13.16,50.497],[13.01,50.493],[12.918,50.405],[12.826,50.441],[12.51,50.389],[12.336,50.259],[12.283,50.162],[12.233,50.259],[12.076,50.315],[12.247,50.045],[12.468,49.97],[12.524,49.905],[12.384,49.743],[12.623,49.51],[12.644,49.429],[12.798,49.328],[13,49.295],[13.179,49.118],[13.3,49.094],[13.482,48.938],[13.609,48.946],[13.816,48.766],[13.982,48.706],[14.075,48.592],[14.316,48.558],[14.458,48.643],[14.696,48.59],[14.8,48.777],[14.919,48.762],[14.982,49.008],[15.263,48.983],[15.681,48.858],[15.818,48.872],[16.032,48.758],[16.358,48.727],[16.436,48.795],[16.873,48.719],[16.945,48.604],[17.025,48.746],[17.167,48.86],[17.535,48.813],[17.86,48.922],[17.914,49.01],[18.103,49.092],[18.19,49.277],[18.325,49.311],[18.536,49.482],[18.833,49.51],[18.773,49.676],[18.637,49.7],[18.559,49.907],[18.482,49.897],[18.037,50.007],[17.839,49.974],[17.732,50.095],[17.589,50.163],[17.738,50.202],[17.685,50.312],[17.606,50.258],[17.335,50.27],[17.176,50.381],[16.866,50.422],[16.96,50.232],[16.701,50.095],[16.334,50.372],[16.19,50.424],[16.383,50.514],[16.417,50.587],[16.332,50.644],[16.086,50.647],[15.982,50.604],[15.941,50.688],[15.767,50.744],[15.442,50.8],[15.35,50.784],[15.27,50.953],[14.961,50.993],[14.982,50.859],[14.81,50.858]]]},"properties":{"NAME":"Czechia","ADMIN":"Czechia","ISO_A2":"CZ","ISO_A3":"CZE","CONTINENT":"Europe","SUBREGION":"Eastern Europe","POP_EST":10669709,"GDP_MD":250680,"LABEL_X":15.377555,"LABEL_Y":49.882364,"ID":"CZE"}},{"type":"Feature","geometry":{"type":"MultiPolygon","coordinates":[[[[13.816,48.766],[13.609,48.946],[13.482,48.938],[13.3,49.094],[13.179,49.118],[13,49.295],[12.798,49.328],[12.644,49.429],[12.623,49.51],[12.384,49.743],[12.524,49.905],[12.468,49.97],[12.247,50.045],[12.076,50.315],[12.233,50.259],[12.283,50.162],[12.336,50.259],[12.51,50.389],[12.826,50.441],[12.918,50.405],[13.01,50.493],[13.16,50.497],[13.232,50.582],[13.448,50.597],[13.602,50.712],[13.835,50.724],[13.893,50.78],[14.347,50.88],[14.238,50.982],[14.288,51.037],[14.494,51.017],[14.635,50.909],[14.613,50.846],[14.775,50.813],[14.81,50.858],[14.955,51.064],[15.022,51.237],[14.945,51.449],[14.732,51.516],[14.72,51.676],[14.586,51.804],[14.761,52.077],[14.686,52.121],[14.697,52.253],[14.607,52.276],[14.54,52.422],[14.645,52.577],[14.382,52.738],[14.124,52.851],[14.144,52.96],[14.343,53.049],[14.409,53.272],[14.304,53.509],[14.264,53.7],[14.227,53.759],[13.984,53.774],[13.819,53.878],[13.906,53.943],[13.746,54.036],[13.773,54.046],[13.808,54.105],[13.729,54.144],[13.698,54.153],[13.465,54.098],[13.289,54.234],[13.115,54.28],[13.034,54.434],[12.876,54.365],[12.677,54.392],[12.363,54.31],[12.695,54.434],[12.502,54.474],[12.342,54.304],[12.051,54.18],[11.658,54.142],[11.492,54.002],[11.458,53.906],[11.243,53.945],[11.175,54.018],[10.887,53.964],[10.753,54.044],[11.067,54.184],[11.077,54.342],[10.935,54.38],[10.777,54.315],[10.307,54.441],[10.217,54.405],[10.125,54.496],[9.883,54.462],[10.02,54.546],[10.034,54.673],[9.915,54.791],[9.824,54.757],[9.58,54.866],[9.438,54.81],[9.226,54.806],[9.195,54.85],[8.824,54.906],[8.661,54.896],[8.689,54.735],[8.805,54.688],[9.012,54.506],[8.861,54.414],[8.629,54.388],[8.652,54.275],[8.963,54.318],[8.84,54.256],[8.861,54.125],[8.977,54.146],[8.997,54.03],[8.833,54.036],[9.008,53.892],[9.22,53.891],[9.395,53.831],[9.532,53.711],[9.567,53.6],[9.275,53.865],[8.861,53.831],[8.685,53.888],[8.573,53.858],[8.484,53.684],[8.566,53.547],[8.257,53.604],[8.32,53.509],[8.205,53.411],[8.059,53.502],[8.168,53.553],[7.951,53.722],[7.226,53.666],[7.087,53.587],[7.024,53.376],[7.075,53.338],[7.303,53.333],[7.195,53.245],[7.184,52.966],[7.08,52.854],[7.037,52.647],[6.771,52.641],[6.695,52.476],[6.973,52.451],[7.048,52.365],[7.026,52.231],[6.675,52.035],[6.811,51.961],[6.382,51.828],[6.127,51.897],[5.928,51.807],[5.939,51.732],[6.099,51.644],[6.193,51.509],[6.208,51.388],[6.065,51.232],[6.147,51.152],[5.92,51.03],[6.064,50.908],[5.995,50.75],[6.18,50.616],[6.199,50.49],[6.337,50.481],[6.375,50.315],[6.147,50.214],[6.117,50.12],[6.096,50.049],[6.223,49.887],[6.5,49.794],[6.492,49.701],[6.351,49.567],[6.345,49.455],[6.495,49.436],[6.701,49.173],[6.833,49.209],[7.268,49.106],[7.391,49.17],[7.649,49.036],[7.932,49.035],[8.2,48.959],[8.103,48.821],[7.97,48.757],[7.81,48.615],[7.752,48.355],[7.573,48.095],[7.619,48.003],[7.526,47.783],[7.522,47.67],[7.586,47.585],[7.683,47.544],[7.82,47.595],[8.087,47.567],[8.179,47.616],[8.449,47.584],[8.568,47.663],[8.391,47.665],[8.464,47.764],[8.602,47.795],[8.906,47.652],[9.017,47.679],[9.273,47.65],[9.547,47.535],[9.704,47.531],[9.753,47.582],[9.949,47.524],[10.072,47.439],[10.073,47.365],[10.191,47.379],[10.16,47.271],[10.306,47.302],[10.452,47.439],[10.414,47.573],[10.79,47.516],[10.979,47.391],[11.259,47.401],[11.413,47.506],[11.551,47.514],[11.62,47.59],[11.82,47.575],[11.936,47.611],[12.166,47.604],[12.177,47.706],[12.424,47.692],[12.497,47.629],[12.762,47.667],[12.779,47.555],[12.943,47.47],[13.037,47.493],[13.072,47.622],[13.02,47.713],[12.892,47.724],[12.991,47.847],[12.76,48.065],[12.745,48.121],[13.033,48.264],[13.274,48.307],[13.406,48.377],[13.521,48.585],[13.717,48.522],[13.802,48.612],[13.816,48.766]]],[[[14.21,53.938],[13.815,54.174],[13.753,54.153],[13.806,54.117],[13.815,54.101],[13.809,54.075],[13.774,54.023],[13.946,54.067],[14.048,53.941],[13.904,53.995],[13.932,53.899],[13.875,53.844],[14.201,53.878],[14.21,53.938]]],[[[11.256,54.479],[11.121,54.536],[11.006,54.468],[11.113,54.415],[11.314,54.414],[11.256,54.479]]],[[[13.698,54.392],[13.575,54.472],[13.64,54.586],[13.395,54.604],[13.5,54.557],[13.431,54.493],[13.369,54.585],[13.166,54.549],[13.251,54.387],[13.115,54.338],[13.268,54.256],[13.5,54.345],[13.766,54.345],[13.698,54.392]]],[[[8.498,54.756],[8.395,54.715],[8.566,54.688],[8.498,54.756]]],[[[8.36,54.948],[8.289,54.891],[8.446,54.866],[8.36,54.948]]]]},"properties":{"NAME":"Germany","ADMIN":"Germany","ISO_A2":"DE","ISO_A3":"DEU","CONTINENT":"Europe","SUBREGION":"Western Europe","POP_EST":83132799,"GDP_MD":3861123,"LABEL_X":9.678348,"LABEL_Y":50.961733,"ID":"DEU"}},{"type":"Feature","geometry":{"type":"MultiPolygon","coordinates":[[[[24.306,57.868],[24.534,57.945],[24.949,58.006],[25.094,58.067],[25.202,57.992],[25.264,58.075],[25.602,57.912],[25.793,57.856],[26.003,57.846],[26.025,57.774],[26.263,57.621],[26.5,57.516],[26.778,57.568],[26.873,57.627],[27.062,57.556],[27.353,57.528],[27.408,57.689],[27.538,57.812],[27.799,57.861],[27.673,57.913],[27.63,58.088],[27.495,58.221],[27.555,58.395],[27.411,58.755],[27.478,58.875],[27.694,58.976],[27.882,59.276],[28.186,59.375],[28.019,59.482],[27.873,59.408],[27.409,59.452],[27.116,59.442],[26.827,59.477],[26.665,59.552],[26.458,59.546],[25.725,59.666],[25.622,59.58],[25.485,59.67],[25.533,59.532],[25.408,59.491],[25.146,59.539],[24.022,59.378],[24.092,59.313],[23.757,59.284],[23.471,59.212],[23.519,59.125],[23.408,59.026],[23.553,58.971],[23.422,58.909],[23.526,58.82],[23.429,58.765],[23.816,58.8],[23.803,58.731],[23.533,58.747],[23.516,58.555],[23.664,58.536],[23.741,58.343],[23.98,58.318],[24.112,58.241],[24.327,58.388],[24.529,58.351],[24.464,58.072],[24.306,57.868]]],[[[23.231,58.505],[22.9,58.62],[22.641,58.589],[22.583,58.635],[22.114,58.498],[21.885,58.498],[22.011,58.354],[21.868,58.265],[22.203,58.148],[21.998,57.984],[22.017,57.914],[22.19,57.984],[22.323,58.207],[22.535,58.254],[22.669,58.222],[23.022,58.363],[23.231,58.505]]],[[[23.382,58.58],[23.288,58.666],[23.155,58.676],[23.059,58.603],[23.224,58.535],[23.382,58.58]]],[[[23.364,59.029],[23.114,59.022],[23.148,58.974],[23.364,59.029]]],[[[22.292,58.895],[22.44,58.841],[22.556,58.687],[22.737,58.806],[23.041,58.841],[22.934,58.984],[22.737,59.005],[22.598,59.09],[22.463,58.971],[22.063,58.926],[22.292,58.895]]]]},"properties":{"NAME":"Estonia","ADMIN":"Estonia","ISO_A2":"EE","ISO_A3":"EST","CONTINENT":"Europe","SUBREGION":"Northern Europe","POP_EST":1326590,"GDP_MD":31471,"LABEL_X":25.867126,"LABEL_Y":58.724865,"ID":"EST"}},{"type":"Feature","geometry":{"type":"Polygon","coordinates":[[[27.353,57.528],[27.062,57.556],[26.873,57.627],[26.778,57.568],[26.5,57.516],[26.263,57.621],[26.025,57.774],[26.003,57.846],[25.793,57.856],[25.602,57.912],[25.264,58.075],[25.202,57.992],[25.094,58.067],[24.949,58.006],[24.534,57.945],[24.306,57.868],[24.406,57.344],[24.379,57.23],[23.953,57.013],[23.695,56.967],[23.34,57.059],[23.25,57.114],[23.13,57.371],[23.031,57.394],[22.656,57.586],[22.586,57.76],[21.999,57.6],[21.699,57.555],[21.421,57.289],[21.402,57.038],[21.223,56.908],[21.065,56.846],[21.058,56.689],[20.992,56.549],[20.969,56.253],[21.053,56.073],[21.19,56.084],[21.328,56.224],[22.094,56.417],[22.512,56.396],[22.681,56.35],[22.889,56.408],[23.113,56.311],[23.288,56.373],[23.482,56.33],[23.707,56.354],[24.109,56.261],[24.288,56.296],[24.447,56.261],[24.639,56.36],[24.892,56.439],[25.109,56.183],[25.662,56.141],[25.709,56.081],[26.179,55.85],[26.28,55.743],[26.595,55.667],[26.823,55.706],[26.981,55.827],[27.263,55.787],[27.35,55.831],[27.593,55.794],[27.645,55.923],[27.911,56.1],[28.149,56.142],[28.215,56.281],[28.132,56.536],[27.997,56.604],[27.865,56.743],[27.919,56.806],[27.786,56.871],[27.628,56.844],[27.751,57.042],[27.701,57.119],[27.824,57.159],[27.84,57.291],[27.511,57.43],[27.528,57.528],[27.353,57.528]]]},"properties":{"NAME":"Latvia","ADMIN":"Latvia","ISO_A2":"LV","ISO_A3":"LVA","CONTINENT":"Europe","SUBREGION":"Northern Europe","POP_EST":1912789,"GDP_MD":34102,"LABEL_X":25.458723,"LABEL_Y":57.066872,"ID":"LVA"}},{"type":"Feature","geometry":{"type":"MultiPolygon","coordinates":[[[[20.623,69.036],[20.744,69.104],[21.033,69.041],[21.156,69.088],[21.034,69.181],[21.314,69.291],[21.663,69.263],[22.023,69.012],[22.371,68.823],[22.429,68.71],[23.019,68.687],[23.198,68.618],[23.735,68.715],[23.929,68.816],[24.332,68.709],[24.663,68.666],[24.861,68.563],[25.118,68.638],[25.201,68.813],[25.387,68.875],[25.652,68.883],[25.801,69.013],[25.734,69.191],[25.877,69.371],[25.887,69.521],[26.032,69.697],[26.198,69.715],[26.501,69.918],[26.865,69.938],[27.1,69.902],[27.563,70.024],[27.897,70.071],[28.167,69.894],[28.405,69.802],[29.131,69.674],[29.345,69.464],[28.865,69.217],[28.827,69.107],[28.954,69.027],[29.24,69.115],[29.335,69.277],[29.948,69.366],[30.123,69.442],[30.294,69.62],[30.512,69.536],[30.853,69.527],[30.928,69.672],[30.841,69.806],[30.483,69.818],[30.165,69.88],[30.209,69.784],[30.001,69.726],[29.68,69.735],[29.741,69.907],[29.44,69.901],[29.686,69.97],[29.138,70.058],[28.733,70.086],[28.754,70.168],[29.227,70.12],[30.159,70.071],[30.549,70.249],[31.077,70.284],[30.926,70.456],[30.812,70.415],[29.994,70.713],[29.679,70.62],[29.779,70.727],[29.352,70.695],[29.405,70.784],[29.057,70.884],[28.795,70.873],[28.526,70.722],[28.429,70.496],[28.247,70.415],[28.167,70.135],[28.158,70.368],[28.335,70.518],[28.127,70.442],[27.849,70.483],[28.233,70.615],[28.301,70.703],[27.65,70.606],[28.131,70.736],[27.76,70.791],[28.224,70.786],[28.445,70.866],[28.546,70.98],[28.185,70.997],[28.191,71.086],[27.877,71.038],[27.569,71.097],[27.554,70.955],[27.253,71.026],[27.349,70.942],[27.123,70.922],[27.534,70.846],[27.14,70.741],[27.13,70.626],[26.506,70.363],[26.657,70.641],[26.342,70.648],[26.64,70.707],[26.744,70.823],[26.691,70.956],[26.374,70.868],[26.071,70.712],[26.012,70.626],[25.423,70.325],[25.54,70.298],[25.136,70.079],[24.963,70.08],[24.98,70.229],[25.201,70.307],[25.246,70.528],[25.354,70.607],[25.925,70.856],[25.882,70.896],[25.423,70.86],[25.246,70.791],[25.143,70.922],[24.666,70.978],[24.574,70.935],[24.616,70.78],[24.396,70.867],[24.292,70.764],[24.544,70.746],[24.725,70.665],[24.615,70.626],[24.352,70.691],[24.112,70.549],[24.315,70.483],[23.918,70.509],[23.513,70.366],[23.571,70.291],[23.276,70.225],[23.402,70.14],[23.176,70.092],[23.539,70.024],[23.33,69.948],[23.032,70.03],[22.967,70.207],[22.374,70.25],[22.267,70.295],[21.822,70.269],[21.874,70.147],[21.586,70.312],[21.209,70.208],[21.513,70.092],[21.839,70.055],[21.94,69.986],[21.905,69.825],[21.393,70.029],[21.253,70.003],[21.17,69.876],[20.512,69.769],[20.497,69.578],[20.277,69.392],[19.917,69.269],[20.192,69.413],[20.417,69.89],[20.168,69.942],[20.007,69.769],[19.872,69.763],[19.858,69.627],[19.743,69.613],[19.688,69.445],[19.674,69.682],[19.784,69.804],[19.296,69.783],[19.098,69.736],[18.958,69.561],[19.229,69.568],[19.006,69.506],[19.156,69.377],[19.35,69.379],[19.477,69.221],[19.301,69.224],[19.347,69.344],[19.014,69.397],[18.853,69.552],[18.498,69.522],[18.467,69.445],[18.934,69.334],[18.602,69.3],[18.301,69.487],[18.003,69.286],[18.081,69.169],[17.679,69.092],[17.426,68.899],[17.694,68.892],[17.234,68.756],[16.629,68.642],[16.535,68.438],[17.047,68.434],[17.547,68.53],[17.54,68.428],[16.824,68.324],[16.695,68.405],[16.22,68.351],[16.604,68.256],[16.172,68.318],[16.103,68.283],[16.441,68.225],[16.346,68.082],[16.501,68.016],[16.467,67.9],[16.301,67.994],[16.237,67.884],[16.042,68.03],[16.097,68.173],[15.964,68.247],[15.925,68.132],[15.508,68.132],[15.282,68.037],[15.969,68.009],[15.789,67.951],[15.302,67.89],[14.999,67.895],[14.789,67.823],[15.015,67.747],[14.793,67.729],[14.836,67.643],[15.194,67.72],[15.384,67.804],[15.597,67.749],[15.196,67.645],[15.466,67.577],[15.267,67.524],[15.499,67.51],[15.868,67.573],[15.473,67.461],[15.176,67.521],[15.017,67.469],[15.008,67.564],[14.727,67.489],[15.049,67.447],[14.825,67.378],[14.653,67.426],[14.328,67.242],[14.682,67.278],[14.674,67.217],[15.165,67.31],[15.063,67.248],[15.455,67.214],[15.357,67.166],[15.095,67.213],[14.899,67.142],[14.781,67.214],[14.363,67.16],[14.223,66.982],[14.043,66.995],[13.59,66.938],[13.801,66.81],[13.542,66.803],[13.547,66.724],[13.89,66.735],[13.693,66.691],[13.256,66.724],[13.48,66.675],[13.251,66.633],[13.171,66.412],[13,66.357],[13.321,66.3],[13.032,66.198],[13.575,66.289],[13.973,66.238],[13.527,66.24],[12.869,66.134],[12.712,66.042],[13.024,66.067],[12.924,65.994],[13.04,65.926],[12.789,65.965],[12.567,65.767],[12.349,65.638],[12.404,65.535],[12.574,65.59],[12.641,65.416],[12.345,65.268],[12.503,65.145],[12.932,65.333],[12.606,65.126],[12.153,65.039],[11.979,65.069],[11.835,64.987],[11.401,64.922],[11.245,64.858],[11.665,64.893],[11.232,64.823],[11.478,64.811],[11.912,64.949],[11.643,64.823],[11.842,64.802],[11.553,64.768],[11.396,64.707],[11.517,64.573],[11.378,64.397],[11.163,64.446],[10.957,64.603],[10.892,64.475],[10.762,64.48],[10.855,64.378],[10.605,64.452],[10.607,64.366],[10.45,64.35],[10.397,64.264],[10.17,64.199],[9.936,63.959],[10.197,63.938],[9.907,63.884],[9.546,63.774],[9.544,63.666],[10.03,63.784],[9.799,63.692],[9.918,63.515],[10.08,63.508],[10.416,63.579],[10.643,63.678],[10.91,63.731],[11.074,63.836],[10.963,63.948],[11.262,64.036],[11.498,64.021],[11.096,63.89],[11.112,63.85],[11.415,63.85],[11.464,63.802],[11.033,63.719],[10.756,63.625],[10.672,63.549],[10.916,63.467],[10.798,63.417],[10.3,63.467],[10.094,63.439],[10.099,63.325],[9.833,63.329],[9.961,63.428],[9.699,63.644],[9.162,63.507],[9.265,63.363],[9.143,63.331],[9.115,63.418],[8.823,63.429],[8.639,63.392],[8.764,63.349],[8.476,63.294],[8.612,63.204],[8.544,63.132],[8.236,63.151],[8.166,63.115],[8.32,63],[8.62,62.878],[8.329,62.881],[8.34,62.959],[8.087,63.11],[7.961,63.028],[8.175,62.921],[8.184,62.848],[8.544,62.721],[8.154,62.815],[8.076,62.951],[7.974,62.977],[7.694,62.912],[7.668,62.979],[7.501,62.911],[7.271,63.014],[6.91,62.929],[7.017,62.842],[6.97,62.726],[7.313,62.744],[7.385,62.688],[8.073,62.78],[8.129,62.718],[7.836,62.732],[7.523,62.674],[7.423,62.598],[7.517,62.541],[7.092,62.651],[6.777,62.65],[6.613,62.561],[6.537,62.616],[6.32,62.609],[6.263,62.527],[6.533,62.537],[6.305,62.459],[6.398,62.425],[6.709,62.452],[6.028,62.306],[5.929,62.199],[5.622,62.165],[5.431,62.186],[5.451,62.062],[5.182,62.213],[5.071,62.164],[5.31,62.027],[5.156,61.896],[5.427,61.938],[5.961,61.917],[5.729,61.897],[6.521,61.814],[5.736,61.835],[5.676,61.887],[5.363,61.905],[5.338,61.842],[4.974,61.739],[4.993,61.63],[5.146,61.595],[5.29,61.48],[5.575,61.465],[5.484,61.432],[5.218,61.468],[4.948,61.416],[5.058,61.323],[5.021,61.216],[5.25,61.184],[5.377,61.08],[5.557,61.136],[6.174,61.184],[6.434,61.115],[6.5,61.263],[6.695,61.345],[6.558,61.225],[6.894,61.163],[6.953,61.112],[7.36,61.191],[7.314,61.308],[7.454,61.193],[7.346,61.143],[6.965,61.08],[6.601,61.175],[6.566,61.119],[6.275,61.048],[6.258,61.094],[5.893,61.122],[5.527,61.075],[5.434,61.027],[5.135,61.077],[5.016,61.047],[5.047,60.844],[5.293,60.823],[5.304,60.712],[4.927,60.8],[5.3,60.561],[5.527,60.629],[5.695,60.752],[5.708,60.471],[5.618,60.417],[5.528,60.421],[5.449,60.446],[5.306,60.528],[5.298,60.396],[5.178,60.389],[5.223,60.211],[5.427,60.163],[5.572,60.238],[5.593,60.139],[5.706,60.16],[5.681,60.04],[5.856,60.024],[5.861,60.163],[5.996,60.265],[6.105,60.245],[6.189,60.355],[6.562,60.463],[6.352,60.368],[6.142,60.215],[6.098,60.092],[5.965,59.957],[5.772,59.931],[5.646,59.854],[5.894,59.762],[5.746,59.676],[5.564,59.677],[5.506,59.533],[5.489,59.738],[5.182,59.511],[5.297,59.345],[5.333,59.412],[5.475,59.279],[5.587,59.416],[5.667,59.305],[5.86,59.351],[5.763,59.432],[5.873,59.488],[6.153,59.477],[5.886,59.447],[5.924,59.356],[6.079,59.402],[6.085,59.307],[6.252,59.277],[5.873,59.087],[6.034,58.905],[5.882,58.959],[5.736,58.929],[5.551,59.039],[5.564,58.882],[5.478,58.755],[5.704,58.521],[5.964,58.468],[6.001,58.39],[6.401,58.272],[6.698,58.225],[6.531,58.121],[6.783,58.07],[6.778,58.182],[6.95,58.121],[6.804,58.1],[6.999,58.031],[7.579,58.018],[7.654,58.065],[7.916,58.082],[8.03,58.225],[8.123,58.102],[8.354,58.245],[8.501,58.257],[8.944,58.526],[8.949,58.58],[9.201,58.672],[9.45,58.833],[9.271,58.833],[9.399,58.899],[9.69,58.957],[9.727,59.015],[9.539,59.121],[9.631,59.131],[9.846,58.956],[9.957,58.957],[10.314,59.128],[10.361,59.271],[10.47,59.248],[10.459,59.441],[10.364,59.526],[10.391,59.638],[10.484,59.514],[10.593,59.57],[10.491,59.731],[10.529,59.882],[10.753,59.889],[10.718,59.738],[10.656,59.857],[10.56,59.726],[10.656,59.595],[10.596,59.424],[10.823,59.164],[10.902,59.197],[11.182,59.116],[11.37,59.101],[11.438,58.992],[11.452,58.896],[11.664,58.92],[11.812,59.25],[11.677,59.559],[11.904,59.77],[11.85,59.872],[12.144,59.898],[12.447,60.051],[12.511,60.118],[12.487,60.296],[12.594,60.395],[12.594,60.515],[12.377,60.754],[12.256,60.981],[12.512,61.049],[12.683,61.04],[12.82,61.205],[12.877,61.371],[12.614,61.547],[12.416,61.582],[12.162,61.725],[12.317,62.234],[12.286,62.335],[12.091,62.586],[12.156,62.734],[12.104,62.923],[12.223,63.001],[11.992,63.289],[12.205,63.455],[12.17,63.598],[12.293,63.657],[12.682,63.956],[12.982,64.059],[13.234,64.091],[13.939,64.01],[14.161,64.205],[14.116,64.441],[13.643,64.584],[14.311,65.084],[14.4,65.255],[14.514,65.318],[14.561,65.701],[14.644,65.843],[14.541,66.125],[15.053,66.153],[15.482,66.275],[15.426,66.491],[15.669,66.599],[16.039,66.888],[16.416,67.053],[16.438,67.2],[16.127,67.423],[16.2,67.508],[16.483,67.558],[16.609,67.647],[16.808,67.911],[17.22,68.04],[17.321,68.105],[17.895,67.97],[18.167,68.158],[18.172,68.536],[18.436,68.574],[18.645,68.501],[19.038,68.506],[19.931,68.35],[20.246,68.477],[19.962,68.541],[20.237,68.659],[20.357,68.805],[20.341,68.91],[20.102,69.022],[20.623,69.036]]],[[[14.028,68.263],[13.983,68.337],[13.791,68.268],[13.5,68.242],[13.479,68.132],[13.644,68.071],[13.774,68.16],[14.034,68.181],[14.028,68.263]]],[[[14.763,68.495],[15,68.555],[14.604,68.559],[14.763,68.495]]],[[[5.277,59.299],[5.209,59.416],[5.166,59.196],[5.297,59.169],[5.277,59.299]]],[[[5.307,59.759],[5.168,59.85],[5.076,59.766],[5.307,59.759]]],[[[5.489,59.861],[5.304,59.978],[5.25,59.909],[5.31,59.795],[5.422,59.759],[5.489,59.861]]],[[[5.619,60.074],[5.462,60.053],[5.508,59.899],[5.64,59.916],[5.619,60.074]]],[[[5.112,60.201],[5.094,60.32],[4.968,60.444],[4.941,60.291],[5.112,60.201]]],[[[4.978,60.524],[5.192,60.419],[5.15,60.501],[4.978,60.524]]],[[[5.688,60.677],[5.324,60.547],[5.502,60.437],[5.609,60.444],[5.681,60.482],[5.688,60.677]]],[[[4.961,61.177],[4.845,61.197],[4.797,61.063],[4.987,61.12],[4.961,61.177]]],[[[4.865,61.889],[4.916,61.781],[5.126,61.856],[4.865,61.889]]],[[[5.736,62.28],[5.563,62.291],[5.547,62.193],[5.778,62.207],[5.736,62.28]]],[[[5.989,62.396],[5.804,62.362],[5.874,62.255],[6.037,62.335],[5.989,62.396]]],[[[6.853,62.746],[6.685,62.73],[6.672,62.656],[6.914,62.698],[6.853,62.746]]],[[[7.64,63.055],[7.401,63.055],[7.527,62.946],[7.706,63.007],[7.64,63.055]]],[[[8.113,63.239],[7.928,63.178],[8.188,63.157],[8.113,63.239]]],[[[8.484,63.247],[8.264,63.233],[8.423,63.161],[8.484,63.247]]],[[[7.915,63.342],[8.087,63.329],[8.182,63.39],[8.004,63.473],[7.778,63.411],[7.915,63.342]]],[[[9.139,63.568],[8.965,63.656],[8.545,63.602],[8.278,63.467],[8.504,63.434],[9.107,63.533],[9.139,63.568]]],[[[8.36,63.671],[8.743,63.688],[8.743,63.774],[8.272,63.685],[8.36,63.671]]],[[[11.286,64.559],[11.086,64.652],[11.18,64.507],[11.417,64.473],[11.286,64.559]]],[[[11.091,64.902],[11.089,64.95],[10.827,64.858],[11.091,64.902]]],[[[10.841,64.877],[11.115,64.973],[10.784,64.924],[10.841,64.877]]],[[[12.225,65.124],[12.191,65.214],[12,65.075],[12.225,65.124]]],[[[12.451,65.426],[12.274,65.582],[12.197,65.474],[12.328,65.467],[12.122,65.357],[12.081,65.215],[12.507,65.398],[12.451,65.426]]],[[[12.005,65.69],[11.824,65.693],[11.759,65.618],[11.917,65.59],[12.005,65.69]]],[[[12.698,65.998],[12.472,65.981],[12.493,65.88],[12.904,66.015],[12.698,65.998]]],[[[12.574,66.076],[12.574,66.159],[12.294,66.015],[12.574,66.076]]],[[[14.274,67.166],[13.993,67.078],[14.206,67.009],[14.274,67.166]]],[[[13.055,68.098],[12.787,67.81],[13.131,67.953],[13.157,68.085],[13.055,68.098]]],[[[13.281,68.129],[13.178,68.059],[13.357,68.011],[13.438,68.126],[13.281,68.129]]],[[[15,68.365],[15.172,68.454],[14.653,68.429],[14.384,68.373],[14.496,68.316],[14.198,68.201],[14.198,68.153],[14.763,68.259],[15,68.365]]],[[[16.423,68.492],[16.192,68.515],[16.095,68.398],[16.399,68.413],[16.423,68.492]]],[[[17.053,68.818],[16.841,68.725],[17.146,68.77],[17.053,68.818]]],[[[17.206,68.893],[17.224,68.793],[17.44,68.866],[17.206,68.893]]],[[[16.529,68.722],[16.439,68.85],[16.255,68.903],[16.107,68.741],[15.817,68.611],[15.99,68.763],[15.863,68.783],[15.907,68.959],[15.645,68.955],[15.452,68.811],[15.514,68.636],[15.239,68.564],[15.268,68.461],[15.009,68.314],[15.086,68.271],[15.384,68.42],[15.358,68.355],[15.624,68.3],[15.748,68.425],[15.966,68.393],[16.094,68.534],[16.481,68.548],[16.529,68.722]]],[[[16.566,68.968],[16.306,68.995],[16.395,68.902],[16.566,68.968]]],[[[14.397,68.66],[14.617,68.626],[15.151,68.756],[15.165,68.701],[14.816,68.638],[15.063,68.579],[15.336,68.653],[15.295,68.907],[15.138,69.013],[15.008,68.981],[15.006,68.794],[14.68,68.767],[14.397,68.66]]],[[[15.529,68.914],[15.569,68.978],[15.848,69.029],[16.061,69.145],[16.102,69.315],[15.865,69.249],[15.791,69.161],[15.57,69.106],[15.425,68.962],[15.529,68.914]]],[[[18.071,69.438],[17.837,69.592],[17.645,69.462],[17.317,69.535],[17.243,69.455],[17.496,69.428],[17.389,69.38],[16.938,69.398],[17.132,69.311],[16.899,69.195],[17.056,69.133],[16.817,69.119],[16.823,69.054],[17.488,69.154],[17.958,69.18],[17.906,69.318],[18.085,69.353],[18.071,69.438]]],[[[18.999,69.829],[18.679,69.886],[18.79,69.784],[18.707,69.687],[18.653,69.804],[18.357,69.793],[18.389,69.72],[18.187,69.709],[18.29,69.592],[17.995,69.592],[18.194,69.531],[18.823,69.591],[18.803,69.682],[19.033,69.744],[18.999,69.829]]],[[[19.619,70.017],[19.393,69.992],[19.325,70.079],[18.845,70.015],[18.729,69.948],[19.122,69.788],[19.407,69.839],[19.619,70.017]]],[[[20.792,70.092],[20.824,70.195],[20.588,70.236],[20.39,70.103],[20.588,70.046],[20.792,70.092]]],[[[19.982,70.147],[19.816,70.17],[19.678,70.29],[19.633,70.219],[19.82,70.06],[20.154,70.113],[19.982,70.147]]],[[[22.922,70.305],[22.781,70.386],[22.485,70.384],[22.445,70.291],[23.001,70.249],[22.922,70.305]]],[[[23.656,70.503],[23.333,70.552],[22.897,70.451],[23.105,70.283],[23.382,70.318],[23.656,70.503]]],[[[24.067,70.661],[23.709,70.749],[23.64,70.702],[23.751,70.524],[24.102,70.589],[24.067,70.661]]],[[[22.422,70.511],[22.644,70.564],[22.871,70.539],[23.272,70.681],[23.329,70.779],[23.03,70.791],[23.165,70.73],[22.969,70.661],[22.723,70.748],[22.826,70.648],[22.374,70.698],[22.011,70.6],[22.333,70.613],[22.422,70.511]]],[[[26.136,71.038],[25.93,71.011],[25.807,71.154],[25.553,71.141],[25.293,71.045],[25.534,70.932],[26.18,71.003],[26.136,71.038]]],[[[15.296,67.945],[15.106,68.001],[14.972,67.916],[15.296,67.945]]],[[[30.021,69.832],[29.877,69.914],[29.713,69.763],[30.021,69.832]]],[[[19.813,70.003],[19.434,69.841],[19.721,69.865],[19.813,70.003]]],[[[18.667,70.028],[18.976,70.074],[18.702,70.111],[18.667,70.028]]],[[[19.242,70.201],[19.197,70.257],[18.996,70.152],[19.227,70.135],[19.242,70.201]]],[[[-7.963,71.175],[-8.326,71.148],[-8.507,71.021],[-9.117,70.875],[-8.963,70.818],[-8.697,70.938],[-8.006,71.033],[-7.963,71.175]]],[[[19.16,74.526],[18.79,74.478],[19.074,74.347],[19.297,74.481],[19.16,74.526]]],[[[24.425,77.826],[24.305,77.912],[23.942,77.852],[23.628,77.87],[23.12,77.986],[23.071,78.066],[23.47,78.151],[22.966,78.256],[22.396,78.2],[21.697,78.211],[20.992,78.139],[20.88,78.085],[21.662,77.918],[21.261,77.733],[21.19,77.602],[20.874,77.569],[20.922,77.442],[22.192,77.504],[22.447,77.578],[22.778,77.555],[22.439,77.439],[22.43,77.264],[23.235,77.264],[23.354,77.377],[23.893,77.508],[24.425,77.826]]],[[[21.024,78.219],[21.061,78.2],[22.271,78.268],[22.235,78.488],[21.917,78.562],[21.178,78.623],[21.084,78.556],[20.183,78.495],[20.661,78.391],[20.469,78.315],[21.024,78.219]]],[[[27.021,78.699],[26.615,78.809],[26.466,78.709],[26.738,78.626],[27.021,78.699]]],[[[12.143,78.237],[12.101,78.295],[11.447,78.548],[11.259,78.528],[11.06,78.693],[11.184,78.734],[10.844,78.879],[10.484,78.891],[10.525,78.788],[10.916,78.61],[11.122,78.439],[11.305,78.452],[12.143,78.237]]],[[[29.439,78.905],[28.419,78.967],[27.842,78.843],[28.103,78.822],[28.87,78.912],[29.237,78.853],[29.439,78.905]]],[[[20.099,79.124],[20.044,79.041],[20.406,78.996],[20.832,79.055],[20.099,79.124]]],[[[20.209,78.638],[20.691,78.694],[21.037,78.644],[21.394,78.672],[21.522,78.854],[19.906,79.014],[19.786,79.165],[18.945,79.157],[18.882,79.441],[18.347,79.63],[17.754,79.409],[17.749,79.604],[18.098,79.727],[17.563,79.898],[16.965,79.963],[16.82,79.876],[16.542,80.048],[16.295,80.067],[15.956,79.945],[16.103,79.86],[15.716,79.877],[15.686,79.701],[15.852,79.57],[15.959,79.31],[16.491,78.931],[16.348,78.916],[15.497,79.33],[15.262,79.619],[14.858,79.774],[14.549,79.811],[13.883,79.542],[14.158,79.343],[14.042,79.266],[13.579,79.491],[13.301,79.471],[13.452,79.592],[12.451,79.569],[13.014,79.693],[13.738,79.706],[13.973,79.775],[13.797,79.882],[13.06,79.829],[12.537,79.746],[12.204,79.837],[12.337,79.67],[11.822,79.845],[11.283,79.789],[11.433,79.628],[11.014,79.65],[10.708,79.561],[10.841,79.371],[11.279,79.1],[11.7,79.168],[11.691,79.322],[12.081,79.303],[11.684,79.069],[12.391,79.002],[12.249,78.902],[11.567,78.985],[11.334,78.973],[11.857,78.856],[11.643,78.747],[12.021,78.614],[12.43,78.544],[13.198,78.542],[12.363,78.487],[12.858,78.36],[13.01,78.204],[13.856,78.213],[14.322,78.308],[14.343,78.391],[14.663,78.381],[14.384,78.501],[14.526,78.664],[14.815,78.734],[14.983,78.597],[15.261,78.665],[15.382,78.851],[15.499,78.726],[15.233,78.61],[15.439,78.458],[16.002,78.483],[16.318,78.568],[16.523,78.718],[16.829,78.673],[16.33,78.459],[16.937,78.352],[15.795,78.343],[15.73,78.234],[15.295,78.222],[15.035,78.117],[14.233,78.093],[14.36,77.981],[13.866,78.097],[13.589,78.056],[13.719,77.768],[14.458,77.758],[15.09,77.791],[15.555,77.88],[15.785,77.835],[16.789,77.877],[16.87,77.811],[15.115,77.703],[14.74,77.664],[14.966,77.623],[15.846,77.579],[15.853,77.532],[14.774,77.549],[14.44,77.586],[13.911,77.534],[13.998,77.399],[14.374,77.199],[15.04,77.135],[15.346,77.009],[16.091,77.027],[16.356,76.986],[15.578,76.92],[15.942,76.761],[16.431,76.622],[16.81,76.567],[17.2,76.719],[16.936,76.815],[17.324,76.979],[17.483,77.306],[17.728,77.493],[18.194,77.49],[18.445,77.756],[18.33,77.905],[18.583,78.055],[19.063,78.087],[18.921,78.179],[19.066,78.378],[18.993,78.467],[19.681,78.515],[19.763,78.624],[20.209,78.638]]],[[[33.099,80.228],[31.496,80.116],[31.611,80.073],[32.831,80.133],[33.64,80.221],[33.099,80.228]]],[[[18.296,80.276],[18.756,80.303],[18.317,80.364],[18.296,80.276]]],[[[27.171,80.073],[26.807,80.174],[25.704,80.172],[25.514,80.242],[24.78,80.248],[24.26,80.376],[24.336,80.286],[23.765,80.309],[23.805,80.185],[23.006,80.168],[23.306,80.29],[23.267,80.454],[22.75,80.505],[22.833,80.413],[22.457,80.441],[22.564,80.311],[22.367,80.009],[21.827,80.152],[21.847,80.272],[20.883,80.211],[20.39,80.423],[20.081,80.389],[19.657,80.505],[19.529,80.388],[19.914,80.385],[19.613,80.228],[19.033,80.358],[19.224,80.198],[19.585,80.152],[19.331,80.091],[18.854,80.198],[18.037,80.193],[18.235,80.049],[18.837,80.031],[18.194,79.9],[18.784,79.723],[19.486,79.718],[20.172,79.785],[21.888,79.824],[21.85,79.707],[20.476,79.686],[21.155,79.569],[20.413,79.592],[20.208,79.645],[19.633,79.611],[20.197,79.469],[20.73,79.459],[20.817,79.378],[21.712,79.372],[22.895,79.42],[22.645,79.31],[22.926,79.223],[24.053,79.189],[24.288,79.31],[24.921,79.378],[25.183,79.336],[25.646,79.398],[25.965,79.526],[25.826,79.626],[27.15,79.855],[27.171,80.073]]],[[[5.12,62.026],[4.985,62.034],[5.095,61.927],[5.12,62.026]]]]},"properties":{"NAME":"Norway","ADMIN":"Norway","ISO_A2":"NO","ISO_A3":"-99","CONTINENT":"Europe","SUBREGION":"Northern Europe","POP_EST":5347896,"GDP_MD":403336,"LABEL_X":9.679975,"LABEL_Y":61.357092,"ID":"NO"}},{"type":"Feature","geometry":{"type":"MultiPolygon","coordinates":[[[[20.623,69.036],[20.102,69.022],[20.341,68.91],[20.357,68.805],[20.237,68.659],[19.962,68.541],[20.246,68.477],[19.931,68.35],[19.038,68.506],[18.645,68.501],[18.436,68.574],[18.172,68.536],[18.167,68.158],[17.895,67.97],[17.321,68.105],[17.22,68.04],[16.808,67.911],[16.609,67.647],[16.483,67.558],[16.2,67.508],[16.127,67.423],[16.438,67.2],[16.416,67.053],[16.039,66.888],[15.669,66.599],[15.426,66.491],[15.482,66.275],[15.053,66.153],[14.541,66.125],[14.644,65.843],[14.561,65.701],[14.514,65.318],[14.4,65.255],[14.311,65.084],[13.643,64.584],[14.116,64.441],[14.161,64.205],[13.939,64.01],[13.234,64.091],[12.982,64.059],[12.682,63.956],[12.293,63.657],[12.17,63.598],[12.205,63.455],[11.992,63.289],[12.223,63.001],[12.104,62.923],[12.156,62.734],[12.091,62.586],[12.286,62.335],[12.317,62.234],[12.162,61.725],[12.416,61.582],[12.614,61.547],[12.877,61.371],[12.82,61.205],[12.683,61.04],[12.512,61.049],[12.256,60.981],[12.377,60.754],[12.594,60.515],[12.594,60.395],[12.487,60.296],[12.511,60.118],[12.447,60.051],[12.144,59.898],[11.85,59.872],[11.904,59.77],[11.677,59.559],[11.812,59.25],[11.664,58.92],[11.452,58.896],[11.438,58.992],[11.355,59.092],[11.22,59.09],[11.117,58.969],[11.232,58.8],[11.179,58.736],[11.286,58.58],[11.232,58.34],[11.415,58.432],[11.522,58.336],[11.553,58.463],[11.67,58.422],[11.504,58.28],[11.581,58.251],[11.727,58.327],[11.826,58.317],[11.861,58.218],[11.803,58.037],[11.687,57.838],[11.802,57.774],[11.706,57.722],[11.917,57.621],[11.934,57.361],[12.059,57.459],[12.271,57.043],[12.375,56.912],[12.598,56.821],[12.732,56.647],[12.872,56.649],[12.939,56.527],[12.89,56.455],[12.714,56.467],[12.622,56.419],[12.829,56.279],[12.797,56.228],[12.505,56.275],[12.61,56.117],[12.923,55.749],[13.061,55.674],[12.929,55.579],[12.953,55.425],[13.281,55.345],[13.63,55.418],[13.882,55.433],[14.181,55.391],[14.363,55.524],[14.196,55.726],[14.209,55.821],[14.479,56.032],[14.768,56.031],[14.686,56.147],[14.953,56.173],[15.321,56.14],[15.573,56.206],[15.827,56.159],[15.852,56.086],[16.038,56.255],[16.095,56.419],[16.255,56.65],[16.379,56.676],[16.357,56.758],[16.468,56.949],[16.44,57.014],[16.583,57.045],[16.465,57.177],[16.548,57.383],[16.689,57.472],[16.577,57.71],[16.707,57.689],[16.419,57.895],[16.59,57.936],[16.758,57.877],[16.66,57.99],[16.736,58.085],[16.617,58.203],[16.777,58.131],[16.799,58.324],[16.715,58.395],[16.448,58.475],[16.72,58.437],[16.94,58.491],[16.789,58.607],[16.409,58.597],[16.234,58.669],[16.924,58.625],[17.162,58.732],[17.46,58.791],[17.591,58.867],[17.611,59.094],[17.758,59.126],[17.749,58.924],[17.9,58.916],[18.043,59.06],[18.414,59.14],[18.276,59.313],[18.62,59.308],[18.612,59.375],[18.427,59.436],[18.482,59.348],[18.318,59.376],[18.221,59.32],[18.009,59.409],[18.413,59.491],[18.687,59.606],[18.66,59.636],[19.042,59.785],[18.79,59.779],[18.949,59.9],[18.82,60.114],[18.42,60.194],[18.331,60.286],[18.564,60.228],[18.448,60.341],[18.326,60.356],[17.967,60.512],[17.919,60.6],[17.638,60.515],[17.575,60.648],[17.414,60.638],[17.191,60.702],[17.312,60.745],[17.168,60.992],[17.152,61.204],[17.202,61.337],[17.104,61.399],[17.177,61.487],[17.056,61.582],[17.399,61.722],[17.355,61.955],[17.469,62.062],[17.509,62.218],[17.337,62.404],[17.438,62.537],[17.55,62.448],[17.823,62.486],[18.043,62.626],[17.926,62.822],[18.077,62.774],[18.471,62.868],[18.393,62.945],[18.643,63.147],[18.913,63.212],[19.037,63.178],[19.133,63.308],[19.27,63.342],[19.281,63.459],[19.508,63.412],[19.47,63.561],[19.687,63.431],[19.753,63.524],[20.074,63.666],[20.308,63.654],[20.503,63.822],[20.543,63.775],[20.786,63.879],[20.948,64.13],[21.244,64.307],[21.373,64.33],[21.492,64.454],[21.042,64.82],[21.181,64.836],[21.256,64.957],[21.378,64.96],[21.619,65.148],[21.346,65.373],[21.577,65.238],[21.702,65.286],[21.489,65.393],[21.942,65.412],[22.032,65.467],[21.854,65.535],[22.177,65.54],[21.788,65.687],[22.405,65.542],[22.258,65.693],[22.388,65.673],[22.319,65.802],[22.477,65.857],[22.678,65.765],[22.685,65.862],[23.13,65.715],[23.374,65.823],[23.69,65.83],[23.926,65.76],[24.163,65.823],[24.02,66.049],[23.724,66.207],[23.642,66.436],[23.882,66.564],[23.892,66.751],[24.001,66.812],[23.581,67.153],[23.603,67.26],[23.735,67.29],[23.765,67.42],[23.431,67.486],[23.554,67.587],[23.499,67.882],[23.661,67.933],[23.152,68.13],[23.052,68.298],[22.808,68.395],[22.303,68.476],[22.072,68.477],[21.919,68.568],[21.464,68.687],[20.935,68.967],[20.623,69.036]]],[[[17.125,57.319],[16.966,57.305],[16.888,57.118],[16.717,56.892],[16.621,56.872],[16.399,56.545],[16.413,56.229],[16.566,56.346],[16.643,56.568],[16.782,56.811],[16.883,56.916],[17.125,57.319]]],[[[19.04,57.868],[18.742,57.918],[18.463,57.803],[18.112,57.511],[18.179,57.38],[18.099,57.259],[18.266,57.041],[18.139,56.922],[18.299,56.942],[18.386,57.127],[18.714,57.243],[18.667,57.297],[18.93,57.405],[18.79,57.449],[18.762,57.617],[18.807,57.734],[18.941,57.73],[19.04,57.868]]],[[[19.273,57.977],[19.087,57.968],[19.14,57.908],[19.273,57.977]]],[[[11.739,58.059],[11.506,58.046],[11.528,57.954],[11.659,57.963],[11.739,58.059]]],[[[11.807,58.23],[11.67,58.285],[11.429,58.161],[11.516,58.086],[11.805,58.126],[11.807,58.23]]],[[[18.55,60.327],[18.42,60.444],[18.402,60.37],[18.55,60.327]]]]},"properties":{"NAME":"Sweden","ADMIN":"Sweden","ISO_A2":"SE","ISO_A3":"SWE","CONTINENT":"Europe","SUBREGION":"Northern Europe","POP_EST":10285453,"GDP_MD":530883,"LABEL_X":19.01705,"LABEL_Y":65.85918,"ID":"SWE"}},{"type":"Feature","geometry":{"type":"MultiPolygon","coordinates":[[[[28.954,69.027],[28.827,69.107],[28.865,69.217],[29.345,69.464],[29.131,69.674],[28.405,69.802],[28.167,69.894],[27.897,70.071],[27.563,70.024],[27.1,69.902],[26.865,69.938],[26.501,69.918],[26.198,69.715],[26.032,69.697],[25.887,69.521],[25.877,69.371],[25.734,69.191],[25.801,69.013],[25.652,68.883],[25.387,68.875],[25.201,68.813],[25.118,68.638],[24.861,68.563],[24.663,68.666],[24.332,68.709],[23.929,68.816],[23.735,68.715],[23.198,68.618],[23.019,68.687],[22.429,68.71],[22.371,68.823],[22.023,69.012],[21.663,69.263],[21.314,69.291],[21.034,69.181],[21.156,69.088],[21.033,69.041],[20.744,69.104],[20.623,69.036],[20.935,68.967],[21.464,68.687],[21.919,68.568],[22.072,68.477],[22.303,68.476],[22.808,68.395],[23.052,68.298],[23.152,68.13],[23.661,67.933],[23.499,67.882],[23.554,67.587],[23.431,67.486],[23.765,67.42],[23.735,67.29],[23.603,67.26],[23.581,67.153],[24.001,66.812],[23.892,66.751],[23.882,66.564],[23.642,66.436],[23.724,66.207],[24.02,66.049],[24.163,65.823],[24.405,65.769],[24.544,65.809],[24.687,65.632],[24.82,65.662],[25.085,65.605],[25.352,65.484],[25.282,65.191],[25.444,64.967],[25.221,64.991],[25.369,64.899],[25.26,64.816],[25.074,64.916],[24.773,64.866],[24.423,64.676],[24.344,64.531],[23.996,64.38],[23.943,64.247],[23.566,64.097],[23.605,64.028],[23.382,64.048],[23.373,63.901],[22.991,63.815],[22.829,63.646],[22.589,63.703],[22.428,63.489],[22.191,63.458],[22.374,63.321],[22.203,63.239],[22.043,63.246],[21.906,63.175],[21.895,63.26],[21.647,63.198],[21.497,63.209],[21.521,63.127],[21.688,63.027],[21.495,63.072],[21.463,62.951],[21.227,62.858],[21.079,62.678],[21.194,62.601],[21.134,62.404],[21.339,62.356],[21.237,61.985],[21.371,61.939],[21.486,61.811],[21.538,61.65],[21.716,61.527],[21.508,61.57],[21.572,61.416],[21.558,61.204],[21.435,61.143],[21.454,61.055],[21.299,61.06],[21.428,60.903],[21.319,60.865],[21.422,60.759],[21.38,60.647],[21.641,60.496],[21.662,60.567],[21.841,60.629],[21.785,60.478],[21.874,60.53],[22.064,60.436],[22.292,60.383],[22.628,60.375],[22.449,60.245],[22.525,60.204],[22.877,60.301],[23.008,60.277],[22.867,60.184],[22.997,60.062],[23.258,60.04],[23.101,59.94],[23.247,59.922],[22.905,59.811],[23.251,59.841],[23.429,59.957],[23.771,59.968],[24.368,60.074],[24.468,59.996],[24.597,60.127],[24.951,60.143],[25.177,60.183],[25.198,60.245],[25.503,60.246],[25.526,60.327],[25.669,60.365],[25.736,60.247],[25.93,60.245],[26.014,60.463],[26.142,60.396],[26.324,60.383],[26.486,60.444],[26.687,60.418],[26.998,60.488],[27.178,60.567],[27.457,60.464],[27.808,60.553],[28.148,60.758],[28.798,61.097],[29.203,61.246],[29.54,61.485],[29.779,61.593],[30.635,62.184],[30.908,62.293],[31.244,62.503],[31.441,62.789],[31.57,62.906],[31.251,63.115],[31.226,63.196],[30.821,63.376],[30.489,63.462],[29.981,63.742],[30.202,63.793],[30.509,63.991],[30.586,64.085],[30.558,64.22],[30.032,64.397],[30.07,64.472],[29.966,64.579],[30.181,64.643],[30.063,64.784],[29.78,64.796],[29.588,64.991],[29.82,65.094],[29.833,65.205],[29.58,65.235],[29.72,65.329],[29.745,65.511],[29.839,65.565],[29.703,65.629],[30.099,65.656],[30.075,65.823],[29.9,66.108],[29.593,66.346],[29.524,66.491],[29.089,66.838],[29.1,66.991],[29.52,67.298],[29.916,67.508],[30.009,67.686],[29.651,67.824],[29.299,68.082],[28.664,68.204],[28.447,68.515],[28.801,68.835],[28.456,68.9],[28.954,69.027]]],[[[21.744,60.191],[21.752,60.115],[21.888,60.176],[21.744,60.191]]],[[[22.844,60.242],[22.451,60.189],[22.47,59.998],[22.682,59.998],[22.847,60.111],[22.844,60.242]]],[[[22.107,60.313],[22.08,60.269],[22.332,60.269],[22.107,60.313]]],[[[21.998,60.334],[21.892,60.449],[21.785,60.385],[21.998,60.334]]],[[[21.422,63.247],[21.287,63.211],[21.12,63.272],[21.243,63.151],[21.422,63.247]]],[[[24.993,65.055],[24.835,65.095],[24.563,65.037],[24.632,64.968],[24.993,65.055]]]]},"properties":{"NAME":"Finland","ADMIN":"Finland","ISO_A2":"FI","ISO_A3":"FIN","CONTINENT":"Europe","SUBREGION":"Northern Europe","POP_EST":5520314,"GDP_MD":269296,"LABEL_X":27.276449,"LABEL_Y":63.252361,"ID":"FIN"}},{"type":"Feature","geometry":{"type":"MultiPolygon","coordinates":[[[[107.52,14.705],[107.505,14.541],[107.456,14.434],[107.387,14.422],[107.32,14.12],[107.343,14.021],[107.431,13.984],[107.443,13.783],[107.597,13.535],[107.607,13.37],[107.46,13.022],[107.536,12.8],[107.565,12.606],[107.514,12.344],[107.393,12.253],[107.32,12.329],[107.153,12.277],[106.978,12.097],[106.749,12.052],[106.702,11.971],[106.394,11.97],[106.439,11.864],[106.399,11.746],[106.435,11.677],[106.287,11.675],[106.155,11.746],[106.015,11.77],[105.934,11.643],[105.805,11.625],[105.871,11.413],[105.844,11.29],[105.974,11.19],[106.087,11.056],[106.131,11.084],[106.181,10.97],[106.127,10.909],[106.177,10.767],[106.018,10.82],[105.931,10.896],[105.861,10.839],[105.753,11.016],[105.474,10.941],[105.41,10.963],[105.328,10.848],[105.253,10.884],[105.029,10.914],[105.066,10.746],[104.854,10.531],[104.554,10.518],[104.451,10.42],[104.589,10.261],[104.608,10.154],[104.707,10.222],[104.805,10.207],[104.901,10.097],[105.003,10.092],[105.088,9.997],[104.97,9.854],[104.893,9.851],[104.836,9.556],[104.807,9.046],[104.775,8.818],[104.817,8.771],[104.922,8.809],[104.912,8.685],[104.752,8.591],[104.856,8.566],[105.101,8.634],[105.184,8.741],[105.334,8.84],[105.444,9.041],[105.539,9.129],[106.018,9.315],[106.193,9.369],[106.197,9.541],[106.073,9.748],[105.838,9.979],[105.904,9.976],[106.25,9.631],[106.398,9.542],[106.485,9.547],[106.576,9.649],[106.575,9.739],[106.476,9.862],[106.173,10.148],[106.145,10.229],[106.395,9.974],[106.611,9.817],[106.696,9.897],[106.462,10.036],[106.369,10.156],[106.591,9.981],[106.645,9.973],[106.704,10.084],[106.737,10.054],[106.798,10.157],[106.422,10.317],[106.776,10.275],[106.788,10.393],[106.741,10.468],[106.638,10.479],[106.733,10.522],[106.772,10.686],[106.943,10.601],[106.972,10.474],[107.176,10.477],[107.217,10.434],[107.19,10.405],[107.272,10.378],[107.334,10.454],[107.448,10.473],[107.581,10.57],[107.882,10.717],[107.998,10.699],[108.106,10.918],[108.259,10.952],[108.3,10.913],[108.369,11.023],[108.472,11.053],[108.577,11.179],[108.729,11.182],[108.788,11.301],[108.933,11.311],[109.018,11.356],[109.043,11.638],[109.136,11.57],[109.243,11.736],[109.199,11.948],[109.278,11.865],[109.287,11.967],[109.214,12.068],[109.207,12.387],[109.185,12.459],[109.297,12.351],[109.346,12.396],[109.205,12.55],[109.205,12.646],[109.363,12.793],[109.342,12.66],[109.451,12.571],[109.472,12.656],[109.369,12.825],[109.458,12.852],[109.465,12.913],[109.307,13.133],[109.321,13.259],[109.232,13.393],[109.304,13.48],[109.226,13.744],[109.251,13.891],[109.27,13.756],[109.307,13.876],[109.174,14.172],[109.239,14.133],[109.15,14.338],[109.074,14.579],[109.081,14.729],[109.012,14.822],[108.919,15.058],[108.91,15.209],[108.827,15.429],[108.773,15.387],[108.621,15.475],[108.619,15.529],[108.455,15.747],[108.415,15.867],[108.306,15.955],[108.259,16.071],[108.317,16.135],[108.245,16.162],[108.239,16.052],[108.143,16.119],[108.204,16.217],[108.094,16.237],[108.043,16.346],[107.945,16.357],[107.896,16.278],[107.812,16.313],[107.827,16.374],[107.663,16.552],[107.608,16.545],[107.443,16.648],[107.605,16.596],[107.201,16.914],[107.112,17.088],[106.764,17.336],[106.635,17.47],[106.49,17.703],[106.443,17.847],[106.525,17.95],[106.439,18.052],[106.435,18.124],[106.35,18.084],[106.271,18.204],[106.098,18.29],[105.977,18.402],[105.826,18.594],[105.717,18.855],[105.648,18.893],[105.614,18.999],[105.737,19.108],[105.746,19.237],[105.813,19.307],[105.783,19.394],[105.826,19.642],[105.929,19.78],[105.956,19.925],[106.025,19.999],[106.161,19.984],[106.395,20.205],[106.57,20.232],[106.594,20.448],[106.519,20.541],[106.703,20.66],[106.663,20.691],[106.789,20.731],[106.7,20.883],[106.755,20.939],[106.659,21.025],[106.785,21.013],[106.868,20.883],[106.943,20.904],[106.854,20.992],[107.149,20.931],[107.245,21.003],[107.374,21.028],[107.354,21.082],[107.388,21.185],[107.367,21.273],[107.562,21.298],[107.635,21.383],[107.749,21.411],[107.783,21.524],[107.991,21.486],[107.832,21.639],[107.745,21.658],[107.613,21.606],[107.461,21.596],[107.446,21.647],[107.348,21.599],[107.273,21.718],[107.172,21.715],[106.987,21.845],[107.009,21.927],[106.648,21.996],[106.663,22.223],[106.617,22.323],[106.555,22.332],[106.527,22.428],[106.569,22.575],[106.68,22.579],[106.747,22.744],[106.667,22.868],[106.488,22.925],[106.316,22.854],[106.234,22.864],[106.202,22.947],[105.999,22.975],[105.854,22.905],[105.69,23.044],[105.552,23.06],[105.517,23.168],[105.312,23.366],[105.218,23.265],[105.061,23.232],[104.945,23.16],[104.87,23.164],[104.798,23.086],[104.824,22.924],[104.728,22.839],[104.554,22.836],[104.34,22.686],[104.249,22.728],[104.213,22.825],[104.073,22.783],[104.024,22.719],[103.985,22.527],[103.867,22.575],[103.647,22.799],[103.59,22.768],[103.514,22.587],[103.473,22.592],[103.402,22.738],[103.31,22.788],[103.252,22.679],[103.142,22.607],[103.142,22.538],[102.989,22.438],[102.894,22.487],[102.845,22.585],[102.587,22.716],[102.443,22.765],[102.377,22.616],[102.253,22.495],[102.218,22.411],[102.119,22.398],[102.226,22.228],[102.483,22.021],[102.478,21.958],[102.591,21.901],[102.651,21.658],[102.721,21.662],[102.826,21.821],[102.835,21.716],[102.948,21.737],[102.974,21.575],[102.904,21.453],[102.875,21.305],[102.801,21.255],[102.888,21.227],[102.952,21.069],[103.015,21.041],[103.115,20.868],[103.364,20.788],[103.427,20.821],[103.497,20.748],[103.665,20.658],[103.759,20.75],[103.776,20.835],[104.011,20.908],[104.057,20.959],[104.295,20.88],[104.389,20.771],[104.601,20.661],[104.543,20.536],[104.445,20.535],[104.36,20.44],[104.576,20.414],[104.681,20.341],[104.657,20.213],[104.819,20.221],[104.957,20.092],[104.936,19.984],[104.874,19.983],[104.761,19.861],[104.805,19.791],[104.655,19.698],[104.623,19.618],[104.506,19.603],[104.38,19.685],[104.295,19.655],[104.229,19.706],[104.089,19.652],[104.022,19.681],[104.017,19.6],[104.09,19.484],[103.848,19.3],[103.973,19.225],[104.037,19.23],[104.481,18.978],[104.722,18.792],[104.899,18.771],[104.937,18.731],[105.113,18.698],[105.169,18.631],[105.08,18.454],[105.157,18.32],[105.368,18.15],[105.451,18.193],[105.606,17.964],[105.594,17.888],[105.735,17.664],[105.846,17.598],[106.019,17.394],[106.185,17.257],[106.285,17.285],[106.306,17.177],[106.42,16.989],[106.533,16.973],[106.535,16.684],[106.64,16.587],[106.655,16.471],[106.753,16.429],[106.823,16.531],[106.86,16.412],[106.967,16.3],[107.117,16.255],[107.154,16.166],[107.299,16.064],[107.436,16.069],[107.445,16.01],[107.361,15.912],[107.175,15.849],[107.16,15.759],[107.369,15.496],[107.448,15.508],[107.494,15.42],[107.573,15.411],[107.658,15.282],[107.657,15.206],[107.578,15.047],[107.446,15.025],[107.462,14.957],[107.558,14.887],[107.491,14.804],[107.52,14.705]]],[[[106.211,9.621],[106.107,9.747],[106.197,9.572],[106.211,9.621]]],[[[107.172,10.465],[107.079,10.391],[107.087,10.323],[107.19,10.433],[107.172,10.465]]],[[[106.936,10.439],[106.888,10.505],[106.888,10.371],[106.936,10.439]]],[[[104.082,10.371],[104.005,10.451],[103.934,10.366],[103.846,10.371],[103.937,10.266],[104.011,10.03],[104.085,10.248],[104.082,10.371]]],[[[106.874,10.46],[106.848,10.614],[106.786,10.601],[106.759,10.488],[106.84,10.405],[106.874,10.46]]],[[[107.08,20.8],[106.948,20.87],[106.91,20.819],[107.046,20.704],[107.08,20.8]]],[[[106.84,20.88],[106.771,20.859],[106.886,20.796],[106.84,20.88]]],[[[107.533,21.02],[107.395,20.897],[107.498,20.916],[107.533,21.02]]],[[[107.581,21.212],[107.467,21.277],[107.373,21.06],[107.471,21.096],[107.581,21.212]]]]},"properties":{"NAME":"Vietnam","ADMIN":"Vietnam","ISO_A2":"VN","ISO_A3":"VNM","CONTINENT":"Asia","SUBREGION":"South-Eastern Asia","POP_EST":96462106,"GDP_MD":261921,"LABEL_X":105.387292,"LABEL_Y":21.715416,"ID":"VNM"}},{"type":"Feature","geometry":{"type":"MultiPolygon","coordinates":[[[[107.52,14.705],[107.415,14.543],[107.287,14.599],[107.211,14.493],[107.079,14.401],[107.03,14.436],[106.946,14.324],[106.793,14.323],[106.707,14.429],[106.605,14.467],[106.512,14.59],[106.419,14.466],[106.32,14.444],[106.23,14.49],[106.154,14.368],[105.974,14.366],[106.012,14.226],[106.145,14.072],[106.049,13.915],[105.925,13.917],[105.787,14.01],[105.744,14.087],[105.617,14.103],[105.533,14.164],[105.338,14.11],[105.257,14.182],[105.184,14.346],[105.047,14.214],[104.976,14.301],[104.974,14.381],[104.772,14.44],[104.595,14.41],[104.462,14.357],[104.247,14.401],[104.001,14.345],[103.87,14.343],[103.682,14.384],[103.671,14.43],[103.274,14.351],[103.085,14.296],[102.919,14.185],[102.87,14.021],[102.773,13.936],[102.699,13.762],[102.541,13.649],[102.598,13.605],[102.513,13.567],[102.332,13.565],[102.328,13.275],[102.382,13.137],[102.49,12.996],[102.465,12.928],[102.504,12.8],[102.486,12.661],[102.559,12.631],[102.765,12.416],[102.715,12.342],[102.7,12.139],[102.914,11.766],[102.914,11.646],[102.955,11.557],[103.03,11.543],[103.134,11.316],[103.058,11.221],[103.114,11.161],[103.096,10.934],[103.181,10.864],[103.277,10.933],[103.352,10.872],[103.417,10.958],[103.474,11.134],[103.533,11.163],[103.675,11.064],[103.722,10.895],[103.689,10.741],[103.567,10.727],[103.507,10.635],[103.624,10.501],[103.808,10.538],[103.859,10.68],[103.946,10.588],[104.072,10.556],[104.25,10.57],[104.306,10.479],[104.451,10.42],[104.554,10.518],[104.854,10.531],[105.066,10.746],[105.029,10.914],[105.253,10.884],[105.328,10.848],[105.41,10.963],[105.474,10.941],[105.753,11.016],[105.861,10.839],[105.931,10.896],[106.018,10.82],[106.177,10.767],[106.127,10.909],[106.181,10.97],[106.131,11.084],[106.087,11.056],[105.974,11.19],[105.844,11.29],[105.871,11.413],[105.805,11.625],[105.934,11.643],[106.015,11.77],[106.155,11.746],[106.287,11.675],[106.435,11.677],[106.399,11.746],[106.439,11.864],[106.394,11.97],[106.702,11.971],[106.749,12.052],[106.978,12.097],[107.153,12.277],[107.32,12.329],[107.393,12.253],[107.514,12.344],[107.565,12.606],[107.536,12.8],[107.46,13.022],[107.607,13.37],[107.597,13.535],[107.443,13.783],[107.431,13.984],[107.343,14.021],[107.32,14.12],[107.387,14.422],[107.456,14.434],[107.505,14.541],[107.52,14.705]]],[[[103.297,10.731],[103.202,10.748],[103.277,10.673],[103.297,10.731]]],[[[103.037,11.358],[102.981,11.405],[102.998,11.26],[103.037,11.358]]]]},"properties":{"NAME":"Cambodia","ADMIN":"Cambodia","ISO_A2":"KH","ISO_A3":"KHM","CONTINENT":"Asia","SUBREGION":"South-Eastern Asia","POP_EST":16486542,"GDP_MD":27089,"LABEL_X":104.50487,"LABEL_Y":12.647584,"ID":"KHM"}},{"type":"Feature","geometry":{"type":"Polygon","coordinates":[[[6.117,50.12],[5.998,50.175],[5.872,50.097],[5.715,49.882],[5.738,49.789],[5.885,49.644],[5.791,49.538],[5.961,49.441],[6.136,49.495],[6.345,49.455],[6.351,49.567],[6.492,49.701],[6.5,49.794],[6.223,49.887],[6.096,50.049],[6.117,50.12]]]},"properties":{"NAME":"Luxembourg","ADMIN":"Luxembourg","ISO_A2":"LU","ISO_A3":"LUX","CONTINENT":"Europe","SUBREGION":"Western Europe","POP_EST":619896,"GDP_MD":71104,"LABEL_X":6.07762,"LABEL_Y":49.733732,"ID":"LUX"}},{"type":"Feature","geometry":{"type":"MultiPolygon","coordinates":[[[[56.279,25.627],[56.151,25.659],[56.183,26.015],[56.077,26.061],[56.014,25.879],[55.878,25.74],[55.657,25.598],[55.626,25.536],[55.525,25.543],[55.473,25.413],[55.359,25.349],[55.082,25.017],[54.707,24.804],[54.64,24.733],[54.671,24.666],[54.582,24.508],[54.486,24.57],[54.417,24.535],[54.499,24.488],[54.486,24.388],[54.383,24.255],[54.323,24.271],[54.123,24.145],[53.854,24.062],[53.581,24.049],[53.437,24.12],[53.254,24.099],[53,24.166],[52.947,24.138],[52.575,24.152],[52.341,24.008],[52.067,23.963],[51.809,24.001],[51.759,24.291],[51.718,24.223],[51.634,24.227],[51.574,24.364],[51.569,24.256],[51.594,24.078],[52.224,23.328],[52.538,22.955],[52.583,22.931],[53.439,22.826],[54.134,22.74],[55.105,22.621],[55.187,22.704],[55.191,22.995],[55.226,23.121],[55.321,23.275],[55.375,23.469],[55.445,23.552],[55.538,23.77],[55.531,23.875],[55.457,23.963],[55.647,24.025],[55.807,24.007],[55.998,24.081],[55.933,24.221],[55.756,24.23],[55.807,24.341],[55.76,24.559],[55.818,24.643],[55.789,24.855],[55.935,24.978],[56.032,24.754],[56.118,24.735],[56.171,24.824],[56.383,24.978],[56.362,25.057],[56.382,25.327],[56.37,25.526],[56.279,25.627]],[[56.261,25.331],[56.344,25.267],[56.236,25.211],[56.261,25.331]]],[[[53.657,24.158],[53.92,24.14],[53.965,24.173],[53.84,24.264],[53.723,24.23],[53.657,24.158]]],[[[52.574,24.344],[52.592,24.253],[52.649,24.31],[52.574,24.344]]],[[[53.323,24.263],[53.428,24.329],[53.362,24.351],[53.187,24.276],[53.323,24.263]]]]},"properties":{"NAME":"United Arab Emirates","ADMIN":"United Arab Emirates","ISO_A2":"AE","ISO_A3":"ARE","CONTINENT":"Asia","SUBREGION":"Western Asia","POP_EST":9770529,"GDP_MD":421142,"LABEL_X":54.547256,"LABEL_Y":23.466285,"ID":"ARE"}},{"type":"Feature","geometry":{"type":"Polygon","coordinates":[[[2.522,51.088],[2.608,50.961],[2.59,50.842],[2.787,50.723],[3.146,50.769],[3.271,50.527],[3.463,50.519],[3.644,50.446],[3.662,50.319],[4.023,50.338],[4.204,50.252],[4.126,50.128],[4.21,50.06],[4.14,49.975],[4.435,49.932],[4.657,49.989],[4.682,50.084],[4.872,50.14],[4.788,49.974],[4.858,49.787],[4.95,49.796],[5.298,49.613],[5.402,49.602],[5.478,49.495],[5.645,49.544],[5.791,49.538],[5.885,49.644],[5.738,49.789],[5.715,49.882],[5.872,50.097],[5.998,50.175],[6.117,50.12],[6.147,50.214],[6.375,50.315],[6.337,50.481],[6.199,50.49],[6.18,50.616],[5.995,50.75],[5.688,50.761],[5.622,50.853],[5.718,50.909],[5.829,51.156],[5.546,51.22],[5.472,51.288],[5.215,51.259],[5.068,51.375],[5.012,51.474],[4.91,51.392],[4.764,51.496],[4.63,51.418],[4.483,51.474],[4.377,51.443],[4.392,51.35],[4.261,51.369],[4.221,51.368],[4.119,51.272],[3.809,51.205],[3.635,51.288],[3.392,51.247],[3.349,51.375],[3.125,51.33],[2.522,51.088]]]},"properties":{"NAME":"Belgium","ADMIN":"Belgium","ISO_A2":"BE","ISO_A3":"BEL","CONTINENT":"Europe","SUBREGION":"Western Europe","POP_EST":11484055,"GDP_MD":533097,"LABEL_X":4.800448,"LABEL_Y":50.785392,"ID":"BEL"}},{"type":"Feature","geometry":{"type":"Polygon","coordinates":[[[39.986,43.389],[40.219,43.319],[40.335,43.141],[40.398,43.162],[40.58,43.089],[40.856,43.063],[40.934,42.983],[41.023,42.99],[41.15,42.796],[41.383,42.757],[41.5,42.641],[41.555,42.39],[41.596,42.349],[41.664,42.114],[41.756,42.006],[41.774,41.822],[41.676,41.662],[41.521,41.514],[41.703,41.489],[41.813,41.422],[41.948,41.506],[42.158,41.5],[42.438,41.431],[42.565,41.567],[42.82,41.572],[42.767,41.504],[42.868,41.5],[43.002,41.383],[43.185,41.294],[43.231,41.173],[43.438,41.156],[43.44,41.107],[43.73,41.107],[43.863,41.159],[44.125,41.178],[44.191,41.23],[44.552,41.177],[44.613,41.223],[44.848,41.209],[44.821,41.273],[45.002,41.29],[45.25,41.445],[45.465,41.43],[45.745,41.329],[45.686,41.296],[45.821,41.209],[45.969,41.168],[46.211,41.2],[46.497,41.045],[46.621,41.115],[46.695,41.27],[46.592,41.373],[46.297,41.51],[46.18,41.655],[46.189,41.74],[46.298,41.751],[46.431,41.89],[46.224,41.993],[45.948,42.023],[45.621,42.224],[45.736,42.448],[45.699,42.508],[45.479,42.542],[45.356,42.52],[45.184,42.675],[45.048,42.686],[44.859,42.76],[44.782,42.617],[44.679,42.724],[44.558,42.753],[44.272,42.702],[44.197,42.629],[44.055,42.615],[43.94,42.552],[43.751,42.599],[43.801,42.746],[43.517,42.86],[43.194,42.927],[42.99,43.053],[43,43.099],[42.752,43.177],[42.596,43.14],[42.423,43.229],[42.185,43.225],[42.075,43.185],[41.551,43.226],[41.381,43.335],[41.012,43.375],[40.652,43.539],[40.48,43.509],[40.233,43.576],[40.059,43.535],[39.986,43.389]]]},"properties":{"NAME":"Georgia","ADMIN":"Georgia","ISO_A2":"GE","ISO_A3":"GEO","CONTINENT":"Asia","SUBREGION":"Western Asia","POP_EST":3720382,"GDP_MD":17477,"LABEL_X":43.735724,"LABEL_Y":41.870087,"ID":"GEO"}},{"type":"Feature","geometry":{"type":"Polygon","coordinates":[[[20.567,41.873],[20.5,41.734],[20.529,41.575],[20.444,41.55],[20.54,41.401],[20.478,41.32],[20.577,41.094],[20.664,41.059],[20.766,40.894],[20.94,40.907],[20.965,40.849],[21.295,40.861],[21.381,40.901],[21.582,40.866],[21.784,40.964],[21.909,41.097],[22.183,41.16],[22.422,41.115],[22.727,41.166],[22.751,41.315],[22.917,41.336],[22.952,41.428],[22.934,41.585],[23.01,41.716],[22.881,41.873],[22.844,42.014],[22.531,42.129],[22.345,42.313],[22.26,42.369],[22.096,42.306],[21.942,42.333],[21.677,42.235],[21.564,42.246],[21.42,42.24],[21.238,42.097],[21.098,42.196],[20.765,42.064],[20.75,41.907],[20.681,41.844],[20.567,41.873]]]},"properties":{"NAME":"North Macedonia","ADMIN":"North Macedonia","ISO_A2":"MK","ISO_A3":"MKD","CONTINENT":"Europe","SUBREGION":"Southern Europe","POP_EST":2083459,"GDP_MD":12547,"LABEL_X":21.555839,"LABEL_Y":41.558223,"ID":"MKD"}},{"type":"Feature","geometry":{"type":"Polygon","coordinates":[[[20.567,41.873],[20.599,41.948],[20.501,42.211],[20.333,42.318],[20.23,42.327],[20.2,42.428],[20.065,42.547],[19.82,42.466],[19.734,42.524],[19.699,42.655],[19.417,42.374],[19.272,42.181],[19.375,42.095],[19.365,41.852],[19.585,41.819],[19.565,41.585],[19.441,41.585],[19.517,41.513],[19.396,41.402],[19.517,41.256],[19.442,41.144],[19.448,41.009],[19.507,40.905],[19.414,40.869],[19.31,40.644],[19.479,40.454],[19.414,40.334],[19.29,40.427],[19.476,40.214],[19.855,40.05],[20.016,39.845],[20,39.694],[20.164,39.644],[20.299,39.728],[20.273,39.796],[20.393,39.835],[20.31,39.99],[20.433,40.064],[20.64,40.09],[20.707,40.288],[20.827,40.465],[20.912,40.46],[21.014,40.549],[21.037,40.64],[20.944,40.765],[20.965,40.849],[20.94,40.907],[20.766,40.894],[20.664,41.059],[20.577,41.094],[20.478,41.32],[20.54,41.401],[20.444,41.55],[20.529,41.575],[20.5,41.734],[20.567,41.873]]]},"properties":{"NAME":"Albania","ADMIN":"Albania","ISO_A2":"AL","ISO_A3":"ALB","CONTINENT":"Europe","SUBREGION":"Southern Europe","POP_EST":2854191,"GDP_MD":15279,"LABEL_X":20.11384,"LABEL_Y":40.654855,"ID":"ALB"}},{"type":"Feature","geometry":{"type":"MultiPolygon","coordinates":[[[[45.002,41.29],[45.052,41.192],[45.201,41.127],[45.068,41.111],[45.222,41.014],[45.419,41.017],[45.416,40.961],[45.599,40.863],[45.556,40.777],[45.374,40.675],[45.526,40.441],[45.979,40.224],[45.874,40.01],[45.64,40.025],[45.611,39.959],[45.764,39.922],[45.862,39.805],[45.979,39.768],[46.206,39.588],[46.344,39.619],[46.527,39.538],[46.375,39.379],[46.495,39.324],[46.603,39.215],[46.418,39.212],[46.479,39.115],[46.514,38.882],[46.745,39.04],[46.866,39.165],[47.02,39.19],[47.102,39.308],[47.291,39.38],[47.374,39.456],[47.554,39.522],[47.847,39.685],[47.957,39.707],[48.052,39.65],[48.339,39.379],[48.125,39.298],[48.142,39.181],[48.307,39.045],[48.243,38.974],[48.059,38.948],[48.013,38.822],[48.21,38.73],[48.31,38.6],[48.415,38.618],[48.608,38.396],[48.778,38.445],[48.874,38.434],[48.868,38.864],[48.953,39.032],[48.968,39.184],[49.136,39.102],[49.079,38.963],[49.194,39.016],[49.237,39.279],[49.409,39.386],[49.296,39.477],[49.318,39.621],[49.424,39.71],[49.423,39.927],[49.484,39.989],[49.443,40.078],[49.577,40.217],[49.778,40.276],[49.893,40.369],[50.004,40.324],[50.148,40.357],[50.274,40.327],[50.388,40.221],[50.361,40.365],[50.238,40.496],[50.052,40.584],[49.859,40.567],[49.59,40.625],[49.511,40.688],[49.539,40.788],[49.382,40.867],[49.195,41.057],[49.136,41.275],[49.042,41.414],[48.655,41.801],[48.579,41.845],[48.37,41.58],[48.202,41.493],[48.054,41.461],[47.871,41.208],[47.744,41.193],[47.376,41.259],[47.268,41.303],[47.231,41.428],[47.107,41.57],[47.027,41.557],[46.907,41.707],[46.769,41.776],[46.741,41.851],[46.587,41.787],[46.526,41.882],[46.431,41.89],[46.298,41.751],[46.189,41.74],[46.18,41.655],[46.297,41.51],[46.592,41.373],[46.695,41.27],[46.621,41.115],[46.497,41.045],[46.211,41.2],[45.969,41.168],[45.821,41.209],[45.686,41.296],[45.745,41.329],[45.465,41.43],[45.25,41.445],[45.002,41.29]]],[[[46.136,38.864],[45.958,39.152],[45.959,39.272],[45.767,39.354],[45.788,39.549],[45.715,39.569],[45.457,39.489],[45.313,39.534],[45.26,39.6],[45.168,39.566],[45.141,39.684],[45.034,39.77],[44.775,39.703],[44.807,39.64],[44.872,39.625],[44.957,39.434],[45.096,39.341],[45.153,39.214],[45.348,39.164],[45.439,39.004],[46.136,38.864]]]]},"properties":{"NAME":"Azerbaijan","ADMIN":"Azerbaijan","ISO_A2":"AZ","ISO_A3":"AZE","CONTINENT":"Asia","SUBREGION":"Western Asia","POP_EST":10023318,"GDP_MD":48047,"LABEL_X":47.210994,"LABEL_Y":40.402387,"ID":"AZE"}},{"type":"Feature","geometry":{"type":"MultiPolygon","coordinates":[[[[43.44,41.107],[43.438,41.156],[43.231,41.173],[43.185,41.294],[43.002,41.383],[42.868,41.5],[42.767,41.504],[42.82,41.572],[42.565,41.567],[42.438,41.431],[42.158,41.5],[41.948,41.506],[41.813,41.422],[41.703,41.489],[41.521,41.514],[41.39,41.379],[41.121,41.286],[41.02,41.224],[40.827,41.198],[40.698,41.098],[40.465,41.05],[40.143,40.923],[39.999,40.982],[39.859,40.964],[39.592,41.025],[39.43,41.112],[39.273,41.05],[39.157,41.078],[38.928,41.043],[38.718,40.955],[38.331,40.918],[37.982,40.99],[37.896,40.982],[37.69,41.14],[37.581,41.037],[37.263,41.148],[37.04,41.182],[36.985,41.295],[36.837,41.351],[36.62,41.375],[36.451,41.24],[36.237,41.359],[36.134,41.462],[36.12,41.628],[35.957,41.736],[35.62,41.633],[35.53,41.634],[35.225,41.762],[35.093,41.947],[35.138,42.02],[34.948,42.099],[34.889,42.008],[34.694,41.946],[34.483,41.975],[34.331,41.948],[34.004,41.983],[33.874,41.974],[33.324,42.019],[32.926,41.882],[32.613,41.84],[32.4,41.742],[32.263,41.72],[32.134,41.599],[32.039,41.576],[31.659,41.398],[31.404,41.316],[31.401,41.202],[31.231,41.092],[30.833,41.08],[30.271,41.211],[30.137,41.144],[29.885,41.149],[29.232,41.241],[29.069,41.153],[29.028,40.982],[29.241,40.883],[29.357,40.762],[29.666,40.784],[29.929,40.758],[29.924,40.716],[29.753,40.725],[29.56,40.691],[29.501,40.729],[29.282,40.666],[28.986,40.645],[28.774,40.523],[29.152,40.434],[28.957,40.363],[28.772,40.403],[28.638,40.365],[28.487,40.4],[28.112,40.396],[27.945,40.366],[27.904,40.4],[28.034,40.474],[27.76,40.537],[27.684,40.502],[27.792,40.393],[27.79,40.32],[27.452,40.322],[27.338,40.37],[27.303,40.458],[27.096,40.452],[27.013,40.392],[26.736,40.404],[26.501,40.213],[26.408,40.194],[26.311,40.019],[26.198,40.009],[26.153,39.943],[26.148,39.626],[26.074,39.475],[26.362,39.481],[26.457,39.521],[26.893,39.584],[26.926,39.486],[26.609,39.275],[26.719,39.263],[26.738,39.197],[26.883,39.072],[26.806,39.034],[26.856,38.918],[27.041,38.94],[27.063,38.887],[26.897,38.817],[26.889,38.734],[26.719,38.721],[26.753,38.618],[26.935,38.435],[27.154,38.459],[27.089,38.402],[26.767,38.364],[26.725,38.433],[26.673,38.307],[26.612,38.416],[26.63,38.519],[26.506,38.653],[26.414,38.679],[26.349,38.621],[26.404,38.488],[26.513,38.433],[26.476,38.367],[26.314,38.337],[26.235,38.274],[26.442,38.212],[26.589,38.108],[26.636,38.204],[26.76,38.217],[26.865,38.04],[26.949,38.067],[27.116,37.994],[27.239,37.988],[27.25,37.744],[27.011,37.666],[27.209,37.597],[27.178,37.467],[27.212,37.357],[27.438,37.391],[27.464,37.252],[27.616,37.275],[27.61,37.2],[27.475,37.093],[27.322,37.124],[27.229,37.062],[27.263,36.963],[27.438,37.028],[27.562,36.973],[27.886,37.026],[28.305,37.051],[28.185,36.939],[28.028,36.926],[28.055,36.809],[27.623,36.802],[27.459,36.756],[27.363,36.685],[27.671,36.658],[27.736,36.761],[27.918,36.74],[28.047,36.763],[28.116,36.719],[27.971,36.693],[28.09,36.644],[27.959,36.603],[27.991,36.56],[28.112,36.604],[28.289,36.743],[28.273,36.852],[28.396,36.789],[28.377,36.854],[28.604,36.816],[28.623,36.699],[28.843,36.638],[28.939,36.751],[29.096,36.665],[29.036,36.545],[29.145,36.349],[29.357,36.236],[29.602,36.207],[29.672,36.123],[29.912,36.217],[30.145,36.254],[30.255,36.308],[30.4,36.248],[30.52,36.342],[30.475,36.402],[30.57,36.528],[30.57,36.781],[30.687,36.891],[30.776,36.85],[30.94,36.857],[31.341,36.809],[31.408,36.763],[31.737,36.642],[31.817,36.59],[32.026,36.543],[32.365,36.178],[32.671,36.047],[32.804,36.027],[32.941,36.104],[33.088,36.083],[33.134,36.132],[33.552,36.128],[33.647,36.193],[33.685,36.143],[33.871,36.315],[33.959,36.214],[34.078,36.329],[34.077,36.414],[34.276,36.587],[34.555,36.768],[34.771,36.816],[35.348,36.544],[35.513,36.613],[35.631,36.607],[35.684,36.765],[35.805,36.775],[36.02,36.926],[36.189,36.802],[36.189,36.604],[35.919,36.448],[35.789,36.32],[35.975,36.019],[35.911,35.918],[36.138,35.82],[36.197,35.952],[36.358,35.994],[36.373,36.228],[36.664,36.229],[36.588,36.325],[36.535,36.494],[36.603,36.747],[36.659,36.828],[36.965,36.754],[37.015,36.642],[37.242,36.659],[37.446,36.634],[37.654,36.732],[37.82,36.761],[38.19,36.906],[38.529,36.834],[38.664,36.72],[38.795,36.687],[39.032,36.701],[39.24,36.661],[39.765,36.742],[40.19,36.884],[40.394,36.994],[40.709,37.1],[40.896,37.123],[41.201,37.065],[41.48,37.076],[42.009,37.176],[42.211,37.325],[42.353,37.227],[42.357,37.11],[42.561,37.147],[42.722,37.359],[42.937,37.32],[43.084,37.369],[43.336,37.32],[43.48,37.243],[43.894,37.225],[43.99,37.313],[44.223,37.254],[44.24,37.158],[44.18,37.088],[44.234,36.984],[44.307,36.977],[44.578,37.166],[44.766,37.142],[44.802,37.293],[44.566,37.447],[44.596,37.716],[44.45,37.767],[44.378,37.854],[44.22,37.875],[44.221,37.969],[44.361,38.148],[44.372,38.25],[44.459,38.322],[44.425,38.377],[44.29,38.382],[44.297,38.622],[44.244,38.659],[44.275,38.844],[44.139,38.994],[44.187,39.145],[44.078,39.2],[44.061,39.4],[44.27,39.383],[44.405,39.434],[44.459,39.698],[44.566,39.766],[44.807,39.64],[44.775,39.703],[44.464,39.972],[44.255,40.043],[44.032,40.009],[43.665,40.11],[43.721,40.169],[43.594,40.345],[43.564,40.465],[43.653,40.529],[43.729,40.677],[43.711,40.782],[43.605,40.963],[43.46,41.023],[43.44,41.107]]],[[[28.017,41.973],[27.808,41.993],[27.79,41.943],[27.609,41.953],[27.546,41.901],[27.273,42.092],[27.174,42.057],[27.023,42.074],[26.939,41.996],[26.547,41.927],[26.526,41.824],[26.376,41.817],[26.333,41.713],[26.595,41.612],[26.637,41.378],[26.332,41.254],[26.317,41.122],[26.359,40.965],[26.226,40.899],[26.135,40.767],[26.044,40.738],[26.077,40.612],[26.506,40.599],[26.79,40.661],[26.829,40.602],[26.67,40.511],[26.596,40.51],[26.21,40.322],[26.26,40.194],[26.157,40.055],[26.376,40.154],[26.346,40.2],[26.617,40.36],[26.683,40.455],[27.048,40.612],[27.178,40.633],[27.425,40.831],[27.524,40.989],[27.738,41.013],[27.959,40.975],[28.013,41.041],[28.237,41.085],[28.595,40.978],[28.822,40.962],[28.982,41.002],[29.109,41.235],[28.908,41.267],[28.384,41.447],[28.233,41.519],[28.083,41.645],[27.972,41.822],[28.045,41.89],[28.017,41.973]]],[[[26.012,40.167],[25.913,40.241],[25.759,40.207],[25.663,40.126],[25.766,40.097],[26.012,40.167]]],[[[27.658,40.653],[27.526,40.639],[27.605,40.577],[27.658,40.653]]]]},"properties":{"NAME":"Turkey","ADMIN":"Turkey","ISO_A2":"TR","ISO_A3":"TUR","CONTINENT":"Asia","SUBREGION":"Western Asia","POP_EST":83429615,"GDP_MD":761425,"LABEL_X":34.508268,"LABEL_Y":39.345388,"ID":"TUR"}},{"type":"Feature","geometry":{"type":"MultiPolygon","coordinates":[[[[-5.341,35.847],[-5.292,35.891],[-5.399,35.925],[-5.341,35.847]]],[[[-1.794,43.386],[-2.128,43.287],[-2.367,43.316],[-2.756,43.45],[-2.93,43.438],[-3.09,43.367],[-3.502,43.431],[-3.437,43.47],[-3.554,43.517],[-3.756,43.472],[-3.923,43.483],[-4.029,43.438],[-4.386,43.384],[-4.735,43.417],[-4.953,43.47],[-5.178,43.489],[-5.424,43.561],[-5.709,43.569],[-5.852,43.663],[-5.907,43.588],[-6.069,43.57],[-6.223,43.596],[-6.51,43.547],[-6.649,43.579],[-7.032,43.553],[-7.23,43.569],[-7.367,43.68],[-7.641,43.753],[-7.847,43.712],[-7.881,43.763],[-8.059,43.709],[-8.087,43.656],[-8.313,43.567],[-8.333,43.472],[-8.205,43.4],[-8.202,43.329],[-8.331,43.406],[-8.558,43.313],[-8.693,43.293],[-8.841,43.339],[-8.988,43.283],[-8.959,43.227],[-9.138,43.202],[-9.28,43.055],[-9.292,42.923],[-9.135,42.918],[-9.135,42.813],[-8.922,42.788],[-9.03,42.708],[-9.071,42.596],[-9.012,42.531],[-8.785,42.641],[-8.868,42.415],[-8.663,42.427],[-8.868,42.256],[-8.625,42.302],[-8.772,42.222],[-8.899,42.102],[-8.865,41.889],[-8.751,41.969],[-8.627,42.051],[-8.347,42.102],[-8.222,42.154],[-8.191,42.062],[-8.095,42.041],[-8.232,41.886],[-8.18,41.811],[-8.049,41.816],[-7.722,41.899],[-7.622,41.832],[-7.251,41.864],[-7.145,41.987],[-6.568,41.926],[-6.524,41.867],[-6.577,41.74],[-6.272,41.628],[-6.206,41.57],[-6.321,41.42],[-6.496,41.295],[-6.647,41.268],[-6.818,41.054],[-6.942,41.016],[-6.837,40.84],[-6.814,40.647],[-6.857,40.442],[-6.794,40.356],[-6.896,40.255],[-7.043,40.181],[-6.88,40.009],[-6.924,39.872],[-7.036,39.689],[-7.557,39.68],[-7.516,39.594],[-7.314,39.457],[-7.327,39.341],[-7.167,39.113],[-7.039,39.109],[-6.973,39.014],[-7.056,38.855],[-7.27,38.738],[-7.359,38.446],[-7.167,38.272],[-7.104,38.174],[-6.948,38.197],[-7.024,38.023],[-7.123,38.04],[-7.273,37.977],[-7.334,37.812],[-7.426,37.751],[-7.53,37.567],[-7.476,37.494],[-7.414,37.193],[-7.086,37.206],[-6.893,37.167],[-6.5,36.96],[-6.388,36.808],[-6.433,36.751],[-6.395,36.637],[-6.235,36.576],[-6.231,36.473],[-6.159,36.304],[-6.037,36.19],[-5.917,36.184],[-5.796,36.086],[-5.612,36.006],[-5.446,36.057],[-5.425,36.18],[-5.334,36.188],[-5.187,36.411],[-4.903,36.507],[-4.723,36.493],[-4.525,36.581],[-4.433,36.711],[-4.225,36.712],[-4.057,36.748],[-3.601,36.743],[-3.415,36.696],[-3.33,36.745],[-2.933,36.752],[-2.757,36.68],[-2.659,36.695],[-2.577,36.811],[-2.362,36.837],[-2.204,36.737],[-2.127,36.736],[-2.003,36.887],[-1.899,36.95],[-1.813,37.207],[-1.671,37.363],[-1.488,37.433],[-1.471,37.482],[-1.243,37.579],[-1.106,37.532],[-1.07,37.583],[-0.925,37.556],[-0.705,37.62],[-0.853,37.724],[-0.718,37.943],[-0.655,37.989],[-0.609,38.178],[-0.504,38.207],[-0.51,38.338],[-0.414,38.365],[-0.345,38.462],[-0.09,38.535],[-0.015,38.624],[0.228,38.735],[0.111,38.85],[-0.01,38.87],[-0.121,38.951],[-0.21,39.079],[-0.215,39.182],[-0.301,39.322],[-0.323,39.516],[-0.194,39.715],[0.066,40.032],[0.351,40.285],[0.6,40.614],[0.848,40.675],[0.874,40.728],[0.714,40.815],[0.99,41.04],[1.184,41.063],[1.218,41.105],[1.539,41.187],[2.06,41.275],[2.297,41.465],[2.933,41.712],[3.15,41.845],[3.236,41.966],[3.214,42.068],[3.122,42.14],[3.152,42.257],[3.263,42.24],[3.318,42.323],[3.204,42.34],[3.181,42.431],[2.934,42.47],[2.64,42.373],[2.465,42.341],[2.277,42.429],[2.137,42.416],[2.052,42.352],[1.927,42.437],[1.707,42.503],[1.508,42.429],[1.408,42.487],[1.429,42.595],[1.319,42.713],[1.134,42.716],[1.068,42.776],[0.656,42.838],[0.644,42.684],[0.275,42.669],[0.169,42.726],[-0.039,42.685],[-0.161,42.795],[-0.323,42.843],[-0.424,42.791],[-0.583,42.796],[-0.73,42.878],[-0.76,42.947],[-0.981,42.957],[-1.275,43.047],[-1.383,43.029],[-1.488,43.082],[-1.404,43.243],[-1.747,43.291],[-1.794,43.386]]],[[[-17.934,27.852],[-18.16,27.722],[-17.979,27.643],[-17.879,27.815],[-17.934,27.852]]],[[[-15.392,28.03],[-15.435,28.141],[-15.706,28.167],[-15.725,28.057],[-15.816,27.996],[-15.786,27.844],[-15.686,27.763],[-15.578,27.734],[-15.378,27.852],[-15.392,28.03]]],[[[-17.31,28.207],[-17.343,28.098],[-17.233,28.019],[-17.098,28.101],[-17.213,28.205],[-17.31,28.207]]],[[[-16.428,28.15],[-16.356,28.381],[-16.127,28.544],[-16.141,28.583],[-16.408,28.52],[-16.507,28.424],[-16.916,28.355],[-16.837,28.209],[-16.676,27.997],[-16.546,28.024],[-16.428,28.15]]],[[[-13.973,28.736],[-14.036,28.587],[-14.146,28.423],[-14.214,28.235],[-14.27,28.176],[-14.495,28.068],[-14.301,28.068],[-14.212,28.161],[-13.967,28.228],[-13.848,28.397],[-13.836,28.715],[-13.973,28.736]]],[[[-17.756,28.819],[-17.911,28.856],[-18.002,28.75],[-17.831,28.455],[-17.721,28.731],[-17.756,28.819]]],[[[-13.483,29.24],[-13.526,29.15],[-13.751,29.081],[-13.832,29],[-13.86,28.859],[-13.775,28.84],[-13.709,28.915],[-13.482,28.999],[-13.418,29.209],[-13.483,29.24]]],[[[1.526,38.678],[1.431,38.755],[1.383,38.642],[1.526,38.678]]],[[[1.606,39.091],[1.537,39.118],[1.357,39.078],[1.212,38.903],[1.403,38.832],[1.415,38.891],[1.623,39.029],[1.606,39.091]]],[[[3.355,39.784],[3.163,39.769],[3.095,39.881],[3.179,39.969],[2.933,39.914],[2.704,39.814],[2.57,39.713],[2.358,39.612],[2.392,39.524],[2.493,39.47],[2.655,39.565],[2.755,39.503],[2.762,39.4],[2.959,39.363],[3.061,39.269],[3.221,39.36],[3.406,39.592],[3.474,39.75],[3.355,39.784]]],[[[4.303,39.926],[4.105,40.079],[3.822,40.048],[3.831,39.936],[4.015,39.926],[4.248,39.816],[4.303,39.926]]]]},"properties":{"NAME":"Spain","ADMIN":"Spain","ISO_A2":"ES","ISO_A3":"ESP","CONTINENT":"Europe","SUBREGION":"Southern Europe","POP_EST":47076781,"GDP_MD":1393490,"LABEL_X":-3.464718,"LABEL_Y":40.090953,"ID":"ESP"}},{"type":"Feature","geometry":{"type":"Polygon","coordinates":[[[102.119,22.398],[102.015,22.446],[101.892,22.43],[101.868,22.379],[101.785,22.472],[101.655,22.446],[101.606,22.285],[101.518,22.228],[101.607,21.968],[101.751,21.816],[101.729,21.718],[101.804,21.626],[101.735,21.554],[101.723,21.304],[101.812,21.258],[101.718,21.134],[101.584,21.224],[101.495,21.243],[101.275,21.174],[101.209,21.246],[101.235,21.364],[101.171,21.403],[101.159,21.553],[101.003,21.406],[100.792,21.297],[100.725,21.312],[100.638,21.07],[100.543,21.027],[100.516,20.886],[100.652,20.877],[100.537,20.808],[100.384,20.832],[100.211,20.697],[100.149,20.548],[100.099,20.318],[100.103,20.264],[100.307,20.4],[100.364,20.369],[100.461,20.191],[100.549,20.158],[100.474,19.865],[100.384,19.764],[100.462,19.537],[100.567,19.496],[100.607,19.541],[100.753,19.482],[100.875,19.613],[101.125,19.565],[101.246,19.57],[101.193,19.453],[101.229,19.144],[101.318,19.05],[101.233,18.893],[101.211,18.712],[101.24,18.674],[101.03,18.428],[101.155,18.323],[101.165,18.053],[101.008,17.895],[100.933,17.655],[100.886,17.596],[101.132,17.462],[101.402,17.734],[101.468,17.72],[101.578,17.868],[101.729,17.912],[101.79,18.074],[101.904,18.037],[102.079,18.214],[102.172,18.2],[102.307,18.051],[102.412,17.994],[102.568,17.971],[102.596,17.85],[102.668,17.85],[102.939,18.009],[103.038,17.991],[103.08,18.135],[103.185,18.258],[103.29,18.305],[103.261,18.4],[103.387,18.441],[103.607,18.4],[103.886,18.287],[104,18.318],[104.111,18.115],[104.211,18.009],[104.288,17.857],[104.353,17.819],[104.481,17.64],[104.715,17.515],[104.816,17.373],[104.81,17.172],[104.745,17.025],[104.778,16.716],[104.755,16.529],[104.869,16.438],[104.908,16.353],[105.015,16.277],[105.042,16.141],[105.237,16.051],[105.405,16.019],[105.361,15.919],[105.448,15.765],[105.613,15.721],[105.651,15.635],[105.588,15.424],[105.486,15.375],[105.564,15.273],[105.454,15.176],[105.452,15.095],[105.593,14.991],[105.534,14.934],[105.489,14.786],[105.51,14.594],[105.416,14.428],[105.184,14.346],[105.257,14.182],[105.338,14.11],[105.533,14.164],[105.617,14.103],[105.744,14.087],[105.787,14.01],[105.925,13.917],[106.049,13.915],[106.145,14.072],[106.012,14.226],[105.974,14.366],[106.154,14.368],[106.23,14.49],[106.32,14.444],[106.419,14.466],[106.512,14.59],[106.605,14.467],[106.707,14.429],[106.793,14.323],[106.946,14.324],[107.03,14.436],[107.079,14.401],[107.211,14.493],[107.287,14.599],[107.415,14.543],[107.52,14.705],[107.491,14.804],[107.558,14.887],[107.462,14.957],[107.446,15.025],[107.578,15.047],[107.657,15.206],[107.658,15.282],[107.573,15.411],[107.494,15.42],[107.448,15.508],[107.369,15.496],[107.16,15.759],[107.175,15.849],[107.361,15.912],[107.445,16.01],[107.436,16.069],[107.299,16.064],[107.154,16.166],[107.117,16.255],[106.967,16.3],[106.86,16.412],[106.823,16.531],[106.753,16.429],[106.655,16.471],[106.64,16.587],[106.535,16.684],[106.533,16.973],[106.42,16.989],[106.306,17.177],[106.285,17.285],[106.185,17.257],[106.019,17.394],[105.846,17.598],[105.735,17.664],[105.594,17.888],[105.606,17.964],[105.451,18.193],[105.368,18.15],[105.157,18.32],[105.08,18.454],[105.169,18.631],[105.113,18.698],[104.937,18.731],[104.899,18.771],[104.722,18.792],[104.481,18.978],[104.037,19.23],[103.973,19.225],[103.848,19.3],[104.09,19.484],[104.017,19.6],[104.022,19.681],[104.089,19.652],[104.229,19.706],[104.295,19.655],[104.38,19.685],[104.506,19.603],[104.623,19.618],[104.655,19.698],[104.805,19.791],[104.761,19.861],[104.874,19.983],[104.936,19.984],[104.957,20.092],[104.819,20.221],[104.657,20.213],[104.681,20.341],[104.576,20.414],[104.36,20.44],[104.445,20.535],[104.543,20.536],[104.601,20.661],[104.389,20.771],[104.295,20.88],[104.057,20.959],[104.011,20.908],[103.776,20.835],[103.759,20.75],[103.665,20.658],[103.497,20.748],[103.427,20.821],[103.364,20.788],[103.115,20.868],[103.015,21.041],[102.952,21.069],[102.888,21.227],[102.801,21.255],[102.875,21.305],[102.904,21.453],[102.974,21.575],[102.948,21.737],[102.835,21.716],[102.826,21.821],[102.721,21.662],[102.651,21.658],[102.591,21.901],[102.478,21.958],[102.483,22.021],[102.226,22.228],[102.119,22.398]]]},"properties":{"NAME":"Laos","ADMIN":"Laos","ISO_A2":"LA","ISO_A3":"LAO","CONTINENT":"Asia","SUBREGION":"South-Eastern Asia","POP_EST":7169455,"GDP_MD":18173,"LABEL_X":102.533912,"LABEL_Y":19.431821,"ID":"LAO"}},{"type":"Feature","geometry":{"type":"Polygon","coordinates":[[[80.21,42.19],[79.918,42.424],[79.696,42.46],[79.426,42.47],[79.353,42.577],[79.242,42.63],[79.148,42.791],[79.031,42.756],[78.687,42.805],[78.496,42.876],[78.031,42.855],[77.907,42.891],[77.403,42.92],[77.195,42.91],[76.957,42.989],[76.689,42.91],[76.432,42.89],[76.065,42.934],[75.771,42.926],[75.646,42.806],[75.179,42.85],[74.863,42.976],[74.714,43],[74.558,43.115],[74.179,43.262],[74.197,43.196],[73.965,43.217],[73.902,43.131],[73.634,43.062],[73.493,42.895],[73.504,42.794],[73.41,42.59],[73.506,42.421],[73.326,42.429],[73.317,42.494],[73.115,42.551],[72.841,42.556],[72.726,42.653],[72.477,42.683],[72.292,42.761],[72.105,42.75],[71.848,42.834],[71.584,42.76],[71.405,42.795],[71.149,42.678],[71.127,42.591],[71.003,42.564],[71.064,42.47],[70.977,42.479],[70.853,42.306],[70.948,42.248],[71.078,42.281],[71.253,42.198],[70.977,42.044],[70.845,42.03],[70.825,41.936],[70.55,41.824],[70.454,41.712],[70.169,41.578],[70.203,41.506],[70.344,41.494],[70.477,41.405],[70.634,41.467],[70.76,41.373],[70.77,41.239],[71.025,41.19],[71.18,41.108],[71.23,41.187],[71.289,41.114],[71.421,41.162],[71.413,41.335],[71.524,41.297],[71.637,41.431],[71.595,41.494],[71.684,41.534],[71.671,41.438],[71.753,41.447],[71.863,41.312],[71.872,41.194],[72.034,41.157],[72.17,41.169],[72.165,40.999],[72.374,41.032],[72.477,41.012],[72.619,40.88],[73.003,40.87],[73.143,40.834],[73.118,40.783],[72.784,40.67],[72.748,40.575],[72.586,40.509],[72.352,40.602],[72.426,40.459],[72.37,40.386],[72.236,40.46],[72.099,40.426],[71.957,40.316],[72.019,40.24],[71.836,40.249],[71.673,40.148],[71.593,40.198],[71.24,40.321],[71.201,40.264],[70.959,40.238],[70.963,40.19],[70.792,40.161],[70.639,40.085],[70.597,39.962],[70.448,39.92],[70.525,40.034],[70.306,40.085],[69.97,40.212],[69.575,40.104],[69.47,40.051],[69.502,39.922],[69.405,39.896],[69.314,39.987],[69.226,39.751],[69.291,39.659],[69.3,39.516],[69.669,39.578],[69.83,39.536],[70.149,39.554],[70.206,39.524],[70.46,39.6],[70.622,39.564],[70.698,39.419],[70.798,39.385],[71.009,39.408],[71.063,39.496],[71.237,39.514],[71.46,39.612],[71.525,39.569],[71.513,39.459],[71.74,39.448],[71.733,39.285],[71.844,39.285],[72.05,39.369],[72.095,39.275],[72.24,39.19],[72.316,39.329],[72.65,39.394],[72.835,39.356],[73.136,39.353],[73.326,39.391],[73.368,39.444],[73.633,39.448],[73.821,39.468],[73.927,39.593],[73.823,39.806],[74.004,40.061],[74.168,40.106],[74.37,40.106],[74.706,40.331],[74.862,40.326],[74.787,40.421],[74.835,40.512],[75.039,40.441],[75.194,40.441],[75.482,40.614],[75.588,40.612],[75.667,40.45],[75.682,40.292],[75.921,40.309],[76.076,40.392],[76.151,40.368],[76.244,40.441],[76.314,40.343],[76.449,40.416],[76.624,40.628],[76.631,40.729],[76.771,40.867],[76.767,40.945],[76.861,41.013],[77.008,41.044],[77.119,41.012],[77.333,41.021],[77.475,40.982],[77.666,41.001],[77.867,41.064],[78.075,41.04],[78.36,41.287],[78.36,41.378],[78.619,41.478],[78.672,41.538],[78.976,41.642],[79.304,41.788],[79.411,41.779],[79.611,41.868],[79.748,41.88],[79.843,42.002],[80.182,42.021],[80.257,42.084],[80.21,42.19]],[[71.786,39.99],[71.742,39.901],[71.666,39.94],[71.786,39.99]],[[71.177,40.042],[71.221,39.932],[71.114,39.874],[71.008,39.911],[71.05,39.963],[70.953,40.079],[70.977,40.145],[71.177,40.042]],[[70.499,39.882],[70.705,39.822],[70.582,39.767],[70.499,39.882]]]},"properties":{"NAME":"Kyrgyzstan","ADMIN":"Kyrgyzstan","ISO_A2":"KG","ISO_A3":"KGZ","CONTINENT":"Asia","SUBREGION":"Central Asia","POP_EST":6456900,"GDP_MD":8454,"LABEL_X":74.532637,"LABEL_Y":41.66854,"ID":"KGZ"}},{"type":"Feature","geometry":{"type":"Polygon","coordinates":[[[45.002,41.29],[44.821,41.273],[44.848,41.209],[44.613,41.223],[44.552,41.177],[44.191,41.23],[44.125,41.178],[43.863,41.159],[43.73,41.107],[43.44,41.107],[43.46,41.023],[43.605,40.963],[43.711,40.782],[43.729,40.677],[43.653,40.529],[43.564,40.465],[43.594,40.345],[43.721,40.169],[43.665,40.11],[44.032,40.009],[44.255,40.043],[44.464,39.972],[44.775,39.703],[45.034,39.77],[45.141,39.684],[45.168,39.566],[45.26,39.6],[45.313,39.534],[45.457,39.489],[45.715,39.569],[45.788,39.549],[45.767,39.354],[45.959,39.272],[45.958,39.152],[46.136,38.864],[46.392,38.922],[46.514,38.882],[46.479,39.115],[46.418,39.212],[46.603,39.215],[46.495,39.324],[46.375,39.379],[46.527,39.538],[46.344,39.619],[46.206,39.588],[45.979,39.768],[45.862,39.805],[45.764,39.922],[45.611,39.959],[45.64,40.025],[45.874,40.01],[45.979,40.224],[45.526,40.441],[45.374,40.675],[45.556,40.777],[45.599,40.863],[45.416,40.961],[45.419,41.017],[45.222,41.014],[45.068,41.111],[45.201,41.127],[45.052,41.192],[45.002,41.29]]]},"properties":{"NAME":"Armenia","ADMIN":"Armenia","ISO_A2":"AM","ISO_A3":"ARM","CONTINENT":"Asia","SUBREGION":"Western Asia","POP_EST":2957731,"GDP_MD":13672,"LABEL_X":44.800564,"LABEL_Y":40.459077,"ID":"ARM"}},{"type":"Feature","geometry":{"type":"MultiPolygon","coordinates":[[[[8.661,54.896],[8.824,54.906],[9.195,54.85],[9.226,54.806],[9.438,54.81],[9.587,54.928],[9.746,54.836],[9.739,54.981],[9.58,55.051],[9.494,55.161],[9.71,55.249],[9.587,55.427],[9.66,55.478],[9.498,55.489],[9.707,55.537],[9.854,55.627],[9.792,55.674],[10.06,55.749],[10.046,55.814],[9.893,55.836],[10.245,55.915],[10.273,56.025],[10.22,56.148],[10.403,56.298],[10.505,56.278],[10.468,56.177],[10.531,56.1],[10.629,56.238],[10.75,56.216],[10.912,56.334],[10.964,56.448],[10.789,56.536],[10.552,56.516],[10.361,56.562],[10.266,56.908],[10.447,57.185],[10.539,57.237],[10.547,57.435],[10.43,57.571],[10.596,57.751],[10.198,57.601],[9.967,57.591],[9.788,57.459],[9.573,57.243],[9.412,57.165],[9.231,57.141],[8.98,57.161],[8.784,57.105],[8.618,57.123],[8.27,56.843],[8.244,56.777],[8.539,56.593],[8.608,56.631],[8.484,56.781],[8.68,56.953],[9.115,57.059],[9.265,57.003],[9.788,57.104],[9.916,57.059],[9.689,57.039],[9.618,56.975],[9.437,57.024],[9.289,56.997],[9.163,56.894],[9.291,56.704],[9.276,56.633],[9.05,56.62],[9.176,56.709],[9.106,56.8],[8.956,56.803],[8.741,56.635],[8.727,56.483],[8.566,56.579],[8.312,56.579],[8.179,56.672],[8.122,56.552],[8.134,56.205],[8.106,56.119],[8.282,56.076],[8.388,55.893],[8.194,55.812],[8.094,55.564],[8.244,55.517],[8.31,55.563],[8.442,55.464],[8.618,55.438],[8.689,55.142],[8.47,55.178],[8.484,55.068],[8.576,55.144],[8.682,55.133],[8.661,54.896]]],[[[11.845,54.732],[11.649,54.914],[11.595,54.811],[11.232,54.961],[11.074,54.948],[11.108,54.832],[10.999,54.787],[11.474,54.626],[11.611,54.666],[11.811,54.655],[11.845,54.732]]],[[[10.45,54.9],[10.211,54.939],[10.383,54.831],[10.45,54.9]]],[[[12.417,55.03],[12.28,55.064],[12.287,54.989],[12.129,54.954],[12.227,54.893],[12.314,54.951],[12.503,54.948],[12.417,55.03]]],[[[10.011,54.976],[9.793,55.081],[9.628,55.058],[9.799,55.017],[9.815,54.901],[9.968,54.86],[10.065,54.891],[10.011,54.976]]],[[[10.855,55.044],[10.641,54.843],[10.731,54.74],[10.909,55.03],[10.855,55.044]]],[[[15.151,55.133],[14.761,55.309],[14.684,55.101],[14.781,55.051],[15.073,54.992],[15.151,55.133]]],[[[10.666,55.064],[10.734,55.072],[10.815,55.214],[10.797,55.359],[10.657,55.46],[10.738,55.509],[10.609,55.613],[10.605,55.489],[10.472,55.443],[10.489,55.545],[10.294,55.616],[9.888,55.509],[9.755,55.544],[9.676,55.496],[9.885,55.349],[9.884,55.253],[10.205,55.094],[10.538,55.03],[10.666,55.064]]],[[[12.616,55.688],[12.52,55.619],[12.556,55.55],[12.674,55.606],[12.616,55.688]]],[[[12.04,54.893],[11.91,55.01],[12.149,54.994],[12.169,55.128],[12.081,55.147],[12.183,55.227],[12.392,55.255],[12.445,55.349],[12.225,55.435],[12.248,55.546],[12.465,55.606],[12.602,55.709],[12.513,55.921],[12.622,56.044],[12.486,56.099],[12.245,56.129],[11.866,55.973],[12.026,55.941],[12.095,55.729],[12.06,55.654],[11.998,55.903],[11.869,55.805],[11.811,55.679],[11.663,55.907],[11.768,55.971],[11.477,55.941],[11.478,55.842],[11.252,55.729],[10.96,55.724],[11.148,55.557],[11.204,55.392],[11.088,55.366],[11.242,55.279],[11.261,55.201],[11.423,55.222],[11.649,55.181],[11.883,54.976],[11.75,54.966],[11.75,54.873],[11.91,54.722],[11.869,54.66],[11.969,54.57],[11.961,54.694],[12.17,54.838],[12.04,54.893]]],[[[8.826,56.744],[8.836,56.869],[8.92,56.92],[8.648,56.891],[8.545,56.791],[8.648,56.681],[8.826,56.744]]],[[[11.142,57.332],[10.855,57.265],[11.029,57.202],[11.142,57.332]]]]},"properties":{"NAME":"Denmark","ADMIN":"Denmark","ISO_A2":"DK","ISO_A3":"DNK","CONTINENT":"Europe","SUBREGION":"Northern Europe","POP_EST":5818553,"GDP_MD":350104,"LABEL_X":9.018163,"LABEL_Y":55.966965,"ID":"DNK"}},{"type":"Feature","geometry":{"type":"Polygon","coordinates":[[[11.505,33.181],[11.457,32.902],[11.45,32.638],[11.564,32.465],[11.444,32.368],[10.873,32.137],[10.806,32.032],[10.606,31.954],[10.585,31.84],[10.514,31.757],[10.264,31.68],[10.117,31.494],[10.108,31.412],[10.245,31.078],[10.27,30.916],[10.192,30.731],[9.871,30.355],[9.743,30.331],[9.52,30.229],[9.287,30.117],[9.55,29.802],[9.668,29.608],[9.826,29.129],[9.851,28.786],[9.777,28.268],[9.936,27.867],[9.863,27.619],[9.794,27.57],[9.822,27.506],[9.721,27.292],[9.826,26.921],[9.911,26.843],[9.896,26.653],[9.836,26.504],[9.483,26.353],[9.378,26.169],[9.401,26.113],[9.97,25.395],[10.021,25.268],[10.032,24.856],[10.193,24.75],[10.26,24.577],[10.392,24.48],[10.721,24.552],[11.509,24.314],[11.567,24.267],[11.969,23.517],[12.851,23.32],[13.482,23.18],[13.6,23.119],[14.202,22.623],[14.232,22.618],[14.98,22.996],[15.965,23.442],[15.985,23.445],[16.694,23.095],[17.435,22.729],[18.176,22.363],[19.164,21.875],[19.905,21.509],[20.523,21.204],[21.634,20.655],[22.252,20.35],[23.24,19.862],[23.981,19.496],[23.981,19.995],[24.968,19.995],[24.981,20.002],[24.981,20.5],[24.981,21.372],[24.981,21.995],[24.981,22.871],[24.981,23.746],[24.981,24.622],[24.981,25.205],[24.981,26.081],[24.981,26.665],[24.981,27.667],[24.981,28.492],[24.981,29.181],[24.874,29.468],[24.871,29.638],[24.805,29.755],[24.812,29.891],[24.688,30.144],[24.772,30.331],[24.908,30.499],[24.995,30.785],[24.89,31.019],[24.859,31.146],[24.861,31.38],[25.024,31.494],[25.151,31.656],[25.022,31.855],[24.982,31.968],[24.67,32.032],[24.546,31.991],[24.091,32.006],[23.999,32.094],[23.67,32.183],[23.405,32.191],[23.244,32.221],[23.096,32.324],[23.086,32.646],[22.514,32.791],[22.379,32.87],[22.207,32.888],[22.15,32.948],[21.877,32.903],[21.716,32.95],[21.609,32.931],[21.455,32.813],[21.287,32.771],[21.097,32.781],[20.797,32.643],[20.563,32.558],[20.262,32.34],[20.072,32.176],[19.94,31.958],[19.921,31.718],[20.022,31.397],[20.147,31.217],[20.147,31.046],[20.036,30.819],[19.749,30.511],[19.616,30.421],[19.339,30.299],[19.057,30.266],[18.926,30.293],[18.653,30.422],[18.324,30.657],[18.175,30.786],[17.927,30.855],[17.849,30.924],[17.467,31.03],[17.366,31.087],[17.16,31.119],[16.728,31.224],[16.359,31.227],[16.045,31.276],[15.761,31.388],[15.623,31.497],[15.49,31.665],[15.37,31.929],[15.37,32.159],[15.283,32.317],[15.196,32.39],[14.911,32.444],[14.727,32.451],[14.469,32.519],[14.176,32.718],[13.787,32.8],[13.571,32.803],[13.352,32.904],[13.165,32.913],[13.074,32.866],[12.73,32.799],[12.348,32.833],[12.122,32.921],[11.847,33.083],[11.636,33.109],[11.505,33.181]]]},"properties":{"NAME":"Libya","ADMIN":"Libya","ISO_A2":"LY","ISO_A3":"LBY","CONTINENT":"Africa","SUBREGION":"Northern Africa","POP_EST":6777452,"GDP_MD":52091,"LABEL_X":18.011015,"LABEL_Y":26.638944,"ID":"LBY"}},{"type":"Feature","geometry":{"type":"MultiPolygon","coordinates":[[[[11.505,33.181],[11.18,33.211],[11.171,33.332],[11.09,33.454],[11.108,33.55],[10.978,33.643],[10.909,33.54],[10.717,33.484],[10.674,33.546],[10.737,33.603],[10.717,33.707],[10.489,33.647],[10.33,33.703],[10.163,33.836],[10.049,33.983],[10.005,34.171],[10.127,34.326],[10.288,34.414],[10.379,34.423],[10.432,34.496],[10.597,34.545],[10.916,34.874],[10.918,34.957],[11.161,35.238],[11.042,35.334],[11.055,35.614],[10.841,35.699],[10.841,35.767],[10.744,35.77],[10.609,35.856],[10.48,36.079],[10.519,36.337],[10.8,36.452],[11.022,36.788],[11.136,36.871],[11.051,37.08],[10.893,37.039],[10.733,36.896],[10.567,36.863],[10.538,36.772],[10.437,36.729],[10.32,36.749],[10.272,36.816],[10.347,36.88],[10.22,36.977],[10.174,37.076],[10.272,37.179],[10.051,37.267],[9.882,37.264],[9.925,37.213],[9.808,37.155],[9.772,37.213],[9.859,37.329],[9.666,37.335],[9.343,37.235],[9.211,37.234],[8.988,37.117],[8.802,36.973],[8.603,36.94],[8.643,36.849],[8.407,36.768],[8.462,36.733],[8.408,36.643],[8.17,36.526],[8.168,36.491],[8.349,36.449],[8.317,36.146],[8.241,35.828],[8.324,35.652],[8.337,35.508],[8.29,35.403],[8.317,35.289],[8.431,35.242],[8.314,35.103],[8.249,34.902],[8.269,34.764],[8.236,34.648],[8.094,34.53],[7.832,34.414],[7.774,34.261],[7.631,34.199],[7.517,34.095],[7.48,33.894],[7.553,33.659],[7.693,33.454],[7.751,33.208],[8.087,33.094],[8.283,32.836],[8.32,32.561],[8.36,32.501],[9.02,32.105],[9.045,32.072],[9.264,31.219],[9.52,30.229],[9.743,30.331],[9.871,30.355],[10.192,30.731],[10.27,30.916],[10.245,31.078],[10.108,31.412],[10.117,31.494],[10.264,31.68],[10.514,31.757],[10.585,31.84],[10.606,31.954],[10.806,32.032],[10.873,32.137],[11.444,32.368],[11.564,32.465],[11.45,32.638],[11.457,32.902],[11.505,33.181]]],[[[10.991,33.842],[10.736,33.885],[10.74,33.715],[10.809,33.734],[10.894,33.658],[11.06,33.801],[10.991,33.842]]],[[[10.964,34.657],[11.056,34.621],[11.101,34.671],[10.964,34.657]]],[[[11.266,34.773],[11.173,34.758],[11.131,34.663],[11.297,34.729],[11.266,34.773]]]]},"properties":{"NAME":"Tunisia","ADMIN":"Tunisia","ISO_A2":"TN","ISO_A3":"TUN","CONTINENT":"Africa","SUBREGION":"Northern Africa","POP_EST":11694719,"GDP_MD":38796,"LABEL_X":9.007881,"LABEL_Y":33.687263,"ID":"TUN"}},{"type":"Feature","geometry":{"type":"Polygon","coordinates":[[[22.878,47.947],[22.746,47.825],[22.563,47.757],[22.454,47.787],[22.262,47.716],[22.149,47.579],[21.989,47.493],[22.002,47.394],[21.862,47.297],[21.77,47.114],[21.633,47.023],[21.592,46.861],[21.505,46.723],[21.316,46.617],[21.135,46.279],[21.033,46.231],[20.84,46.271],[20.608,46.129],[20.469,46.174],[20.243,46.108],[20.339,45.993],[20.572,45.888],[20.713,45.733],[20.786,45.753],[20.761,45.493],[20.981,45.333],[21.493,45.145],[21.353,44.99],[21.516,44.934],[21.522,44.881],[21.369,44.865],[21.412,44.785],[21.558,44.782],[21.656,44.688],[21.855,44.698],[22.004,44.652],[22.104,44.51],[22.185,44.515],[22.32,44.685],[22.426,44.734],[22.765,44.583],[22.621,44.569],[22.484,44.5],[22.505,44.404],[22.682,44.305],[22.692,44.228],[23.031,44.093],[23.023,44.032],[22.886,43.995],[22.851,43.897],[22.92,43.834],[23.325,43.887],[24.159,43.753],[24.5,43.799],[24.706,43.744],[24.964,43.75],[25.252,43.705],[25.36,43.654],[25.557,43.67],[25.781,43.732],[25.934,43.87],[26.151,44.012],[26.614,44.085],[27.027,44.177],[27.251,44.122],[27.384,44.015],[27.656,44.024],[27.722,43.949],[27.912,43.993],[27.981,43.849],[28.221,43.762],[28.578,43.741],[28.671,44.003],[28.631,44.154],[28.641,44.329],[28.844,44.494],[28.91,44.584],[28.746,44.486],[28.733,44.568],[28.924,44.682],[28.784,44.649],[28.789,44.706],[28.946,44.765],[28.864,44.892],[28.973,45.011],[29.052,44.945],[29.098,44.775],[28.975,44.745],[29.001,44.689],[29.156,44.784],[29.562,44.82],[29.618,44.861],[29.659,45.216],[29.65,45.346],[29.57,45.395],[29.322,45.444],[28.966,45.32],[28.93,45.279],[28.79,45.321],[28.779,45.231],[28.577,45.248],[28.33,45.323],[28.199,45.462],[28.062,45.594],[28.168,45.632],[28.086,46.001],[28.246,46.428],[28.234,46.662],[28.028,47.033],[27.807,47.145],[27.723,47.283],[27.572,47.375],[27.563,47.468],[27.304,47.667],[27.17,47.974],[26.998,48.167],[26.805,48.258],[26.618,48.259],[26.303,48.212],[26.287,48.125],[26.173,47.993],[25.753,47.935],[25.262,47.899],[25.122,47.77],[24.897,47.71],[24.794,47.804],[24.562,47.941],[24.429,47.953],[24.231,47.897],[23.977,47.962],[23.877,47.934],[23.78,47.988],[23.36,47.993],[23.231,48.08],[23.119,48.092],[23.02,47.985],[22.878,47.947]]]},"properties":{"NAME":"Romania","ADMIN":"Romania","ISO_A2":"RO","ISO_A3":"ROU","CONTINENT":"Europe","SUBREGION":"Eastern Europe","POP_EST":19356544,"GDP_MD":250077,"LABEL_X":24.972624,"LABEL_Y":45.733237,"ID":"ROU"}},{"type":"Feature","geometry":{"type":"Polygon","coordinates":[[[22.878,47.947],[22.862,48.028],[22.746,48.116],[22.6,48.101],[22.481,48.243],[22.357,48.243],[22.272,48.403],[22.133,48.405],[22.096,48.379],[21.728,48.341],[21.425,48.561],[21.109,48.489],[20.784,48.569],[20.482,48.526],[20.324,48.28],[20.135,48.247],[20.097,48.198],[19.884,48.13],[19.623,48.227],[19.503,48.189],[19.482,48.111],[19.223,48.061],[18.838,48.04],[18.743,47.971],[18.816,47.833],[18.693,47.778],[18.553,47.793],[18.236,47.754],[17.826,47.75],[17.573,47.83],[17.338,47.999],[17.148,48.005],[17.004,47.863],[17.075,47.708],[16.797,47.675],[16.61,47.751],[16.408,47.661],[16.63,47.622],[16.688,47.523],[16.641,47.453],[16.425,47.351],[16.421,47.243],[16.486,46.999],[16.275,47.004],[16.094,46.863],[16.272,46.864],[16.411,46.668],[16.368,46.643],[16.515,46.502],[16.865,46.359],[16.975,46.211],[17.197,46.121],[17.345,45.956],[17.591,45.936],[17.657,45.845],[17.87,45.773],[18.211,45.785],[18.412,45.743],[18.674,45.91],[18.763,45.884],[18.901,45.931],[18.982,45.922],[19.065,46.012],[19.263,45.981],[19.55,46.164],[19.79,46.129],[19.929,46.164],[20.243,46.108],[20.469,46.174],[20.608,46.129],[20.84,46.271],[21.033,46.231],[21.135,46.279],[21.316,46.617],[21.505,46.723],[21.592,46.861],[21.633,47.023],[21.77,47.114],[21.862,47.297],[22.002,47.394],[21.989,47.493],[22.149,47.579],[22.262,47.716],[22.454,47.787],[22.563,47.757],[22.746,47.825],[22.878,47.947]]]},"properties":{"NAME":"Hungary","ADMIN":"Hungary","ISO_A2":"HU","ISO_A3":"HUN","CONTINENT":"Europe","SUBREGION":"Eastern Europe","POP_EST":9769949,"GDP_MD":163469,"LABEL_X":19.447867,"LABEL_Y":47.086841,"ID":"HUN"}},{"type":"Feature","geometry":{"type":"Polygon","coordinates":[[[22.54,49.072],[22.216,49.14],[22.012,49.211],[21.993,49.278],[21.82,49.377],[21.758,49.349],[21.601,49.426],[21.428,49.41],[21.261,49.449],[21.033,49.4],[20.942,49.296],[20.778,49.331],[20.69,49.401],[20.307,49.387],[20.13,49.304],[20.05,49.173],[19.906,49.223],[19.748,49.206],[19.807,49.275],[19.769,49.393],[19.627,49.402],[19.443,49.602],[19.249,49.516],[19.173,49.402],[18.962,49.389],[18.932,49.504],[18.833,49.51],[18.536,49.482],[18.325,49.311],[18.19,49.277],[18.103,49.092],[17.914,49.01],[17.86,48.922],[17.535,48.813],[17.167,48.86],[17.025,48.746],[16.945,48.604],[16.844,48.366],[16.951,48.277],[16.982,48.161],[17.148,48.005],[17.338,47.999],[17.573,47.83],[17.826,47.75],[18.236,47.754],[18.553,47.793],[18.693,47.778],[18.816,47.833],[18.743,47.971],[18.838,48.04],[19.223,48.061],[19.482,48.111],[19.503,48.189],[19.623,48.227],[19.884,48.13],[20.097,48.198],[20.135,48.247],[20.324,48.28],[20.482,48.526],[20.784,48.569],[21.109,48.489],[21.425,48.561],[21.728,48.341],[22.096,48.379],[22.133,48.405],[22.154,48.586],[22.322,48.7],[22.362,48.844],[22.54,49.072]]]},"properties":{"NAME":"Slovakia","ADMIN":"Slovakia","ISO_A2":"SK","ISO_A3":"SVK","CONTINENT":"Europe","SUBREGION":"Eastern Europe","POP_EST":5454073,"GDP_MD":105079,"LABEL_X":19.049868,"LABEL_Y":48.734044,"ID":"SVK"}},{"type":"Feature","geometry":{"type":"Polygon","coordinates":[[[18.833,49.51],[18.932,49.504],[18.962,49.389],[19.173,49.402],[19.249,49.516],[19.443,49.602],[19.627,49.402],[19.769,49.393],[19.807,49.275],[19.748,49.206],[19.906,49.223],[20.05,49.173],[20.13,49.304],[20.307,49.387],[20.69,49.401],[20.778,49.331],[20.942,49.296],[21.033,49.4],[21.261,49.449],[21.428,49.41],[21.601,49.426],[21.758,49.349],[21.82,49.377],[21.993,49.278],[22.012,49.211],[22.216,49.14],[22.54,49.072],[22.755,49.045],[22.855,48.994],[22.853,49.085],[22.706,49.169],[22.724,49.367],[22.641,49.529],[23.101,49.957],[23.748,50.389],[23.981,50.405],[24.108,50.541],[24.081,50.713],[23.97,50.825],[24.131,50.839],[23.912,51.007],[23.875,51.136],[23.634,51.339],[23.698,51.404],[23.606,51.517],[23.54,51.607],[23.56,51.755],[23.676,51.994],[23.637,52.084],[23.45,52.186],[23.212,52.232],[23.166,52.289],[23.392,52.51],[23.869,52.67],[23.922,52.743],[23.894,53.152],[23.783,53.271],[23.591,53.611],[23.486,53.939],[23.433,54.169],[23.316,54.236],[22.859,54.399],[22.767,54.356],[22.698,54.343],[20.93,54.398],[19.68,54.437],[19.61,54.457],[19.377,54.378],[19.002,54.345],[18.717,54.382],[18.588,54.434],[18.571,54.55],[18.413,54.732],[18.448,54.79],[18.317,54.838],[17.885,54.824],[17.337,54.749],[17.036,54.667],[16.94,54.606],[16.57,54.557],[16.324,54.401],[16.337,54.359],[16.138,54.29],[15.288,54.139],[14.782,54.035],[14.367,53.917],[14.21,53.938],[14.201,53.878],[14.631,53.852],[14.512,53.666],[14.294,53.749],[14.264,53.7],[14.304,53.509],[14.409,53.272],[14.343,53.049],[14.144,52.96],[14.124,52.851],[14.382,52.738],[14.645,52.577],[14.54,52.422],[14.607,52.276],[14.697,52.253],[14.686,52.121],[14.761,52.077],[14.586,51.804],[14.72,51.676],[14.732,51.516],[14.945,51.449],[15.022,51.237],[14.955,51.064],[14.81,50.858],[14.982,50.859],[14.961,50.993],[15.27,50.953],[15.35,50.784],[15.442,50.8],[15.767,50.744],[15.941,50.688],[15.982,50.604],[16.086,50.647],[16.332,50.644],[16.417,50.587],[16.383,50.514],[16.19,50.424],[16.334,50.372],[16.701,50.095],[16.96,50.232],[16.866,50.422],[17.176,50.381],[17.335,50.27],[17.606,50.258],[17.685,50.312],[17.738,50.202],[17.589,50.163],[17.732,50.095],[17.839,49.974],[18.037,50.007],[18.482,49.897],[18.559,49.907],[18.637,49.7],[18.773,49.676],[18.833,49.51]]]},"properties":{"NAME":"Poland","ADMIN":"Poland","ISO_A2":"PL","ISO_A3":"POL","CONTINENT":"Europe","SUBREGION":"Eastern Europe","POP_EST":37970874,"GDP_MD":595858,"LABEL_X":19.490468,"LABEL_Y":51.990316,"ID":"POL"}},{"type":"Feature","geometry":{"type":"MultiPolygon","coordinates":[[[[-7.247,55.069],[-7.159,55.151],[-6.943,55.219],[-7.195,55.339],[-7.384,55.386],[-7.328,55.308],[-7.524,55.29],[-7.541,55.198],[-7.469,55.044],[-7.641,55.044],[-7.532,55.1],[-7.644,55.273],[-7.792,55.206],[-8.115,55.155],[-8.278,55.161],[-8.463,54.941],[-8.326,54.838],[-8.554,54.828],[-8.457,54.763],[-8.637,54.768],[-8.796,54.698],[-8.673,54.619],[-8.419,54.641],[-8.292,54.606],[-8.121,54.647],[-8.271,54.524],[-8.664,54.359],[-8.47,54.277],[-8.621,54.256],[-9.051,54.289],[-9.135,54.146],[-9.22,54.281],[-9.844,54.329],[-9.765,54.256],[-9.992,54.301],[-10.011,54.218],[-9.812,53.942],[-9.916,53.954],[-9.911,53.859],[-9.566,53.899],[-9.566,53.796],[-9.908,53.762],[-9.854,53.618],[-10.18,53.555],[-10.026,53.385],[-9.786,53.393],[-9.887,53.317],[-9.601,53.365],[-9.612,53.236],[-8.943,53.269],[-8.936,53.146],[-9.046,53.174],[-9.159,53.111],[-9.272,53.147],[-9.478,52.94],[-9.354,52.933],[-9.499,52.753],[-9.581,52.743],[-9.824,52.595],[-9.707,52.58],[-9.553,52.639],[-9.333,52.598],[-9.147,52.624],[-9,52.76],[-8.96,52.652],[-9.272,52.577],[-9.618,52.577],[-9.677,52.483],[-9.95,52.412],[-9.834,52.375],[-9.872,52.233],[-10.172,52.287],[-10.461,52.18],[-10.461,52.103],[-9.908,52.131],[-9.93,52.072],[-10.266,51.988],[-10.251,51.916],[-10.382,51.878],[-10.341,51.788],[-10.235,51.851],[-10.085,51.756],[-9.738,51.837],[-10.088,51.672],[-10.029,51.597],[-9.874,51.656],[-9.525,51.727],[-9.459,51.684],[-9.731,51.601],[-9.785,51.552],[-9.546,51.611],[-9.834,51.487],[-9.82,51.446],[-9.402,51.546],[-9.272,51.508],[-8.854,51.596],[-8.696,51.577],[-8.302,51.758],[-8.329,51.861],[-8.182,51.885],[-8.246,51.803],[-8.004,51.83],[-7.829,51.953],[-7.59,51.991],[-7.572,52.088],[-7.435,52.126],[-7.017,52.138],[-6.97,52.247],[-6.904,52.162],[-6.832,52.241],[-6.597,52.18],[-6.37,52.18],[-6.318,52.241],[-6.496,52.364],[-6.39,52.359],[-6.209,52.546],[-6.215,52.666],[-5.997,52.965],[-6.097,53.286],[-6.215,53.358],[-6.123,53.393],[-6.092,53.577],[-6.223,53.646],[-6.243,53.865],[-6.379,53.917],[-6.348,54.004],[-6.111,54.001],[-6.27,54.098],[-6.616,54.037],[-6.64,54.168],[-6.788,54.203],[-6.88,54.342],[-7.049,54.412],[-7.209,54.293],[-7.146,54.252],[-7.31,54.115],[-7.609,54.14],[-7.837,54.204],[-7.895,54.294],[-8.174,54.462],[-8.002,54.543],[-7.849,54.541],[-7.754,54.614],[-7.907,54.661],[-7.846,54.731],[-7.543,54.742],[-7.405,55.004],[-7.247,55.069]]],[[[-9.964,53.954],[-9.976,54.021],[-10.266,53.982],[-9.964,53.954]]]]},"properties":{"NAME":"Ireland","ADMIN":"Ireland","ISO_A2":"IE","ISO_A3":"IRL","CONTINENT":"Europe","SUBREGION":"Northern Europe","POP_EST":4941444,"GDP_MD":388698,"LABEL_X":-7.798588,"LABEL_Y":53.078726,"ID":"IRL"}},{"type":"Feature","geometry":{"type":"MultiPolygon","coordinates":[[[[-7.247,55.069],[-7.405,55.004],[-7.543,54.742],[-7.846,54.731],[-7.907,54.661],[-7.754,54.614],[-7.849,54.541],[-8.002,54.543],[-8.174,54.462],[-7.895,54.294],[-7.837,54.204],[-7.609,54.14],[-7.31,54.115],[-7.146,54.252],[-7.209,54.293],[-7.049,54.412],[-6.88,54.342],[-6.788,54.203],[-6.64,54.168],[-6.616,54.037],[-6.27,54.098],[-6.041,54.036],[-5.912,54.091],[-5.862,54.231],[-5.553,54.299],[-5.58,54.384],[-5.709,54.352],[-5.575,54.529],[-5.577,54.403],[-5.502,54.34],[-5.433,54.466],[-5.537,54.657],[-5.748,54.68],[-5.895,54.605],[-5.845,54.701],[-5.729,54.729],[-5.702,54.825],[-5.798,54.845],[-5.976,55.053],[-6.062,55.074],[-6.101,55.212],[-6.476,55.249],[-6.755,55.178],[-6.963,55.195],[-7.065,55.044],[-7.247,55.069]]],[[[-2.665,51.617],[-2.482,51.743],[-2.716,51.5],[-2.816,51.474],[-3.011,51.311],[-3.022,51.192],[-3.385,51.186],[-3.769,51.248],[-4.152,51.212],[-4.256,51.152],[-4.208,51.076],[-4.338,50.997],[-4.526,51.015],[-4.55,50.81],[-4.792,50.595],[-5.025,50.524],[-5.05,50.429],[-5.438,50.194],[-5.511,50.219],[-5.685,50.162],[-5.705,50.052],[-5.578,50.055],[-5.475,50.13],[-5.324,50.09],[-5.191,49.959],[-5.057,50.061],[-5.053,50.196],[-4.8,50.23],[-4.752,50.33],[-4.495,50.328],[-4.273,50.382],[-4.16,50.459],[-4.166,50.376],[-4.033,50.295],[-3.95,50.319],[-3.789,50.212],[-3.646,50.226],[-3.632,50.312],[-3.487,50.412],[-3.495,50.548],[-3.26,50.675],[-2.865,50.734],[-2.693,50.693],[-2.466,50.585],[-2.436,50.638],[-1.984,50.597],[-1.94,50.691],[-1.317,50.8],[-1.426,50.9],[-1.151,50.781],[-1.021,50.844],[-0.864,50.802],[-0.813,50.735],[-0.569,50.802],[-0.173,50.829],[0.271,50.747],[0.365,50.819],[0.624,50.859],[0.802,50.939],[0.98,50.918],[1.028,51.042],[1.357,51.131],[1.413,51.222],[1.424,51.392],[0.977,51.349],[0.764,51.364],[0.555,51.412],[0.695,51.477],[0.456,51.506],[0.873,51.559],[0.952,51.617],[0.977,51.825],[1.135,51.782],[1.276,51.845],[1.2,51.878],[1.472,52.056],[1.582,52.081],[1.631,52.27],[1.771,52.486],[1.747,52.625],[1.644,52.776],[1.275,52.929],[0.966,52.974],[0.57,52.969],[0.379,52.791],[0.247,52.796],[0.093,52.893],[0.01,52.886],[0.161,53.009],[0.33,53.086],[0.342,53.226],[0.152,53.476],[-0.189,53.62],[-0.305,53.74],[-0.045,53.626],[0.133,53.643],[-0.151,53.899],[-0.219,54.023],[-0.076,54.112],[-0.234,54.16],[-0.398,54.269],[-0.563,54.477],[-0.788,54.561],[-1.104,54.625],[-1.297,54.78],[-1.37,54.976],[-1.522,55.167],[-1.631,55.585],[-1.816,55.633],[-2.147,55.917],[-2.308,55.935],[-2.635,56.058],[-2.803,56.065],[-2.94,55.969],[-3.091,55.948],[-3.577,56.017],[-3.745,56.072],[-3.421,56.025],[-3.178,56.058],[-2.964,56.206],[-2.784,56.192],[-2.577,56.284],[-2.838,56.366],[-2.885,56.458],[-3.231,56.356],[-3.061,56.452],[-2.765,56.476],[-2.53,56.581],[-2.441,56.735],[-2.22,56.873],[-2.156,57.021],[-2.049,57.119],[-1.98,57.319],[-1.759,57.474],[-1.829,57.613],[-1.932,57.682],[-2.526,57.669],[-2.916,57.703],[-3.079,57.669],[-3.285,57.72],[-3.492,57.713],[-3.591,57.641],[-4.249,57.497],[-4.005,57.676],[-4.202,57.675],[-4.428,57.578],[-4.295,57.68],[-4.078,57.73],[-3.988,57.696],[-3.79,57.831],[-4.04,57.818],[-4.208,57.859],[-4.009,57.868],[-4.078,57.943],[-3.515,58.168],[-3.221,58.306],[-3.086,58.414],[-3.129,58.513],[-3.019,58.64],[-3.413,58.656],[-3.364,58.601],[-3.598,58.627],[-3.81,58.573],[-4.317,58.546],[-4.495,58.45],[-4.427,58.546],[-4.66,58.556],[-4.988,58.628],[-5.104,58.514],[-5.05,58.454],[-5.173,58.354],[-5.096,58.277],[-5.393,58.245],[-5.301,58.07],[-5.447,58.084],[-5.097,57.871],[-5.366,57.943],[-5.455,57.854],[-5.613,57.929],[-5.807,57.844],[-5.791,57.696],[-5.654,57.532],[-5.839,57.579],[-5.808,57.355],[-5.599,57.279],[-5.668,57.148],[-5.791,57.059],[-5.875,56.887],[-5.852,56.747],[-5.948,56.783],[-6.181,56.755],[-6.223,56.695],[-5.897,56.675],[-6.003,56.619],[-5.667,56.498],[-5.268,56.713],[-5.469,56.476],[-5.182,56.46],[-5.457,56.441],[-5.598,56.259],[-5.51,56.188],[-5.696,55.982],[-5.613,55.764],[-5.681,55.674],[-5.716,55.448],[-5.783,55.314],[-5.64,55.304],[-5.515,55.374],[-5.546,55.449],[-5.455,55.592],[-5.49,55.645],[-5.318,55.783],[-5.407,55.866],[-5.448,56.022],[-5.314,56.012],[-5.335,55.897],[-5.172,55.936],[-4.983,55.871],[-4.852,56.113],[-4.786,55.957],[-4.893,55.893],[-4.861,55.757],[-4.921,55.709],[-4.671,55.584],[-4.618,55.496],[-4.833,55.331],[-4.882,55.219],[-5.008,55.141],[-5.061,54.931],[-5.171,55.009],[-5.128,54.849],[-4.859,54.633],[-4.954,54.81],[-4.859,54.866],[-4.372,54.682],[-4.348,54.807],[-4.403,54.907],[-4.174,54.792],[-3.964,54.772],[-3.844,54.866],[-3.598,54.878],[-3.571,54.995],[-3.135,54.968],[-3.388,54.883],[-3.634,54.513],[-3.474,54.394],[-3.241,54.112],[-3.145,54.1],[-3.024,54.222],[-2.984,54.153],[-2.854,54.194],[-2.796,54.125],[-2.918,54.034],[-2.889,53.946],[-3.018,53.932],[-3.049,53.77],[-2.899,53.735],[-3.097,53.544],[-3.058,53.435],[-3.185,53.377],[-3.122,53.262],[-3.33,53.352],[-3.562,53.294],[-3.831,53.289],[-4.152,53.228],[-4.341,53.113],[-4.358,53.028],[-4.596,52.928],[-4.763,52.789],[-4.516,52.789],[-4.407,52.893],[-4.1,52.914],[-4.149,52.812],[-4.049,52.722],[-4.125,52.604],[-4.053,52.542],[-4.096,52.388],[-4.197,52.279],[-4.514,52.136],[-4.638,52.138],[-4.832,52.019],[-5.081,52.021],[-5.12,51.959],[-5.289,51.917],[-5.14,51.864],[-5.107,51.788],[-5.23,51.73],[-5.01,51.706],[-5.046,51.627],[-4.941,51.597],[-4.712,51.65],[-4.678,51.717],[-4.393,51.764],[-4.294,51.672],[-4.091,51.64],[-4.29,51.617],[-4.29,51.556],[-3.975,51.563],[-3.855,51.624],[-3.738,51.491],[-3.539,51.399],[-3.185,51.398],[-3.173,51.453],[-2.975,51.563],[-2.859,51.546],[-2.665,51.617]]],[[[-1.083,50.713],[-1.296,50.773],[-1.497,50.672],[-1.316,50.589],[-1.168,50.603],[-1.083,50.713]]],[[[0.911,51.412],[0.767,51.448],[0.795,51.371],[0.911,51.412]]],[[[-4.098,53.31],[-4.203,53.298],[-4.277,53.401],[-4.425,53.427],[-4.571,53.393],[-4.571,53.275],[-4.413,53.132],[-4.098,53.25],[-4.098,53.31]]],[[[-5.071,55.509],[-5.16,55.676],[-5.355,55.69],[-5.346,55.483],[-5.164,55.435],[-5.071,55.509]]],[[[-5.03,55.749],[-5.081,55.88],[-5.2,55.911],[-5.03,55.749]]],[[[-6.03,55.729],[-6.14,55.941],[-6.453,55.841],[-6.504,55.681],[-6.349,55.773],[-6.243,55.66],[-6.311,55.583],[-6.024,55.682],[-6.03,55.729]]],[[[-5.798,56.113],[-6.075,55.916],[-6.062,55.809],[-5.962,55.805],[-5.74,56.076],[-5.798,56.113]]],[[[-5.688,56.435],[-5.722,56.49],[-5.952,56.524],[-6.058,56.64],[-6.325,56.606],[-6.338,56.552],[-6.127,56.474],[-6.179,56.36],[-6.021,56.382],[-6.328,56.277],[-5.915,56.336],[-5.809,56.319],[-5.688,56.435]]],[[[-6.459,56.678],[-6.702,56.586],[-6.616,56.575],[-6.459,56.678]]],[[[-6.325,57.059],[-6.455,57.004],[-6.304,56.944],[-6.325,57.059]]],[[[-7.244,57.326],[-7.428,57.388],[-7.455,57.237],[-7.353,57.1],[-7.2,57.291],[-7.244,57.326]]],[[[-7.264,57.483],[-7.408,57.446],[-7.205,57.419],[-7.264,57.483]]],[[[-7.129,57.653],[-7.477,57.662],[-7.545,57.593],[-7.158,57.511],[-7.216,57.641],[-7.129,57.653]]],[[[-6.564,57.347],[-6.318,57.161],[-6.024,57.196],[-5.942,57.155],[-6.007,57.028],[-5.691,57.19],[-5.647,57.265],[-5.901,57.243],[-6.099,57.332],[-6.159,57.407],[-6.154,57.59],[-6.311,57.703],[-6.416,57.646],[-6.387,57.517],[-6.64,57.607],[-6.564,57.504],[-6.784,57.456],[-6.672,57.356],[-6.564,57.347]]],[[[-6.955,57.744],[-6.537,57.921],[-6.352,58.039],[-6.4,58.21],[-6.215,58.189],[-6.161,58.259],[-6.366,58.237],[-6.167,58.347],[-6.267,58.512],[-6.819,58.285],[-6.709,58.189],[-6.888,58.168],[-7.031,58.245],[-7.126,58.124],[-7.113,57.99],[-6.839,57.936],[-7.102,57.811],[-6.955,57.744]]],[[[-3.248,58.792],[-3.173,58.82],[-3.349,58.929],[-3.43,58.875],[-3.248,58.792]]],[[[-2.728,58.971],[-3.132,59.005],[-2.994,59.073],[-3.085,59.128],[-3.324,59.127],[-3.367,59.016],[-3.203,58.916],[-2.981,58.96],[-2.839,58.883],[-2.728,58.971]]],[[[-1.097,60.416],[-1.295,60.492],[-1.326,60.611],[-1.419,60.608],[-1.609,60.483],[-1.446,60.492],[-1.364,60.321],[-1.657,60.306],[-1.615,60.216],[-1.504,60.243],[-1.455,60.156],[-1.268,60.245],[-1.263,60.115],[-1.376,59.909],[-1.275,59.882],[-1.165,60.06],[-1.199,60.204],[-1.075,60.321],[-1.097,60.416]]],[[[-0.987,60.698],[-1.092,60.735],[-1.171,60.646],[-1.154,60.508],[-1.032,60.501],[-0.987,60.698]]],[[[-0.905,60.684],[-0.761,60.8],[-0.881,60.845],[-0.966,60.725],[-0.905,60.684]]]]},"properties":{"NAME":"United Kingdom","ADMIN":"United Kingdom","ISO_A2":"GB","ISO_A3":"GBR","CONTINENT":"Europe","SUBREGION":"Northern Europe","POP_EST":66834405,"GDP_MD":2829108,"LABEL_X":-2.116346,"LABEL_Y":54.402739,"ID":"GBR"}},{"type":"Feature","geometry":{"type":"MultiPolygon","coordinates":[[[[20.965,40.849],[20.944,40.765],[21.037,40.64],[21.014,40.549],[20.912,40.46],[20.827,40.465],[20.707,40.288],[20.64,40.09],[20.433,40.064],[20.31,39.99],[20.393,39.835],[20.273,39.796],[20.299,39.728],[20.164,39.644],[20,39.694],[20.182,39.624],[20.134,39.53],[20.366,39.288],[20.482,39.283],[20.479,39.225],[20.687,39.072],[20.735,38.95],[20.834,39.108],[21.003,39.015],[21.085,39.063],[21.16,38.998],[21.085,38.864],[21.027,38.933],[20.817,38.921],[20.729,38.804],[20.86,38.804],[20.907,38.699],[21.087,38.536],[21.156,38.304],[21.37,38.408],[21.524,38.296],[21.6,38.351],[21.763,38.328],[21.831,38.397],[21.988,38.411],[22.148,38.364],[22.382,38.343],[22.402,38.453],[22.546,38.303],[22.646,38.39],[22.691,38.322],[23.128,38.172],[23.217,38.103],[23.069,38.059],[22.943,38.083],[22.854,38.035],[22.975,37.979],[22.867,37.94],[22.68,38.067],[22.331,38.179],[22.227,38.186],[21.956,38.337],[21.764,38.296],[21.603,38.152],[21.374,38.221],[21.367,38.121],[21.208,37.946],[21.134,37.946],[21.122,37.837],[21.295,37.772],[21.343,37.669],[21.55,37.561],[21.675,37.396],[21.682,37.284],[21.568,37.156],[21.599,37.046],[21.703,36.957],[21.707,36.818],[21.823,36.809],[21.874,36.727],[21.929,36.822],[21.937,36.98],[22.048,37.035],[22.153,37.021],[22.138,36.917],[22.222,36.898],[22.359,36.702],[22.355,36.512],[22.511,36.467],[22.484,36.607],[22.577,36.783],[22.765,36.804],[22.819,36.665],[23.036,36.528],[23.095,36.443],[23.196,36.433],[23.081,36.579],[23.026,36.716],[23.114,36.781],[22.991,36.987],[22.956,37.124],[22.758,37.398],[22.723,37.542],[22.964,37.522],[23.005,37.46],[23.132,37.449],[23.073,37.355],[23.204,37.303],[23.23,37.385],[23.526,37.439],[23.395,37.515],[23.409,37.626],[23.312,37.617],[23.323,37.537],[23.169,37.614],[23.182,37.809],[23.013,37.848],[23.227,37.974],[23.395,37.988],[23.581,38.046],[23.553,37.98],[23.68,37.946],[23.764,37.816],[23.903,37.782],[23.95,37.677],[24.033,37.652],[24.082,37.753],[24.012,37.892],[24.033,38.008],[23.989,38.123],[24.081,38.166],[23.951,38.291],[23.673,38.356],[23.519,38.491],[23.351,38.502],[23.321,38.643],[23.205,38.683],[23.091,38.649],[23.059,38.728],[22.77,38.785],[22.703,38.851],[22.563,38.836],[22.622,38.914],[22.792,38.878],[22.985,38.954],[23.073,39.042],[22.854,39.159],[22.843,39.288],[22.936,39.361],[23.151,39.285],[23.212,39.19],[23.101,39.105],[23.344,39.18],[23.271,39.323],[23.102,39.497],[22.925,39.6],[22.859,39.773],[22.741,39.875],[22.71,39.957],[22.571,40.054],[22.553,40.167],[22.661,40.369],[22.579,40.468],[22.75,40.523],[22.91,40.645],[22.983,40.553],[22.822,40.502],[22.898,40.402],[23.029,40.326],[23.299,40.235],[23.361,39.961],[23.471,39.972],[23.703,39.913],[23.67,39.986],[23.499,40.042],[23.338,40.208],[23.398,40.278],[23.675,40.218],[23.785,40.067],[23.991,39.954],[23.991,40.119],[23.779,40.203],[23.7,40.326],[23.923,40.369],[24.169,40.275],[24.3,40.128],[24.383,40.179],[24.233,40.317],[24.109,40.357],[24.011,40.449],[23.964,40.379],[23.819,40.488],[23.907,40.525],[23.692,40.695],[23.809,40.78],[24.11,40.728],[24.341,40.831],[24.392,40.936],[24.567,40.952],[24.635,40.859],[24.802,40.853],[25.039,41.006],[25.3,40.952],[25.538,40.87],[25.952,40.846],[26.044,40.738],[26.135,40.767],[26.226,40.899],[26.359,40.965],[26.317,41.122],[26.332,41.254],[26.637,41.378],[26.595,41.612],[26.333,41.713],[26.234,41.746],[26.048,41.689],[26.164,41.518],[26.121,41.358],[25.882,41.304],[25.811,41.341],[25.691,41.298],[25.551,41.316],[25.286,41.239],[24.886,41.401],[24.774,41.348],[24.596,41.43],[24.51,41.562],[24.287,41.518],[24.251,41.563],[24.047,41.526],[24.046,41.455],[23.895,41.464],[23.612,41.371],[23.288,41.398],[23.115,41.313],[22.917,41.336],[22.751,41.315],[22.727,41.166],[22.422,41.115],[22.183,41.16],[21.909,41.097],[21.784,40.964],[21.582,40.866],[21.381,40.901],[21.295,40.861],[20.965,40.849]]],[[[26.321,35.315],[26.155,35.198],[26.067,35.233],[25.897,35.185],[25.818,35.116],[25.713,35.183],[25.766,35.336],[25.639,35.346],[25.482,35.297],[25.376,35.343],[25.055,35.355],[24.971,35.425],[24.721,35.427],[24.34,35.348],[24.273,35.365],[24.183,35.586],[24,35.52],[23.817,35.535],[23.742,35.687],[23.718,35.513],[23.642,35.507],[23.605,35.613],[23.518,35.294],[23.587,35.239],[23.827,35.253],[24.031,35.198],[24.402,35.191],[24.565,35.106],[24.708,35.096],[24.759,35.041],[24.739,34.932],[25.097,34.938],[25.304,34.985],[25.601,35.014],[25.808,35.006],[25.985,35.039],[26.147,35.002],[26.241,35.039],[26.294,35.136],[26.266,35.26],[26.321,35.315]]],[[[27.212,35.521],[27.159,35.612],[27.232,35.822],[27.068,35.589],[27.093,35.452],[27.158,35.416],[27.212,35.521]]],[[[23.012,36.308],[22.956,36.383],[22.9,36.328],[22.909,36.206],[23.052,36.145],[23.104,36.237],[23.012,36.308]]],[[[28.24,36.433],[28.118,36.428],[27.9,36.34],[27.772,36.198],[27.684,36.158],[27.757,36.084],[27.712,35.953],[27.78,35.89],[28.131,36.185],[28.24,36.433]]],[[[25.382,36.48],[25.447,36.336],[25.479,36.424],[25.382,36.48]]],[[[26.362,36.638],[26.404,36.59],[26.266,36.596],[26.301,36.513],[26.459,36.597],[26.362,36.638]]],[[[24.474,36.747],[24.354,36.754],[24.327,36.651],[24.546,36.689],[24.474,36.747]]],[[[25.273,36.72],[25.373,36.654],[25.409,36.712],[25.307,36.795],[25.273,36.72]]],[[[27.281,36.908],[27.061,36.839],[26.918,36.716],[27.048,36.775],[27.13,36.761],[27.356,36.863],[27.281,36.908]]],[[[26.006,36.939],[25.857,36.851],[25.88,36.795],[26.006,36.939]]],[[[24.704,37.035],[24.642,37.028],[24.711,36.904],[24.765,36.957],[24.704,37.035]]],[[[26.912,36.946],[27.024,36.945],[26.951,37.021],[26.912,36.946]]],[[[25.28,37.049],[25.259,37.124],[25.15,37.111],[25.103,37.013],[25.204,36.989],[25.28,37.049]]],[[[25.526,37.196],[25.342,37.077],[25.45,36.918],[25.553,36.969],[25.595,37.1],[25.526,37.196]]],[[[24.368,37.412],[24.368,37.31],[24.483,37.412],[24.436,37.487],[24.368,37.412]]],[[[25.395,37.418],[25.463,37.47],[25.348,37.508],[25.307,37.412],[25.395,37.418]]],[[[24.943,37.435],[24.93,37.508],[24.861,37.398],[24.943,37.435]]],[[[25.091,37.583],[25.216,37.533],[25.246,37.624],[25.053,37.679],[24.998,37.638],[25.091,37.583]]],[[[24.375,37.686],[24.278,37.623],[24.275,37.532],[24.396,37.625],[24.375,37.686]]],[[[26.362,37.686],[26.197,37.632],[26.074,37.638],[25.98,37.549],[26.058,37.519],[26.231,37.571],[26.362,37.686]]],[[[23.546,37.774],[23.426,37.768],[23.484,37.679],[23.546,37.774]]],[[[27.048,37.727],[27.068,37.774],[26.842,37.809],[26.658,37.793],[26.58,37.741],[26.623,37.679],[26.708,37.714],[26.861,37.643],[27.048,37.727]]],[[[20.901,37.792],[20.742,37.862],[20.686,37.93],[20.619,37.823],[20.815,37.652],[20.901,37.792]]],[[[24.992,37.768],[24.954,37.906],[24.841,37.919],[24.757,37.997],[24.684,37.933],[24.916,37.72],[24.992,37.768]]],[[[23.408,37.899],[23.543,37.929],[23.537,37.988],[23.408,37.899]]],[[[20.734,38.062],[20.798,38.131],[20.626,38.352],[20.572,38.474],[20.489,38.313],[20.4,38.364],[20.339,38.2],[20.425,38.175],[20.435,38.279],[20.51,38.111],[20.615,38.12],[20.734,38.062]]],[[[20.716,38.392],[20.654,38.502],[20.615,38.467],[20.719,38.316],[20.716,38.392]]],[[[26.164,38.543],[25.995,38.604],[25.849,38.58],[25.992,38.344],[25.868,38.26],[26.01,38.157],[26.164,38.303],[26.164,38.543]]],[[[20.585,38.618],[20.721,38.638],[20.729,38.782],[20.686,38.85],[20.562,38.691],[20.585,38.618]]],[[[24.677,38.81],[24.491,38.981],[24.455,38.885],[24.532,38.796],[24.677,38.81]]],[[[24.588,38.159],[24.344,38.159],[24.245,38.241],[24.185,38.408],[24.231,38.522],[24.073,38.679],[23.858,38.683],[23.703,38.765],[23.591,38.774],[23.451,38.875],[23.426,38.954],[23.299,39.042],[23.138,39.009],[22.969,38.889],[23.202,38.83],[23.328,38.758],[23.636,38.529],[23.639,38.416],[24.039,38.395],[24.025,38.331],[24.209,38.179],[24.372,37.972],[24.43,38.021],[24.552,37.978],[24.588,38.159]]],[[[23.67,39.118],[23.793,39.118],[23.587,39.208],[23.67,39.118]]],[[[26.612,39.049],[26.471,39.225],[26.38,39.283],[26.343,39.383],[26.164,39.379],[26.163,39.324],[25.859,39.259],[25.835,39.18],[26.043,39.093],[26.173,39.195],[26.293,39.177],[26.109,39.093],[26.166,39.022],[26.424,38.967],[26.612,39.049]]],[[[20.092,39.434],[19.932,39.479],[19.928,39.625],[19.852,39.711],[19.948,39.79],[19.852,39.825],[19.677,39.795],[19.626,39.748],[19.841,39.552],[19.866,39.469],[20.106,39.365],[20.092,39.434]]],[[[25.45,40.036],[25.287,39.961],[25.225,40.009],[25.033,39.995],[25.047,39.838],[25.197,39.893],[25.349,39.788],[25.348,39.906],[25.45,40.036]]],[[[25.691,40.448],[25.576,40.515],[25.462,40.482],[25.589,40.398],[25.691,40.448]]],[[[24.786,40.735],[24.642,40.804],[24.533,40.718],[24.517,40.639],[24.642,40.571],[24.782,40.62],[24.786,40.735]]]]},"properties":{"NAME":"Greece","ADMIN":"Greece","ISO_A2":"GR","ISO_A3":"GRC","CONTINENT":"Europe","SUBREGION":"Southern Europe","POP_EST":10716322,"GDP_MD":209852,"LABEL_X":21.72568,"LABEL_Y":39.492763,"ID":"GRC"}},{"type":"Feature","geometry":{"type":"Polygon","coordinates":[[[32.921,-9.408],[32.76,-9.34],[32.713,-9.286],[32.518,-9.258],[32.383,-9.134],[32.211,-9.127],[32.134,-9.064],[31.981,-9.072],[31.918,-9.022],[31.937,-8.933],[31.788,-8.892],[31.673,-8.913],[31.553,-8.809],[31.539,-8.704],[31.353,-8.587],[31.261,-8.624],[31.207,-8.581],[31.12,-8.617],[30.96,-8.55],[30.828,-8.388],[30.752,-8.194],[29.858,-8.33],[28.915,-8.473],[28.935,-8.591],[28.893,-8.766],[28.765,-8.934],[28.599,-9.096],[28.372,-9.235],[28.369,-9.309],[28.516,-9.378],[28.678,-9.804],[28.624,-9.951],[28.62,-10.142],[28.57,-10.22],[28.629,-10.296],[28.635,-10.519],[28.7,-10.643],[28.564,-10.812],[28.477,-11.078],[28.44,-11.348],[28.357,-11.447],[28.453,-11.781],[28.508,-11.873],[28.76,-12.035],[28.945,-12.206],[29.03,-12.376],[29.255,-12.366],[29.5,-12.453],[29.523,-12.393],[29.447,-12.335],[29.474,-12.243],[29.568,-12.192],[29.632,-12.216],[29.799,-12.154],[29.798,-13.424],[29.782,-13.456],[29.626,-13.43],[29.602,-13.374],[29.668,-13.292],[29.574,-13.225],[29.169,-13.434],[29.122,-13.384],[28.994,-13.396],[28.934,-13.31],[28.903,-13.162],[28.854,-13.137],[28.801,-13.002],[28.668,-12.849],[28.584,-12.889],[28.474,-12.736],[28.512,-12.668],[28.423,-12.521],[28.34,-12.451],[28.088,-12.378],[27.959,-12.368],[27.934,-12.303],[27.831,-12.26],[27.788,-12.297],[27.638,-12.294],[27.52,-12.18],[27.421,-11.922],[27.234,-11.809],[27.18,-11.57],[27.01,-11.61],[26.967,-11.87],[26.874,-11.964],[26.759,-11.969],[26.697,-12.017],[26.489,-11.961],[26.415,-11.912],[26.298,-11.941],[26.167,-11.902],[25.994,-11.905],[25.851,-11.794],[25.726,-11.801],[25.621,-11.729],[25.515,-11.776],[25.481,-11.715],[25.352,-11.646],[25.279,-11.396],[25.325,-11.284],[25.279,-11.2],[25.124,-11.259],[24.943,-11.269],[24.713,-11.326],[24.565,-11.445],[24.446,-11.464],[24.285,-11.381],[24.392,-11.279],[24.382,-11.121],[24.294,-11.05],[24.124,-11.043],[24.114,-10.919],[23.967,-10.872],[24.004,-10.982],[24.011,-11.273],[24.061,-11.395],[23.96,-11.617],[23.989,-11.834],[23.967,-11.883],[23.96,-12.197],[24.031,-12.385],[23.929,-12.562],[23.866,-12.79],[24.001,-13.001],[23.223,-13.001],[21.98,-13.001],[21.98,-13.604],[21.981,-14.358],[21.981,-15.111],[21.984,-16.166],[22.108,-16.544],[22.238,-16.665],[22.334,-16.674],[22.5,-16.893],[22.71,-17.055],[22.756,-17.155],[22.876,-17.248],[22.999,-17.294],[23.207,-17.541],[23.291,-17.535],[23.382,-17.641],[24.22,-17.479],[24.407,-17.475],[24.581,-17.533],[24.639,-17.492],[24.958,-17.552],[25.26,-17.794],[25.336,-17.841],[25.496,-17.855],[25.681,-17.811],[25.864,-17.924],[25.864,-17.972],[25.979,-17.999],[26.203,-17.887],[26.409,-17.939],[26.712,-18.066],[26.754,-18.033],[27.048,-17.944],[27.149,-17.842],[27.157,-17.769],[27.577,-17.363],[27.641,-17.198],[27.777,-17.001],[27.869,-16.93],[28.114,-16.828],[28.28,-16.707],[28.643,-16.569],[28.733,-16.558],[28.857,-16.388],[28.837,-16.306],[28.86,-16.049],[28.932,-15.964],[29.042,-15.946],[29.186,-15.813],[29.407,-15.714],[29.508,-15.704],[29.837,-15.615],[30.011,-15.646],[30.13,-15.624],[30.396,-15.636],[30.369,-15.375],[30.288,-15.279],[30.226,-15.106],[30.214,-14.981],[30.318,-14.967],[30.486,-14.886],[30.816,-14.768],[31.411,-14.634],[31.658,-14.52],[32.227,-14.339],[33.203,-14.014],[33.155,-13.937],[33,-14.05],[32.976,-13.945],[32.859,-13.808],[32.763,-13.777],[32.808,-13.699],[32.675,-13.628],[32.677,-13.568],[32.813,-13.528],[32.92,-13.295],[32.995,-13.191],[32.966,-13.117],[33.005,-12.893],[32.947,-12.843],[32.958,-12.725],[33.05,-12.587],[33.163,-12.62],[33.255,-12.532],[33.373,-12.519],[33.526,-12.335],[33.385,-12.34],[33.33,-12.298],[33.253,-12.14],[33.313,-11.899],[33.303,-11.61],[33.213,-11.564],[33.23,-11.417],[33.391,-11.165],[33.304,-11.035],[33.28,-10.913],[33.232,-10.898],[33.319,-10.818],[33.434,-10.808],[33.674,-10.577],[33.559,-10.404],[33.533,-10.231],[33.318,-10.082],[33.366,-9.899],[33.337,-9.824],[33.217,-9.727],[33.175,-9.602],[33.098,-9.588],[33.08,-9.662],[32.975,-9.601],[32.992,-9.502],[32.921,-9.408]]]},"properties":{"NAME":"Zambia","ADMIN":"Zambia","ISO_A2":"ZM","ISO_A3":"ZMB","CONTINENT":"Africa","SUBREGION":"Eastern Africa","POP_EST":17861030,"GDP_MD":23309,"LABEL_X":26.395298,"LABEL_Y":-14.660804,"ID":"ZMB"}},{"type":"Feature","geometry":{"type":"MultiPolygon","coordinates":[[[[-10.282,8.485],[-10.414,8.47],[-10.519,8.335],[-10.725,8.32],[-10.639,8.52],[-10.482,8.672],[-10.6,8.819],[-10.592,9.039],[-10.746,9.084],[-10.675,9.306],[-10.855,9.455],[-10.853,9.512],[-11.01,9.743],[-11.16,9.873],[-11.2,9.982],[-11.273,9.996],[-11.91,9.993],[-11.922,9.922],[-12.141,9.875],[-12.254,9.928],[-12.508,9.86],[-12.522,9.734],[-12.639,9.589],[-12.702,9.42],[-12.836,9.282],[-12.958,9.272],[-13.029,9.096],[-13.116,9.044],[-13.208,9.077],[-13.301,9.041],[-13.288,8.969],[-13.143,8.917],[-13.13,8.864],[-12.986,8.857],[-13.24,8.826],[-13.241,8.672],[-13.154,8.515],[-13.078,8.589],[-12.936,8.607],[-13.116,8.473],[-13.06,8.373],[-13.178,8.479],[-13.287,8.5],[-13.274,8.421],[-13.169,8.263],[-13.158,8.171],[-12.972,8.254],[-12.981,8.186],[-12.876,8.103],[-12.912,8.031],[-12.821,7.917],[-12.959,7.911],[-12.711,7.712],[-12.544,7.654],[-12.404,7.548],[-12.225,7.609],[-12.188,7.583],[-12.315,7.528],[-12.428,7.534],[-12.507,7.39],[-12.315,7.329],[-11.84,7.149],[-11.476,6.919],[-11.437,6.939],[-11.373,7.139],[-11.317,7.214],[-11.218,7.254],[-11.126,7.368],[-10.978,7.485],[-10.875,7.531],[-10.731,7.705],[-10.615,7.769],[-10.618,8.011],[-10.529,8.124],[-10.365,8.148],[-10.282,8.485]]],[[[-12.493,7.568],[-12.621,7.64],[-12.898,7.611],[-12.952,7.568],[-12.606,7.479],[-12.52,7.404],[-12.493,7.568]]]]},"properties":{"NAME":"Sierra Leone","ADMIN":"Sierra Leone","ISO_A2":"SL","ISO_A3":"SLE","CONTINENT":"Africa","SUBREGION":"Western Africa","POP_EST":7813215,"GDP_MD":4121,"LABEL_X":-11.763677,"LABEL_Y":8.617449,"ID":"SLE"}},{"type":"Feature","geometry":{"type":"Polygon","coordinates":[[[-13.301,9.041],[-13.208,9.077],[-13.116,9.044],[-13.029,9.096],[-12.958,9.272],[-12.836,9.282],[-12.702,9.42],[-12.639,9.589],[-12.522,9.734],[-12.508,9.86],[-12.254,9.928],[-12.141,9.875],[-11.922,9.922],[-11.91,9.993],[-11.273,9.996],[-11.2,9.982],[-11.16,9.873],[-11.01,9.743],[-10.853,9.512],[-10.855,9.455],[-10.675,9.306],[-10.746,9.084],[-10.592,9.039],[-10.6,8.819],[-10.482,8.672],[-10.639,8.52],[-10.725,8.32],[-10.519,8.335],[-10.414,8.47],[-10.282,8.485],[-10.091,8.51],[-10.075,8.427],[-9.807,8.506],[-9.774,8.563],[-9.677,8.392],[-9.499,8.343],[-9.53,8.185],[-9.481,8.165],[-9.422,8.016],[-9.439,7.866],[-9.355,7.742],[-9.354,7.622],[-9.466,7.433],[-9.407,7.378],[-9.335,7.42],[-9.234,7.381],[-9.125,7.19],[-8.963,7.263],[-8.858,7.273],[-8.865,7.347],[-8.73,7.509],[-8.687,7.694],[-8.567,7.688],[-8.485,7.558],[-8.415,7.613],[-8.229,7.544],[-8.127,7.713],[-8.129,7.883],[-8.069,8.029],[-7.963,8.015],[-8.022,8.118],[-8.266,8.246],[-8.249,8.454],[-8.2,8.492],[-7.971,8.497],[-7.899,8.426],[-7.824,8.478],[-7.771,8.387],[-7.662,8.375],[-7.692,8.606],[-7.804,8.749],[-7.959,8.782],[-7.917,9.012],[-7.747,9.076],[-7.93,9.184],[-7.865,9.41],[-8.07,9.398],[-8.162,9.576],[-8.124,9.845],[-8.174,9.942],[-8.109,10.054],[-7.99,10.162],[-7.965,10.259],[-8.016,10.339],[-8.115,10.36],[-8.135,10.427],[-8.229,10.423],[-8.296,10.537],[-8.311,11.001],[-8.369,11.054],[-8.506,11.053],[-8.542,10.984],[-8.681,10.952],[-8.697,10.996],[-8.615,11.134],[-8.483,11.285],[-8.407,11.275],[-8.375,11.368],[-8.657,11.496],[-8.713,11.64],[-8.847,11.658],[-8.797,11.913],[-8.82,12.013],[-8.926,12.064],[-8.914,12.17],[-8.974,12.188],[-8.994,12.388],[-9.147,12.465],[-9.322,12.497],[-9.413,12.455],[-9.308,12.345],[-9.36,12.247],[-9.422,12.257],[-9.628,12.17],[-9.723,12.025],[-9.871,12.052],[-10.06,12.148],[-10.267,12.218],[-10.512,12.118],[-10.515,12.053],[-10.645,11.908],[-10.711,11.89],[-10.808,12.023],[-10.805,12.096],[-10.91,12.2],[-11.052,12.203],[-11.191,12.014],[-11.315,12.013],[-11.508,12.192],[-11.388,12.404],[-11.515,12.432],[-11.758,12.383],[-11.935,12.417],[-12.079,12.408],[-12.361,12.306],[-12.505,12.39],[-12.594,12.362],[-12.648,12.426],[-12.773,12.435],[-12.913,12.536],[-12.981,12.467],[-13.083,12.516],[-13.076,12.636],[-13.728,12.673],[-13.725,12.558],[-13.663,12.476],[-13.712,12.268],[-13.84,12.277],[-13.944,12.219],[-13.973,12.152],[-13.724,12.003],[-13.73,11.71],[-13.816,11.687],[-13.87,11.744],[-13.904,11.665],[-14.015,11.637],[-14.279,11.665],[-14.521,11.513],[-14.687,11.511],[-14.828,11.335],[-14.959,11.036],[-15.021,10.967],[-15.081,10.878],[-14.96,10.768],[-14.978,10.878],[-14.875,10.973],[-14.742,10.989],[-14.809,10.94],[-14.809,10.823],[-14.74,10.872],[-14.793,10.745],[-14.7,10.643],[-14.521,10.851],[-14.615,10.691],[-14.658,10.48],[-14.535,10.508],[-14.537,10.404],[-14.463,10.33],[-14.463,10.225],[-14.352,10.226],[-14.153,10.056],[-14.044,10.133],[-14.058,10.025],[-13.945,9.967],[-13.843,9.861],[-13.682,9.913],[-13.747,9.768],[-13.692,9.74],[-13.665,9.837],[-13.594,9.774],[-13.626,9.647],[-13.722,9.506],[-13.588,9.569],[-13.499,9.429],[-13.428,9.421],[-13.408,9.287],[-13.346,9.343],[-13.315,9.182],[-13.233,9.267],[-13.226,9.179],[-13.322,9.083],[-13.301,9.041]]]},"properties":{"NAME":"Guinea","ADMIN":"Guinea","ISO_A2":"GN","ISO_A3":"GIN","CONTINENT":"Africa","SUBREGION":"Western Africa","POP_EST":12771246,"GDP_MD":12296,"LABEL_X":-10.016402,"LABEL_Y":10.618516,"ID":"GIN"}},{"type":"Feature","geometry":{"type":"Polygon","coordinates":[[[-11.476,6.919],[-11.368,6.811],[-11.353,6.701],[-11.054,6.584],[-10.824,6.438],[-10.788,6.293],[-10.659,6.227],[-10.396,6.177],[-10.364,6.116],[-10.227,6.044],[-10.046,5.896],[-10.04,5.854],[-9.697,5.546],[-9.597,5.488],[-9.594,5.43],[-9.497,5.389],[-9.471,5.32],[-9.279,5.146],[-9.015,4.978],[-8.848,4.914],[-8.747,4.838],[-8.608,4.787],[-8.257,4.58],[-8.1,4.553],[-7.833,4.452],[-7.713,4.362],[-7.541,4.353],[-7.574,4.375],[-7.572,4.723],[-7.605,4.897],[-7.55,4.914],[-7.578,5.055],[-7.489,5.141],[-7.468,5.273],[-7.39,5.317],[-7.439,5.388],[-7.384,5.569],[-7.449,5.732],[-7.447,5.846],[-7.68,5.941],[-7.717,5.901],[-7.8,5.974],[-7.844,6.184],[-7.914,6.272],[-8.06,6.301],[-8.171,6.274],[-8.353,6.361],[-8.412,6.34],[-8.405,6.436],[-8.468,6.487],[-8.516,6.438],[-8.619,6.493],[-8.352,6.755],[-8.32,6.96],[-8.284,7.018],[-8.303,7.138],[-8.388,7.315],[-8.444,7.537],[-8.485,7.558],[-8.567,7.688],[-8.687,7.694],[-8.73,7.509],[-8.865,7.347],[-8.858,7.273],[-8.963,7.263],[-9.125,7.19],[-9.234,7.381],[-9.335,7.42],[-9.407,7.378],[-9.466,7.433],[-9.354,7.622],[-9.355,7.742],[-9.439,7.866],[-9.422,8.016],[-9.481,8.165],[-9.53,8.185],[-9.499,8.343],[-9.677,8.392],[-9.774,8.563],[-9.807,8.506],[-10.075,8.427],[-10.091,8.51],[-10.282,8.485],[-10.365,8.148],[-10.529,8.124],[-10.618,8.011],[-10.615,7.769],[-10.731,7.705],[-10.875,7.531],[-10.978,7.485],[-11.126,7.368],[-11.218,7.254],[-11.317,7.214],[-11.373,7.139],[-11.437,6.939],[-11.476,6.919]]]},"properties":{"NAME":"Liberia","ADMIN":"Liberia","ISO_A2":"LR","ISO_A3":"LBR","CONTINENT":"Africa","SUBREGION":"Western Africa","POP_EST":4937374,"GDP_MD":3070,"LABEL_X":-9.460379,"LABEL_Y":6.447177,"ID":"LBR"}},{"type":"Feature","geometry":{"type":"Polygon","coordinates":[[[22.861,10.919],[22.72,10.965],[22.46,11.001],[22.253,10.915],[22.176,10.816],[22.049,10.837],[22.004,10.743],[21.864,10.668],[21.723,10.637],[21.705,10.572],[21.751,10.412],[21.719,10.297],[21.656,10.234],[21.545,10.22],[21.433,10.046],[21.34,9.96],[21.271,9.987],[21.132,9.849],[21.105,9.774],[21.017,9.744],[20.996,9.648],[20.826,9.418],[20.542,9.322],[20.435,9.138],[20.257,9.116],[20.11,9.151],[19.889,9.046],[19.64,9.014],[19.369,9],[19.263,9.028],[19.101,9.015],[18.87,8.864],[18.929,8.797],[19.124,8.675],[18.921,8.432],[18.813,8.276],[18.673,8.208],[18.589,8.048],[18.508,8.031],[18.07,8.019],[17.898,7.967],[17.68,7.985],[17.504,7.926],[17.466,7.884],[17.251,7.823],[17.116,7.687],[16.881,7.633],[16.769,7.55],[16.625,7.669],[16.549,7.87],[16.407,7.796],[16.371,7.673],[16.026,7.575],[15.925,7.488],[15.794,7.458],[15.669,7.516],[15.481,7.523],[15.403,7.386],[15.224,7.248],[15.19,7.099],[15.147,7.062],[15.042,6.791],[14.932,6.71],[14.719,6.258],[14.535,6.19],[14.398,6.019],[14.482,5.91],[14.585,5.923],[14.631,5.738],[14.593,5.624],[14.597,5.411],[14.52,5.291],[14.624,5.224],[14.663,5.142],[14.659,4.997],[14.701,4.814],[14.717,4.622],[14.78,4.545],[15.001,4.403],[15.073,4.266],[15.091,4.122],[15.192,4.052],[15.026,4.026],[15.171,3.759],[15.786,3.108],[15.914,3.098],[15.982,2.977],[16.026,2.979],[16.092,2.863],[16.063,2.703],[16.112,2.586],[16.09,2.51],[16.197,2.236],[16.479,2.836],[16.446,2.958],[16.491,3.068],[16.465,3.157],[16.511,3.227],[16.568,3.464],[16.639,3.529],[16.812,3.522],[16.853,3.56],[16.969,3.533],[17.334,3.619],[17.459,3.708],[17.55,3.648],[17.808,3.609],[17.842,3.54],[18.082,3.563],[18.16,3.48],[18.249,3.575],[18.472,3.632],[18.582,3.477],[18.626,3.477],[18.593,3.71],[18.645,3.982],[18.62,4.17],[18.537,4.306],[18.576,4.373],[18.721,4.377],[18.828,4.56],[19.012,4.765],[19.083,4.909],[19.409,5.13],[19.72,5.136],[19.825,5.097],[19.891,5.002],[20.004,4.974],[20.339,4.772],[20.463,4.601],[20.452,4.529],[20.603,4.41],[20.872,4.453],[21.084,4.388],[21.211,4.292],[21.299,4.33],[21.358,4.286],[21.538,4.245],[21.723,4.295],[21.868,4.242],[22.009,4.242],[22.207,4.15],[22.423,4.135],[22.546,4.237],[22.609,4.363],[22.587,4.449],[22.689,4.492],[22.786,4.725],[22.854,4.711],[22.898,4.824],[22.986,4.826],[23.017,4.751],[23.169,4.738],[23.265,4.635],[23.388,4.587],[23.567,4.724],[23.817,4.821],[23.948,4.818],[24.09,4.92],[24.163,4.908],[24.297,5.003],[24.399,5.036],[24.396,5.122],[24.487,5.101],[24.671,4.957],[24.789,4.92],[24.958,4.991],[25.085,4.954],[25.129,5.019],[25.308,5.032],[25.349,5.142],[25.308,5.185],[25.364,5.311],[25.581,5.375],[25.826,5.195],[25.911,5.17],[25.972,5.228],[26.027,5.19],[26.13,5.259],[26.292,5.151],[26.391,5.149],[26.463,5.06],[26.761,5.088],[26.867,5.038],[26.962,5.151],[27.116,5.2],[27.441,5.071],[27.301,5.205],[27.238,5.323],[27.22,5.441],[27.261,5.55],[27.124,5.769],[27.03,5.79],[26.981,5.859],[26.819,5.895],[26.805,5.957],[26.705,6.01],[26.602,6.011],[26.481,6.105],[26.509,6.205],[26.452,6.28],[26.29,6.387],[26.289,6.459],[26.378,6.653],[26.236,6.72],[26.081,6.842],[26.026,6.997],[25.801,7.105],[25.786,7.143],[25.592,7.211],[25.36,7.336],[25.316,7.417],[25.19,7.501],[25.165,7.58],[25.279,7.659],[25.217,7.864],[25.09,7.885],[24.953,7.997],[24.832,8.166],[24.615,8.217],[24.513,8.207],[24.431,8.271],[24.332,8.246],[24.131,8.343],[24.137,8.439],[24.244,8.57],[24.236,8.682],[24.17,8.689],[23.613,8.732],[23.505,8.711],[23.482,8.783],[23.554,8.883],[23.56,8.996],[23.505,8.961],[23.436,9.019],[23.474,9.171],[23.549,9.185],[23.632,9.278],[23.647,9.418],[23.606,9.537],[23.674,9.69],[23.624,9.908],[23.291,10.44],[23.006,10.687],[22.861,10.919]]]},"properties":{"NAME":"Central African Rep.","ADMIN":"Central African Republic","ISO_A2":"CF","ISO_A3":"CAF","CONTINENT":"Africa","SUBREGION":"Middle Africa","POP_EST":4745185,"GDP_MD":2220,"LABEL_X":20.906897,"LABEL_Y":6.989681,"ID":"CAF"}},{"type":"Feature","geometry":{"type":"Polygon","coordinates":[[[22.861,10.919],[23.006,10.687],[23.291,10.44],[23.624,9.908],[23.674,9.69],[23.606,9.537],[23.647,9.418],[23.632,9.278],[23.549,9.185],[23.474,9.171],[23.436,9.019],[23.505,8.961],[23.56,8.996],[23.554,8.883],[23.482,8.783],[23.505,8.711],[23.613,8.732],[24.17,8.689],[24.38,8.844],[24.558,8.887],[24.565,9.015],[24.661,9.182],[24.68,9.373],[24.785,9.498],[24.793,9.798],[24.976,9.967],[25.017,10.168],[25.084,10.293],[25.48,10.344],[25.843,10.418],[25.895,10.346],[25.901,10.191],[26.017,10.115],[26.103,9.988],[26.179,9.959],[26.557,9.52],[26.694,9.477],[27.08,9.607],[27.339,9.613],[27.895,9.595],[28.045,9.331],[28.844,9.325],[28.829,9.427],[29.009,9.603],[29.252,9.711],[29.483,9.762],[29.614,9.914],[29.615,10.058],[30.013,10.27],[30.485,9.972],[30.749,9.736],[31.164,9.764],[31.235,9.792],[31.665,10.214],[31.864,10.472],[31.943,10.656],[32.414,11.051],[32.435,11.107],[32.364,11.24],[32.346,11.412],[32.345,11.709],[32.082,12],[32.747,12.003],[32.732,12.216],[33.209,12.21],[33.145,11.935],[33.132,11.686],[33.083,11.585],[33.182,10.843],[33.14,10.739],[33.371,10.651],[33.469,10.544],[33.902,10.192],[33.967,10.047],[33.969,9.838],[33.905,9.711],[33.878,9.543],[33.901,9.455],[34.071,9.455],[34.098,9.68],[34.222,10.026],[34.303,10.114],[34.325,10.269],[34.279,10.566],[34.437,10.796],[34.587,10.879],[34.751,10.744],[34.754,10.684],[34.839,10.729],[34.951,10.869],[34.914,10.964],[34.98,11.155],[34.947,11.275],[35.073,11.549],[35.048,11.771],[35.088,11.838],[35.216,11.897],[35.317,12.024],[35.354,12.146],[35.617,12.575],[35.728,12.674],[36.03,12.717],[36.099,12.696],[36.143,12.833],[36.114,12.934],[36.234,13.362],[36.382,13.571],[36.458,13.82],[36.437,13.991],[36.526,14.264],[36.424,15.112],[36.525,15.248],[36.628,15.446],[36.617,15.532],[36.671,15.723],[36.76,15.837],[36.886,16.185],[36.944,16.253],[36.934,16.418],[36.877,16.527],[36.901,16.656],[36.985,16.766],[37,17.073],[37.134,17.016],[37.31,17.055],[37.403,17.03],[37.501,17.195],[37.507,17.318],[37.72,17.384],[37.799,17.477],[37.872,17.437],[38.015,17.54],[38.076,17.48],[38.161,17.557],[38.21,17.522],[38.344,17.656],[38.459,17.891],[38.602,18.005],[38.543,18.118],[38.245,18.244],[38.152,18.249],[38.076,18.348],[38.122,18.413],[37.926,18.585],[37.813,18.616],[37.675,18.741],[37.551,18.71],[37.434,18.862],[37.334,19.16],[37.286,19.475],[37.238,19.655],[37.259,19.821],[37.196,19.979],[37.225,20.12],[37.175,20.349],[37.228,20.565],[37.169,20.746],[37.147,20.941],[37.087,21.057],[37.121,21.224],[37.305,21.074],[37.114,21.278],[36.984,21.466],[36.888,21.65],[36.884,21.996],[35.486,21.996],[34.084,21.995],[33.999,21.767],[33.561,21.709],[33.181,21.995],[32.136,21.995],[31.435,21.995],[31.491,22.148],[31.404,22.224],[31.248,21.994],[30.432,21.994],[29.458,21.995],[28.29,21.995],[27.317,21.995],[26.344,21.995],[24.981,21.995],[24.981,21.372],[24.981,20.5],[24.981,20.002],[24.968,19.995],[23.981,19.995],[23.981,19.496],[23.982,18.567],[23.983,17.87],[23.983,16.941],[23.984,15.721],[23.593,15.749],[23.321,15.681],[23.095,15.704],[22.926,15.564],[22.907,15.481],[22.966,15.405],[22.966,15.224],[22.906,15.113],[22.739,14.98],[22.651,14.816],[22.666,14.682],[22.465,14.629],[22.364,14.544],[22.425,14.47],[22.441,14.25],[22.532,14.221],[22.531,14.123],[22.244,13.975],[22.074,13.771],[22.196,13.58],[22.268,13.335],[22.14,13.194],[22.016,13.14],[21.935,13.059],[21.809,12.794],[21.936,12.64],[22.059,12.637],[22.205,12.743],[22.446,12.611],[22.373,12.463],[22.481,12.177],[22.458,12.03],[22.612,12.073],[22.537,11.681],[22.628,11.51],[22.743,11.466],[22.782,11.399],[22.915,11.396],[22.956,11.209],[22.861,10.919]]]},"properties":{"NAME":"Sudan","ADMIN":"Sudan","ISO_A2":"SD","ISO_A3":"SDN","CONTINENT":"Africa","SUBREGION":"Northern Africa","POP_EST":42813238,"GDP_MD":30513,"LABEL_X":29.260657,"LABEL_Y":16.330746,"ID":"SDN"}},{"type":"Feature","geometry":{"type":"Polygon","coordinates":[[[43.241,11.488],[43.123,11.581],[42.875,11.584],[42.74,11.563],[42.592,11.472],[42.527,11.582],[42.684,11.582],[42.754,11.708],[42.896,11.781],[43.042,11.799],[43.207,11.958],[43.377,12.005],[43.419,12.091],[43.411,12.242],[43.329,12.489],[43.283,12.497],[43.118,12.708],[42.9,12.616],[42.785,12.517],[42.792,12.429],[42.678,12.36],[42.522,12.496],[42.431,12.52],[42.379,12.466],[41.936,11.827],[41.808,11.736],[41.749,11.538],[41.788,11.26],[41.761,10.996],[41.954,10.941],[42.069,10.982],[42.392,11.006],[42.616,11.09],[42.73,11.065],[42.772,10.996],[42.924,10.999],[43.241,11.488]]]},"properties":{"NAME":"Djibouti","ADMIN":"Djibouti","ISO_A2":"DJ","ISO_A3":"DJI","CONTINENT":"Africa","SUBREGION":"Eastern Africa","POP_EST":973560,"GDP_MD":3324,"LABEL_X":42.498825,"LABEL_Y":11.976343,"ID":"DJI"}},{"type":"Feature","geometry":{"type":"MultiPolygon","coordinates":[[[[43.118,12.708],[43.086,12.821],[43.001,12.9],[42.963,12.81],[42.774,12.862],[42.738,13.018],[42.655,13.072],[42.521,13.236],[42.379,13.223],[42.288,13.575],[42.219,13.64],[42.185,13.586],[42.117,13.641],[41.981,13.838],[41.842,13.88],[41.806,13.93],[41.677,13.94],[41.621,14.064],[41.336,14.402],[41.307,14.489],[41.156,14.642],[40.945,14.677],[40.884,14.715],[40.766,14.695],[40.734,14.818],[40.527,14.997],[40.39,15.003],[40.287,14.913],[40.159,14.982],[40.027,15.237],[40.072,15.351],[39.875,15.504],[39.776,15.403],[39.79,15.257],[39.857,15.193],[39.811,15.079],[39.698,15.124],[39.718,15.264],[39.587,15.531],[39.458,15.525],[39.43,15.603],[39.478,15.661],[39.427,15.82],[39.313,15.894],[39.236,16.109],[39.197,16.299],[39.163,16.628],[39.056,17.034],[38.929,17.397],[38.79,17.669],[38.696,17.807],[38.602,18.005],[38.459,17.891],[38.344,17.656],[38.21,17.522],[38.161,17.557],[38.076,17.48],[38.015,17.54],[37.872,17.437],[37.799,17.477],[37.72,17.384],[37.507,17.318],[37.501,17.195],[37.403,17.03],[37.31,17.055],[37.134,17.016],[37,17.073],[36.985,16.766],[36.901,16.656],[36.877,16.527],[36.934,16.418],[36.944,16.253],[36.886,16.185],[36.76,15.837],[36.671,15.723],[36.617,15.532],[36.628,15.446],[36.525,15.248],[36.424,15.112],[36.526,14.264],[36.748,14.332],[37.073,14.285],[37.121,14.421],[37.294,14.457],[37.398,14.302],[37.565,14.117],[37.891,14.88],[38.007,14.724],[38.229,14.68],[38.325,14.505],[38.427,14.417],[38.607,14.436],[38.866,14.494],[39.075,14.637],[39.158,14.56],[39.208,14.44],[39.367,14.483],[39.515,14.568],[39.599,14.512],[39.767,14.505],[39.911,14.423],[40.105,14.466],[40.277,14.405],[40.422,14.274],[40.833,14.106],[41.044,13.872],[41.192,13.616],[41.531,13.394],[41.712,13.248],[41.817,13.113],[41.947,12.876],[42.137,12.773],[42.379,12.466],[42.431,12.52],[42.522,12.496],[42.678,12.36],[42.792,12.429],[42.785,12.517],[42.9,12.616],[43.118,12.708]]],[[[40.386,15.641],[40.244,15.702],[40.232,15.627],[40.164,15.644],[40.136,15.806],[40.026,15.883],[39.994,15.778],[39.93,15.74],[40.039,15.719],[40.081,15.661],[39.971,15.661],[40.061,15.592],[40.123,15.614],[40.287,15.573],[40.414,15.598],[40.386,15.641]]],[[[40.095,16.047],[39.99,16.018],[40.097,15.981],[40.095,16.047]]]]},"properties":{"NAME":"Eritrea","ADMIN":"Eritrea","ISO_A2":"ER","ISO_A3":"ERI","CONTINENT":"Africa","SUBREGION":"Eastern Africa","POP_EST":6081196,"GDP_MD":2065,"LABEL_X":38.285566,"LABEL_Y":15.787401,"ID":"ERI"}},{"type":"Feature","geometry":{"type":"Polygon","coordinates":[[[16.945,48.604],[16.873,48.719],[16.436,48.795],[16.358,48.727],[16.032,48.758],[15.818,48.872],[15.681,48.858],[15.263,48.983],[14.982,49.008],[14.919,48.762],[14.8,48.777],[14.696,48.59],[14.458,48.643],[14.316,48.558],[14.075,48.592],[13.982,48.706],[13.816,48.766],[13.802,48.612],[13.717,48.522],[13.521,48.585],[13.406,48.377],[13.274,48.307],[13.033,48.264],[12.745,48.121],[12.76,48.065],[12.991,47.847],[12.892,47.724],[13.02,47.713],[13.072,47.622],[13.037,47.493],[12.943,47.47],[12.779,47.555],[12.762,47.667],[12.497,47.629],[12.424,47.692],[12.177,47.706],[12.166,47.604],[11.936,47.611],[11.82,47.575],[11.62,47.59],[11.551,47.514],[11.413,47.506],[11.259,47.401],[10.979,47.391],[10.79,47.516],[10.414,47.573],[10.452,47.439],[10.306,47.302],[10.16,47.271],[10.191,47.379],[10.073,47.365],[10.072,47.439],[9.949,47.524],[9.753,47.582],[9.704,47.531],[9.547,47.535],[9.65,47.41],[9.521,47.263],[9.616,47.107],[9.581,47.057],[9.858,47.015],[9.862,46.94],[10.111,46.847],[10.368,46.996],[10.454,46.864],[10.662,46.861],[10.717,46.795],[10.997,46.769],[11.092,46.912],[11.314,46.987],[11.596,47],[11.746,46.972],[11.944,47.038],[12.204,47.08],[12.111,46.993],[12.142,46.919],[12.267,46.868],[12.269,46.789],[12.405,46.69],[12.83,46.61],[13.065,46.598],[13.231,46.552],[13.478,46.564],[13.701,46.52],[14.05,46.484],[14.15,46.44],[14.406,46.439],[14.54,46.379],[14.59,46.434],[14.789,46.507],[14.85,46.601],[15.062,46.65],[15.388,46.646],[15.463,46.615],[15.636,46.718],[16.015,46.694],[15.988,46.83],[16.094,46.863],[16.275,47.004],[16.486,46.999],[16.421,47.243],[16.425,47.351],[16.641,47.453],[16.688,47.523],[16.63,47.622],[16.408,47.661],[16.61,47.751],[16.797,47.675],[17.075,47.708],[17.004,47.863],[17.148,48.005],[16.982,48.161],[16.951,48.277],[16.844,48.366],[16.945,48.604]]]},"properties":{"NAME":"Austria","ADMIN":"Austria","ISO_A2":"AT","ISO_A3":"AUT","CONTINENT":"Europe","SUBREGION":"Western Europe","POP_EST":8877067,"GDP_MD":445075,"LABEL_X":14.130515,"LABEL_Y":47.518859,"ID":"AUT"}},{"type":"Feature","geometry":{"type":"Polygon","coordinates":[[[44.766,37.142],[44.578,37.166],[44.307,36.977],[44.234,36.984],[44.18,37.088],[44.24,37.158],[44.223,37.254],[43.99,37.313],[43.894,37.225],[43.48,37.243],[43.336,37.32],[43.084,37.369],[42.937,37.32],[42.722,37.359],[42.561,37.147],[42.357,37.11],[42.377,37.062],[41.844,36.618],[41.79,36.589],[41.415,36.527],[41.277,36.355],[41.241,36.043],[41.344,35.858],[41.364,35.655],[41.261,35.494],[41.192,35.182],[41.196,34.768],[40.988,34.429],[40.936,34.386],[40.69,34.331],[39.88,33.926],[38.775,33.372],[39.057,32.497],[38.979,32.476],[39.046,32.308],[39.236,32.353],[39.292,32.245],[39.146,32.118],[40.029,31.994],[40.424,31.921],[41.548,31.349],[42.075,31.08],[42.859,30.495],[43.89,29.767],[44.692,29.202],[45.435,29.136],[46.357,29.063],[46.532,29.096],[46.712,29.271],[46.853,29.445],[46.958,29.62],[47.11,29.961],[47.197,30.034],[47.358,30.092],[47.674,30.098],[47.948,29.994],[48.038,30.037],[48.209,30.024],[48.335,29.961],[48.521,29.929],[48.531,29.961],[48.453,30.001],[48.383,30.156],[48.397,30.221],[48.272,30.324],[48.2,30.324],[48.158,30.426],[48.014,30.464],[48.015,30.976],[48.002,30.995],[47.673,30.995],[47.679,31.408],[47.831,31.762],[47.668,32.012],[47.491,32.149],[47.508,32.2],[47.396,32.337],[47.343,32.459],[47.121,32.461],[46.716,32.756],[46.479,32.892],[46.273,32.959],[46.097,32.954],[46.12,33.062],[46.03,33.106],[46.167,33.168],[46.155,33.26],[46.036,33.368],[45.916,33.536],[45.886,33.631],[45.735,33.583],[45.486,33.939],[45.38,33.974],[45.534,34.128],[45.561,34.265],[45.417,34.444],[45.503,34.494],[45.501,34.592],[45.696,34.55],[45.627,34.721],[45.755,34.91],[45.835,34.89],[45.913,35.087],[46.009,35.061],[46.143,35.1],[46.169,35.216],[46.12,35.319],[45.964,35.494],[45.996,35.658],[46.238,35.716],[46.281,35.828],[46.185,35.798],[46.06,35.857],[45.835,35.811],[45.719,35.828],[45.647,35.933],[45.453,36.012],[45.36,35.977],[45.348,36.088],[45.259,36.262],[45.239,36.403],[45.111,36.403],[44.991,36.534],[45.044,36.649],[44.996,36.742],[44.831,36.792],[44.883,36.887],[44.881,37.025],[44.767,37.079],[44.766,37.142]]]},"properties":{"NAME":"Iraq","ADMIN":"Iraq","ISO_A2":"IQ","ISO_A3":"IRQ","CONTINENT":"Asia","SUBREGION":"Western Asia","POP_EST":39309783,"GDP_MD":234094,"LABEL_X":43.26181,"LABEL_Y":33.09403,"ID":"IRQ"}},{"type":"Feature","geometry":{"type":"MultiPolygon","coordinates":[[[[7.022,45.925],[6.801,45.826],[6.796,45.718],[6.963,45.641],[6.983,45.511],[7.161,45.411],[7.108,45.259],[6.844,45.13],[6.736,45.157],[6.603,45.103],[6.723,45.013],[6.728,44.929],[6.933,44.862],[7.055,44.685],[6.983,44.692],[6.846,44.547],[6.918,44.436],[6.866,44.372],[7.033,44.243],[7.381,44.123],[7.656,44.176],[7.692,44.085],[7.478,43.866],[7.502,43.792],[7.695,43.791],[7.96,43.853],[8.168,43.956],[8.233,44.104],[8.408,44.194],[8.466,44.304],[8.725,44.424],[8.827,44.428],[9.231,44.354],[9.484,44.244],[9.621,44.148],[9.82,44.063],[9.845,44.109],[10.106,44.017],[10.264,43.809],[10.326,43.477],[10.437,43.389],[10.547,43.147],[10.478,42.99],[10.519,42.925],[10.681,42.949],[10.778,42.895],[10.731,42.804],[10.99,42.71],[11.187,42.521],[11.094,42.403],[11.396,42.4],[11.658,42.279],[11.827,42.034],[11.917,42.038],[12.147,41.903],[12.239,41.736],[12.448,41.631],[12.635,41.447],[12.894,41.399],[13.045,41.228],[13.324,41.295],[13.575,41.208],[13.722,41.252],[13.852,41.147],[14.096,40.834],[14.203,40.801],[14.294,40.839],[14.474,40.73],[14.33,40.584],[14.544,40.614],[14.752,40.677],[14.889,40.573],[14.998,40.398],[14.911,40.242],[15.127,40.17],[15.343,40.004],[15.41,39.994],[15.535,40.078],[15.61,40.073],[15.782,39.869],[15.806,39.696],[15.868,39.564],[15.995,39.439],[16.083,39.075],[16.22,38.899],[16.179,38.748],[16.003,38.725],[15.844,38.66],[15.905,38.474],[15.786,38.278],[15.651,38.241],[15.624,38.092],[15.666,37.967],[15.761,37.925],[16.001,37.919],[16.09,37.949],[16.169,38.143],[16.34,38.301],[16.57,38.43],[16.539,38.723],[16.611,38.817],[16.839,38.918],[16.981,38.937],[17.104,38.899],[17.206,39.029],[17.122,39.121],[17.122,39.338],[17.159,39.406],[16.846,39.553],[16.75,39.62],[16.625,39.625],[16.516,39.69],[16.492,39.805],[16.632,39.966],[16.605,40.084],[16.738,40.211],[16.912,40.445],[17.05,40.519],[17.228,40.474],[17.213,40.406],[17.512,40.304],[17.848,40.29],[17.997,40.12],[17.967,40.057],[18.072,39.912],[18.368,39.797],[18.434,40.023],[18.517,40.114],[18.437,40.268],[18.238,40.458],[18.037,40.557],[18.007,40.651],[17.476,40.83],[17.276,40.98],[17.057,41.082],[16.594,41.207],[16.022,41.428],[15.912,41.503],[15.925,41.64],[16.193,41.791],[16.14,41.92],[16.027,41.944],[15.446,41.907],[15.123,41.934],[14.994,42.011],[14.741,42.085],[14.694,42.185],[14.56,42.226],[14.387,42.373],[14.221,42.47],[14.075,42.599],[13.945,42.798],[13.835,43.127],[13.617,43.531],[13.253,43.703],[12.947,43.898],[12.71,43.983],[12.479,44.139],[12.369,44.251],[12.284,44.488],[12.254,44.751],[12.292,44.843],[12.445,44.821],[12.534,44.97],[12.328,45.101],[12.298,45.215],[12.209,45.309],[12.273,45.464],[12.507,45.573],[12.563,45.532],[12.41,45.436],[12.781,45.554],[12.944,45.629],[13.085,45.642],[13.07,45.714],[13.222,45.776],[13.423,45.724],[13.555,45.737],[13.551,45.792],[13.726,45.704],[13.787,45.611],[13.712,45.593],[13.895,45.632],[13.779,45.743],[13.581,45.809],[13.623,45.966],[13.462,46.006],[13.637,46.18],[13.423,46.229],[13.365,46.29],[13.701,46.52],[13.478,46.564],[13.231,46.552],[13.065,46.598],[12.83,46.61],[12.405,46.69],[12.269,46.789],[12.267,46.868],[12.142,46.919],[12.111,46.993],[12.204,47.08],[11.944,47.038],[11.746,46.972],[11.596,47],[11.314,46.987],[11.092,46.912],[10.997,46.769],[10.717,46.795],[10.662,46.861],[10.454,46.864],[10.369,46.672],[10.467,46.604],[10.426,46.535],[10.295,46.551],[10.192,46.627],[10.088,46.604],[10.042,46.433],[10.133,46.414],[10.092,46.329],[10.159,46.262],[10.043,46.22],[9.964,46.356],[9.709,46.342],[9.56,46.293],[9.452,46.37],[9.438,46.492],[9.263,46.485],[9.269,46.309],[9.072,46.119],[8.983,45.972],[9.059,45.882],[8.9,45.826],[8.871,45.947],[8.768,45.983],[8.834,46.066],[8.602,46.123],[8.427,46.251],[8.442,46.435],[8.073,46.254],[8.111,46.127],[7.986,45.999],[7.831,45.914],[7.541,45.984],[7.362,45.908],[7.184,45.88],[7.022,45.925]],[[12.429,43.892],[12.386,43.925],[12.482,43.983],[12.429,43.892]],[[12.453,41.903],[12.453,41.904],[12.454,41.904],[12.453,41.903]]],[[[12,36.836],[11.922,36.828],[12.031,36.741],[12,36.836]]],[[[15.529,38.303],[15.292,38.207],[15.241,38.241],[15.088,38.128],[14.907,38.188],[14.734,38.158],[14.635,38.081],[14.273,38.015],[14.021,38.049],[13.791,37.974],[13.547,38.056],[13.514,38.111],[13.391,38.103],[13.318,38.221],[13.101,38.19],[13.027,38.062],[12.901,38.028],[12.761,38.181],[12.725,38.126],[12.504,38.011],[12.427,37.809],[12.489,37.683],[12.659,37.565],[12.943,37.569],[13.026,37.493],[13.174,37.487],[13.278,37.394],[13.453,37.299],[13.569,37.274],[13.683,37.189],[13.894,37.101],[14.089,37.118],[14.279,37.044],[14.395,36.945],[14.487,36.793],[14.781,36.699],[14.882,36.731],[15.074,36.659],[15.135,36.688],[15.094,36.8],[15.175,36.944],[15.332,37.012],[15.303,37.101],[15.183,37.207],[15.252,37.258],[15.111,37.322],[15.097,37.494],[15.164,37.568],[15.207,37.748],[15.5,38.085],[15.584,38.24],[15.529,38.303]]],[[[8.456,39.074],[8.36,39.118],[8.41,38.962],[8.456,39.074]]],[[[8.306,39.193],[8.225,39.157],[8.29,39.099],[8.306,39.193]]],[[[9.792,40.557],[9.658,40.8],[9.724,40.845],[9.557,40.931],[9.616,41.02],[9.521,41.032],[9.566,41.119],[9.443,41.133],[9.231,41.263],[9.093,41.135],[9.006,41.122],[8.764,40.914],[8.521,40.827],[8.31,40.851],[8.233,40.91],[8.134,40.729],[8.197,40.691],[8.162,40.564],[8.312,40.578],[8.463,40.315],[8.49,40.104],[8.407,40.022],[8.398,39.905],[8.545,39.879],[8.5,39.716],[8.446,39.763],[8.463,39.577],[8.374,39.379],[8.426,39.283],[8.372,39.231],[8.442,39.118],[8.56,39.057],[8.6,38.899],[8.717,38.933],[8.853,38.878],[9.015,38.99],[9.018,39.146],[9.079,39.212],[9.292,39.221],[9.443,39.124],[9.558,39.14],[9.645,39.484],[9.649,39.639],[9.732,40.084],[9.655,40.145],[9.626,40.263],[9.749,40.377],[9.827,40.52],[9.792,40.557]]],[[[10.443,42.845],[10.355,42.808],[10.158,42.817],[10.107,42.757],[10.325,42.765],[10.431,42.722],[10.443,42.845]]]]},"properties":{"NAME":"Italy","ADMIN":"Italy","ISO_A2":"IT","ISO_A3":"ITA","CONTINENT":"Europe","SUBREGION":"Southern Europe","POP_EST":60297396,"GDP_MD":2003576,"LABEL_X":11.076907,"LABEL_Y":44.732482,"ID":"ITA"}},{"type":"Feature","geometry":{"type":"Polygon","coordinates":[[[10.454,46.864],[10.368,46.996],[10.111,46.847],[9.862,46.94],[9.858,47.015],[9.581,47.057],[9.477,47.064],[9.521,47.263],[9.65,47.41],[9.547,47.535],[9.273,47.65],[9.017,47.679],[8.906,47.652],[8.602,47.795],[8.464,47.764],[8.391,47.665],[8.568,47.663],[8.449,47.584],[8.179,47.616],[8.087,47.567],[7.82,47.595],[7.683,47.544],[7.586,47.585],[7.379,47.431],[7.245,47.418],[7.181,47.488],[7.01,47.499],[6.867,47.354],[7.044,47.34],[6.956,47.245],[6.599,46.987],[6.443,46.944],[6.429,46.761],[6.132,46.596],[6.054,46.419],[6.136,46.359],[6.09,46.246],[5.959,46.212],[5.959,46.13],[6.108,46.139],[6.281,46.24],[6.214,46.315],[6.302,46.394],[6.483,46.449],[6.763,46.429],[6.75,46.346],[6.828,46.269],[6.774,46.135],[6.854,46.123],[7.022,45.925],[7.184,45.88],[7.362,45.908],[7.541,45.984],[7.831,45.914],[7.986,45.999],[8.111,46.127],[8.073,46.254],[8.442,46.435],[8.427,46.251],[8.602,46.123],[8.834,46.066],[8.768,45.983],[8.871,45.947],[8.9,45.826],[9.059,45.882],[8.983,45.972],[9.072,46.119],[9.269,46.309],[9.263,46.485],[9.438,46.492],[9.452,46.37],[9.56,46.293],[9.709,46.342],[9.964,46.356],[10.043,46.22],[10.159,46.262],[10.092,46.329],[10.133,46.414],[10.042,46.433],[10.088,46.604],[10.192,46.627],[10.295,46.551],[10.426,46.535],[10.467,46.604],[10.369,46.672],[10.454,46.864]]]},"properties":{"NAME":"Switzerland","ADMIN":"Switzerland","ISO_A2":"CH","ISO_A3":"CHE","CONTINENT":"Europe","SUBREGION":"Western Europe","POP_EST":8574832,"GDP_MD":703082,"LABEL_X":7.463965,"LABEL_Y":46.719114,"ID":"CHE"}},{"type":"Feature","geometry":{"type":"MultiPolygon","coordinates":[[[[44.807,39.64],[44.566,39.766],[44.459,39.698],[44.405,39.434],[44.27,39.383],[44.061,39.4],[44.078,39.2],[44.187,39.145],[44.139,38.994],[44.275,38.844],[44.244,38.659],[44.297,38.622],[44.29,38.382],[44.425,38.377],[44.459,38.322],[44.372,38.25],[44.361,38.148],[44.221,37.969],[44.22,37.875],[44.378,37.854],[44.45,37.767],[44.596,37.716],[44.566,37.447],[44.802,37.293],[44.766,37.142],[44.767,37.079],[44.881,37.025],[44.883,36.887],[44.831,36.792],[44.996,36.742],[45.044,36.649],[44.991,36.534],[45.111,36.403],[45.239,36.403],[45.259,36.262],[45.348,36.088],[45.36,35.977],[45.453,36.012],[45.647,35.933],[45.719,35.828],[45.835,35.811],[46.06,35.857],[46.185,35.798],[46.281,35.828],[46.238,35.716],[45.996,35.658],[45.964,35.494],[46.12,35.319],[46.169,35.216],[46.143,35.1],[46.009,35.061],[45.913,35.087],[45.835,34.89],[45.755,34.91],[45.627,34.721],[45.696,34.55],[45.501,34.592],[45.503,34.494],[45.417,34.444],[45.561,34.265],[45.534,34.128],[45.38,33.974],[45.486,33.939],[45.735,33.583],[45.886,33.631],[45.916,33.536],[46.036,33.368],[46.155,33.26],[46.167,33.168],[46.03,33.106],[46.12,33.062],[46.097,32.954],[46.273,32.959],[46.479,32.892],[46.716,32.756],[47.121,32.461],[47.343,32.459],[47.396,32.337],[47.508,32.2],[47.491,32.149],[47.668,32.012],[47.831,31.762],[47.679,31.408],[47.673,30.995],[48.002,30.995],[48.015,30.976],[48.014,30.464],[48.158,30.426],[48.2,30.324],[48.272,30.324],[48.397,30.221],[48.383,30.156],[48.453,30.001],[48.531,29.961],[48.702,30.032],[48.877,30.024],[48.935,30.08],[48.921,30.25],[48.862,30.346],[48.935,30.419],[49.017,30.415],[48.981,30.516],[49.211,30.506],[49.257,30.422],[49.203,30.347],[49.062,30.408],[48.949,30.401],[49.004,30.309],[49.161,30.224],[49.221,30.265],[49.245,30.156],[49.48,30.156],[49.532,30.023],[49.601,30.03],[49.915,30.204],[50.073,30.196],[50.128,30.121],[50.145,29.938],[50.244,29.867],[50.397,29.655],[50.456,29.634],[50.655,29.449],[50.689,29.291],[50.644,29.143],[50.84,29.141],[50.932,29.031],[50.889,28.941],[50.823,28.997],[50.813,28.915],[50.876,28.832],[50.979,28.817],[51.059,28.736],[51.073,28.565],[51.142,28.401],[51.265,28.27],[51.265,28.161],[51.38,27.991],[51.585,27.849],[51.723,27.825],[52.011,27.833],[52.245,27.681],[52.423,27.647],[52.679,27.425],[52.579,27.393],[52.848,27.215],[53.072,27.097],[53.412,26.994],[53.492,26.854],[53.716,26.709],[53.821,26.701],[53.995,26.746],[54.15,26.708],[54.308,26.715],[54.389,26.605],[54.561,26.585],[54.62,26.508],[54.802,26.498],[55.103,26.701],[55.271,26.793],[55.484,26.768],[55.554,26.811],[55.609,26.954],[55.685,27.003],[55.939,27.027],[56.124,27.161],[56.353,27.202],[56.583,27.153],[56.809,27.14],[56.844,27.04],[57.025,26.851],[57.09,26.619],[57.076,26.447],[57.133,26.264],[57.213,26.166],[57.165,26.095],[57.254,25.959],[57.326,25.777],[57.632,25.735],[57.735,25.748],[57.772,25.636],[57.963,25.693],[58.046,25.575],[58.17,25.544],[58.419,25.612],[58.814,25.564],[58.924,25.513],[59.024,25.403],[59.454,25.462],[59.538,25.4],[59.775,25.39],[59.904,25.33],[60.082,25.366],[60.209,25.32],[60.271,25.38],[60.467,25.29],[60.395,25.378],[60.55,25.447],[60.633,25.275],[61.031,25.21],[61.185,25.123],[61.412,25.059],[61.497,25.125],[61.483,25.194],[61.554,25.254],[61.588,25.202],[61.62,25.285],[61.66,25.769],[61.76,25.838],[61.81,26.167],[61.857,26.242],[62.094,26.315],[62.124,26.374],[62.243,26.351],[62.292,26.501],[62.428,26.565],[62.595,26.581],[62.754,26.644],[63.141,26.625],[63.182,26.83],[63.265,26.89],[63.23,27.054],[63.32,27.117],[63.252,27.219],[63.167,27.259],[62.92,27.215],[62.801,27.225],[62.756,27.348],[62.815,27.495],[62.78,27.83],[62.736,27.995],[62.766,28.211],[62.739,28.258],[62.576,28.229],[62.363,28.419],[62.049,28.486],[61.893,28.543],[61.653,28.756],[61.567,28.871],[61.488,29.081],[61.342,29.255],[61.337,29.374],[61.279,29.407],[60.844,29.858],[61.462,30.495],[61.785,30.831],[61.826,31.035],[61.743,31.24],[61.749,31.302],[61.661,31.382],[60.855,31.483],[60.822,31.495],[60.775,32.027],[60.83,32.249],[60.578,32.994],[60.568,33.151],[60.819,33.405],[60.88,33.549],[60.656,33.56],[60.512,33.638],[60.487,33.711],[60.528,33.841],[60.487,34.094],[60.521,34.186],[60.644,34.307],[60.89,34.319],[60.7,34.516],[60.948,34.638],[60.96,34.723],[61.065,34.815],[61.116,35.06],[61.108,35.278],[61.29,35.548],[61.27,35.618],[61.232,35.672],[61.247,35.876],[61.174,36.006],[61.223,36.118],[61.152,36.406],[61.186,36.578],[61.075,36.648],[60.342,36.637],[60.019,37.026],[59.573,37.183],[59.37,37.319],[59.352,37.494],[59.212,37.516],[59.046,37.62],[58.801,37.695],[58.704,37.645],[58.514,37.691],[58.372,37.63],[58.207,37.679],[58.181,37.775],[57.691,37.92],[57.496,37.922],[57.352,37.968],[57.344,38.081],[57.218,38.265],[57.038,38.187],[56.739,38.27],[56.585,38.235],[56.436,38.255],[56.297,38.166],[56.3,38.08],[55.978,38.066],[55.709,38.119],[55.423,38.076],[55.13,37.952],[54.857,37.761],[54.787,37.652],[54.784,37.517],[54.617,37.433],[54.533,37.441],[54.364,37.363],[54.187,37.324],[53.914,37.343],[53.923,37.258],[54.034,36.949],[54.014,36.821],[53.889,36.794],[53.701,36.817],[53.609,36.877],[53.818,36.875],[54.004,36.915],[53.492,36.888],[53.116,36.822],[52.779,36.74],[51.909,36.583],[51.089,36.737],[50.479,37.035],[50.322,37.153],[50.149,37.404],[49.935,37.454],[49.442,37.495],[49.132,37.623],[49.014,37.739],[48.94,37.925],[48.866,38.317],[48.874,38.434],[48.778,38.445],[48.608,38.396],[48.415,38.618],[48.31,38.6],[48.21,38.73],[48.013,38.822],[48.059,38.948],[48.243,38.974],[48.307,39.045],[48.142,39.181],[48.125,39.298],[48.339,39.379],[48.052,39.65],[47.957,39.707],[47.847,39.685],[47.554,39.522],[47.374,39.456],[47.291,39.38],[47.102,39.308],[47.02,39.19],[46.866,39.165],[46.745,39.04],[46.514,38.882],[46.392,38.922],[46.136,38.864],[45.439,39.004],[45.348,39.164],[45.153,39.214],[45.096,39.341],[44.957,39.434],[44.872,39.625],[44.807,39.64]]],[[[54.037,26.488],[54.033,26.55],[53.903,26.536],[54.037,26.488]]],[[[56.212,27.003],[56.041,26.976],[55.898,26.907],[55.758,26.954],[55.774,26.797],[55.352,26.647],[55.285,26.66],[55.298,26.544],[55.503,26.595],[55.706,26.695],[55.877,26.743],[55.947,26.696],[56.081,26.785],[56.194,26.925],[56.287,26.955],[56.212,27.003]]]]},"properties":{"NAME":"Iran","ADMIN":"Iran","ISO_A2":"IR","ISO_A3":"IRN","CONTINENT":"Asia","SUBREGION":"Southern Asia","POP_EST":82913906,"GDP_MD":453996,"LABEL_X":54.931495,"LABEL_Y":32.166225,"ID":"IRN"}},{"type":"Feature","geometry":{"type":"MultiPolygon","coordinates":[[[[7.195,53.245],[6.901,53.352],[6.867,53.434],[6.73,53.461],[6.346,53.413],[5.981,53.406],[5.592,53.303],[5.447,53.221],[5.379,53.097],[5.078,52.954],[4.913,52.906],[4.745,52.968],[4.669,52.797],[4.597,52.507],[4.508,52.336],[4.142,52.006],[4.01,51.98],[4.078,51.844],[3.963,51.847],[4.072,51.717],[4.177,51.686],[3.988,51.59],[4.24,51.519],[4.283,51.448],[4.129,51.441],[3.829,51.613],[3.56,51.595],[3.458,51.555],[3.535,51.459],[3.69,51.454],[3.827,51.391],[3.943,51.45],[4.261,51.369],[4.392,51.35],[4.377,51.443],[4.483,51.474],[4.63,51.418],[4.764,51.496],[4.91,51.392],[5.012,51.474],[5.068,51.375],[5.215,51.259],[5.472,51.288],[5.546,51.22],[5.829,51.156],[5.718,50.909],[5.622,50.853],[5.688,50.761],[5.995,50.75],[6.064,50.908],[5.92,51.03],[6.147,51.152],[6.065,51.232],[6.208,51.388],[6.193,51.509],[6.099,51.644],[5.939,51.732],[5.928,51.807],[6.127,51.897],[6.382,51.828],[6.811,51.961],[6.675,52.035],[7.026,52.231],[7.048,52.365],[6.973,52.451],[6.695,52.476],[6.771,52.641],[7.037,52.647],[7.08,52.854],[7.184,52.966],[7.195,53.245]]],[[[3.349,51.375],[3.392,51.247],[3.635,51.288],[3.809,51.205],[4.119,51.272],[4.221,51.368],[3.984,51.41],[3.858,51.345],[3.541,51.417],[3.349,51.375]]],[[[-68.212,12.228],[-68.377,12.31],[-68.417,12.257],[-68.303,12.203],[-68.26,12.028],[-68.205,12.118],[-68.212,12.228]]],[[[4.037,51.686],[3.94,51.741],[3.689,51.725],[3.978,51.623],[4.037,51.686]]],[[[4.893,53.111],[4.854,53.188],[4.714,53.055],[4.796,53],[4.893,53.111]]],[[[5.424,53.43],[5.179,53.385],[5.208,53.353],[5.424,53.43]]],[[[5.674,53.468],[5.679,53.43],[5.955,53.461],[5.674,53.468]]]]},"properties":{"NAME":"Netherlands","ADMIN":"Netherlands","ISO_A2":"NL","ISO_A3":"NLD","CONTINENT":"Europe","SUBREGION":"Western Europe","POP_EST":17332850,"GDP_MD":907050,"LABEL_X":5.61144,"LABEL_Y":52.422211,"ID":"NLD"}},{"type":"Feature","geometry":{"type":"Polygon","coordinates":[[[9.521,47.263],[9.477,47.064],[9.581,47.057],[9.616,47.107],[9.521,47.263]]]},"properties":{"NAME":"Liechtenstein","ADMIN":"Liechtenstein","ISO_A2":"LI","ISO_A3":"LIE","CONTINENT":"Europe","SUBREGION":"Western Europe","POP_EST":38019,"GDP_MD":6876,"LABEL_X":9.559439,"LABEL_Y":47.111405,"ID":"LIE"}},{"type":"Feature","geometry":{"type":"MultiPolygon","coordinates":[[[[-7.99,10.162],[-8.109,10.054],[-8.174,9.942],[-8.124,9.845],[-8.162,9.576],[-8.07,9.398],[-7.865,9.41],[-7.93,9.184],[-7.747,9.076],[-7.917,9.012],[-7.959,8.782],[-7.804,8.749],[-7.692,8.606],[-7.662,8.375],[-7.771,8.387],[-7.824,8.478],[-7.899,8.426],[-7.971,8.497],[-8.2,8.492],[-8.249,8.454],[-8.266,8.246],[-8.022,8.118],[-7.963,8.015],[-8.069,8.029],[-8.129,7.883],[-8.127,7.713],[-8.229,7.544],[-8.415,7.613],[-8.485,7.558],[-8.444,7.537],[-8.388,7.315],[-8.303,7.138],[-8.284,7.018],[-8.32,6.96],[-8.352,6.755],[-8.619,6.493],[-8.516,6.438],[-8.468,6.487],[-8.405,6.436],[-8.412,6.34],[-8.353,6.361],[-8.171,6.274],[-8.06,6.301],[-7.914,6.272],[-7.844,6.184],[-7.8,5.974],[-7.717,5.901],[-7.68,5.941],[-7.447,5.846],[-7.449,5.732],[-7.384,5.569],[-7.439,5.388],[-7.39,5.317],[-7.468,5.273],[-7.489,5.141],[-7.578,5.055],[-7.55,4.914],[-7.605,4.897],[-7.572,4.723],[-7.574,4.375],[-7.541,4.353],[-7.457,4.344],[-7.173,4.519],[-7.058,4.539],[-6.914,4.656],[-6.627,4.725],[-6.584,4.76],[-6.139,4.915],[-5.851,5.03],[-5.496,5.095],[-5.002,5.129],[-5.033,5.183],[-5.283,5.177],[-5.359,5.129],[-5.322,5.23],[-5.112,5.183],[-5.01,5.216],[-4.969,5.137],[-4.785,5.144],[-4.621,5.181],[-3.996,5.232],[-4.06,5.283],[-4.184,5.28],[-4.442,5.225],[-4.804,5.204],[-4.687,5.28],[-4.612,5.239],[-4.478,5.291],[-4.321,5.311],[-4.061,5.3],[-3.989,5.269],[-3.892,5.314],[-3.744,5.274],[-3.775,5.245],[-3.933,5.287],[-3.987,5.244],[-3.312,5.12],[-3.262,5.341],[-3.128,5.36],[-3.205,5.219],[-3.139,5.142],[-2.978,5.115],[-2.947,5.177],[-2.844,5.149],[-2.757,5.18],[-2.79,5.347],[-2.733,5.356],[-2.782,5.579],[-2.877,5.637],[-2.97,5.621],[-2.965,5.71],[-3.03,5.704],[-3.02,5.818],[-3.088,5.997],[-3.118,6.163],[-3.184,6.264],[-3.263,6.617],[-3.21,6.716],[-3.225,6.849],[-3.11,7.046],[-3.046,7.071],[-2.972,7.229],[-2.99,7.271],[-2.942,7.577],[-2.84,7.82],[-2.691,8.01],[-2.611,8.04],[-2.619,8.123],[-2.506,8.209],[-2.619,8.924],[-2.661,9.015],[-2.775,9.055],[-2.759,9.135],[-2.66,9.273],[-2.689,9.489],[-2.764,9.392],[-2.91,9.543],[-2.99,9.708],[-3.095,9.734],[-3.203,9.908],[-3.278,9.843],[-3.317,9.901],[-3.662,9.949],[-3.89,9.894],[-4.054,9.798],[-4.133,9.82],[-4.253,9.75],[-4.323,9.609],[-4.502,9.655],[-4.504,9.742],[-4.681,9.682],[-4.838,9.869],[-4.966,9.901],[-4.975,10.056],[-5.117,10.208],[-5.112,10.279],[-5.218,10.32],[-5.403,10.301],[-5.523,10.425],[-5.594,10.454],[-5.806,10.413],[-5.905,10.348],[-6.016,10.19],[-6.181,10.216],[-6.243,10.289],[-6.184,10.359],[-6.186,10.481],[-6.261,10.514],[-6.208,10.638],[-6.246,10.721],[-6.41,10.694],[-6.421,10.557],[-6.521,10.564],[-6.669,10.654],[-6.698,10.488],[-6.654,10.44],[-6.7,10.342],[-6.804,10.371],[-6.973,10.332],[-6.959,10.186],[-7.041,10.14],[-7.089,10.198],[-7.347,10.248],[-7.366,10.329],[-7.444,10.334],[-7.466,10.429],[-7.664,10.437],[-7.778,10.33],[-7.829,10.212],[-7.99,10.162]]],[[[-3.115,5.108],[-3.234,5.163],[-3.262,5.111],[-3.12,5.091],[-3.115,5.108]]]]},"properties":{"NAME":"C\u00f4te d'Ivoire","ADMIN":"Ivory Coast","ISO_A2":"CI","ISO_A3":"CIV","CONTINENT":"Africa","SUBREGION":"Western Africa","POP_EST":25716544,"GDP_MD":58539,"LABEL_X":-5.568618,"LABEL_Y":7.49139,"ID":"CIV"}},{"type":"Feature","geometry":{"type":"Polygon","coordinates":[[[20.243,46.108],[19.929,46.164],[19.79,46.129],[19.55,46.164],[19.263,45.981],[19.065,46.012],[18.982,45.922],[18.901,45.931],[18.849,45.81],[18.968,45.669],[18.942,45.539],[19.018,45.567],[18.976,45.391],[19.104,45.299],[19.397,45.223],[19.391,45.169],[19.122,45.196],[19.06,45.147],[19.079,44.911],[19.016,44.866],[19.174,44.925],[19.369,44.887],[19.328,44.734],[19.13,44.518],[19.107,44.383],[19.177,44.287],[19.324,44.264],[19.362,44.191],[19.619,44.036],[19.552,43.983],[19.229,43.958],[19.462,43.762],[19.506,43.674],[19.482,43.561],[19.347,43.609],[19.195,43.533],[19.218,43.438],[19.356,43.393],[19.619,43.168],[19.782,43.096],[19.929,43.114],[20.117,42.977],[20.337,42.907],[20.345,42.827],[20.476,42.856],[20.476,42.966],[20.596,43.007],[20.669,43.11],[20.598,43.185],[20.819,43.257],[20.839,43.17],[21.093,43.091],[21.261,42.887],[21.399,42.855],[21.379,42.744],[21.764,42.67],[21.617,42.387],[21.515,42.318],[21.564,42.246],[21.677,42.235],[21.942,42.333],[22.096,42.306],[22.26,42.369],[22.345,42.313],[22.509,42.405],[22.525,42.508],[22.425,42.573],[22.481,42.74],[22.426,42.81],[22.506,42.87],[22.727,42.887],[22.776,42.98],[22.935,43.086],[22.981,43.199],[22.805,43.329],[22.519,43.474],[22.473,43.636],[22.349,43.808],[22.4,43.993],[22.605,44.079],[22.606,44.175],[22.692,44.228],[22.682,44.305],[22.505,44.404],[22.484,44.5],[22.621,44.569],[22.765,44.583],[22.426,44.734],[22.32,44.685],[22.185,44.515],[22.104,44.51],[22.004,44.652],[21.855,44.698],[21.656,44.688],[21.558,44.782],[21.412,44.785],[21.369,44.865],[21.522,44.881],[21.516,44.934],[21.353,44.99],[21.493,45.145],[20.981,45.333],[20.761,45.493],[20.786,45.753],[20.713,45.733],[20.572,45.888],[20.339,45.993],[20.243,46.108]]]},"properties":{"NAME":"Serbia","ADMIN":"Republic of Serbia","ISO_A2":"RS","ISO_A3":"SRB","CONTINENT":"Europe","SUBREGION":"Southern Europe","POP_EST":6944975,"GDP_MD":51475,"LABEL_X":20.787989,"LABEL_Y":44.189919,"ID":"SRB"}},{"type":"Feature","geometry":{"type":"Polygon","coordinates":[[[-12.264,14.775],[-12.166,14.625],[-12.236,14.519],[-12.222,14.391],[-12.034,14.25],[-11.998,14.166],[-12.025,14.027],[-11.963,13.909],[-12.012,13.751],[-12.098,13.704],[-11.997,13.544],[-11.883,13.454],[-11.898,13.371],[-11.828,13.307],[-11.757,13.4],[-11.613,13.361],[-11.559,13.267],[-11.533,13.112],[-11.45,13.075],[-11.439,12.959],[-11.384,12.933],[-11.432,12.829],[-11.402,12.732],[-11.461,12.658],[-11.468,12.544],[-11.378,12.48],[-11.388,12.404],[-11.508,12.192],[-11.315,12.013],[-11.191,12.014],[-11.052,12.203],[-10.91,12.2],[-10.805,12.096],[-10.808,12.023],[-10.711,11.89],[-10.645,11.908],[-10.515,12.053],[-10.512,12.118],[-10.267,12.218],[-10.06,12.148],[-9.871,12.052],[-9.723,12.025],[-9.628,12.17],[-9.422,12.257],[-9.36,12.247],[-9.308,12.345],[-9.413,12.455],[-9.322,12.497],[-9.147,12.465],[-8.994,12.388],[-8.974,12.188],[-8.914,12.17],[-8.926,12.064],[-8.82,12.013],[-8.797,11.913],[-8.847,11.658],[-8.713,11.64],[-8.657,11.496],[-8.375,11.368],[-8.407,11.275],[-8.483,11.285],[-8.615,11.134],[-8.697,10.996],[-8.681,10.952],[-8.542,10.984],[-8.506,11.053],[-8.369,11.054],[-8.311,11.001],[-8.296,10.537],[-8.229,10.423],[-8.135,10.427],[-8.115,10.36],[-8.016,10.339],[-7.965,10.259],[-7.99,10.162],[-7.829,10.212],[-7.778,10.33],[-7.664,10.437],[-7.466,10.429],[-7.444,10.334],[-7.366,10.329],[-7.347,10.248],[-7.089,10.198],[-7.041,10.14],[-6.959,10.186],[-6.973,10.332],[-6.804,10.371],[-6.7,10.342],[-6.654,10.44],[-6.698,10.488],[-6.669,10.654],[-6.521,10.564],[-6.421,10.557],[-6.41,10.694],[-6.246,10.721],[-6.208,10.638],[-6.261,10.514],[-6.186,10.481],[-6.184,10.359],[-6.243,10.289],[-6.181,10.216],[-6.016,10.19],[-5.905,10.348],[-5.806,10.413],[-5.594,10.454],[-5.523,10.425],[-5.468,10.588],[-5.483,10.684],[-5.431,10.845],[-5.507,11.057],[-5.322,11.136],[-5.261,11.268],[-5.263,11.39],[-5.218,11.422],[-5.234,11.576],[-5.3,11.606],[-5.28,11.739],[-5.412,11.829],[-5.282,11.836],[-5.168,11.944],[-4.954,12.005],[-4.807,11.996],[-4.654,12.069],[-4.56,12.149],[-4.586,12.197],[-4.488,12.321],[-4.406,12.307],[-4.452,12.435],[-4.387,12.53],[-4.483,12.646],[-4.485,12.715],[-4.297,12.712],[-4.212,12.819],[-4.229,12.949],[-4.351,13.118],[-4.327,13.169],[-4.147,13.3],[-4.104,13.383],[-3.972,13.47],[-3.984,13.396],[-3.799,13.347],[-3.597,13.199],[-3.462,13.166],[-3.449,13.266],[-3.249,13.293],[-3.284,13.542],[-3.267,13.717],[-3.125,13.677],[-3.068,13.607],[-2.895,13.652],[-2.928,13.8],[-2.841,14.043],[-2.693,14.123],[-2.597,14.222],[-2.462,14.281],[-2.152,14.156],[-2.023,14.199],[-2.005,14.444],[-1.967,14.484],[-1.697,14.496],[-1.35,14.715],[-1.043,14.818],[-0.753,15.07],[-0.468,15.08],[-0.426,15.003],[-0.237,15.066],[0.218,14.911],[0.221,14.996],[0.353,14.963],[0.515,14.994],[0.67,14.94],[0.974,14.991],[1.271,15.26],[1.332,15.284],[2.081,15.309],[3,15.339],[3.073,15.427],[3.507,15.354],[3.527,15.496],[3.692,15.631],[3.871,15.715],[3.903,15.886],[3.983,15.984],[3.971,16.086],[4.061,16.298],[4.184,16.416],[4.182,16.81],[4.236,16.996],[4.232,18.153],[4.229,19.142],[3.44,18.996],[3.308,18.982],[3.103,19.154],[3.193,19.326],[3.251,19.365],[3.198,19.592],[3.217,19.794],[2.946,19.942],[2.495,20.02],[2.4,20.057],[2.28,20.218],[2.182,20.279],[2.071,20.213],[1.891,20.232],[1.649,20.412],[1.644,20.523],[1.52,20.617],[1.364,20.658],[1.297,20.733],[1.169,20.733],[1.145,20.796],[1.18,20.995],[1.147,21.102],[0.683,21.405],[-0.01,21.858],[-0.964,22.481],[-1.83,23.048],[-2.523,23.501],[-3.449,24.106],[-4.166,24.575],[-4.822,24.995],[-5.929,24.994],[-6.593,24.994],[-6.498,24.208],[-6.375,23.15],[-6.304,22.547],[-6.219,21.823],[-6.114,20.92],[-5.964,19.621],[-5.858,18.661],[-5.756,17.741],[-5.623,16.528],[-5.353,16.312],[-5.511,15.494],[-6.674,15.495],[-7.517,15.495],[-8.327,15.495],[-9.349,15.496],[-9.332,15.688],[-9.376,15.686],[-9.452,15.559],[-9.424,15.441],[-9.672,15.431],[-9.836,15.371],[-10.132,15.373],[-10.309,15.435],[-10.535,15.442],[-10.736,15.423],[-10.747,15.341],[-10.827,15.288],[-10.915,15.103],[-11.045,15.27],[-11.298,15.451],[-11.41,15.602],[-11.524,15.6],[-11.644,15.526],[-11.727,15.541],[-11.846,15.179],[-11.861,15.049],[-11.814,15.029],[-11.82,14.9],[-12.07,14.734],[-12.139,14.785],[-12.264,14.775]]]},"properties":{"NAME":"Mali","ADMIN":"Mali","ISO_A2":"ML","ISO_A3":"MLI","CONTINENT":"Africa","SUBREGION":"Western Africa","POP_EST":19658031,"GDP_MD":17279,"LABEL_X":-2.038455,"LABEL_Y":18.692713,"ID":"MLI"}},{"type":"Feature","geometry":{"type":"Polygon","coordinates":[[[-12.264,14.775],[-12.382,14.846],[-12.472,14.998],[-12.632,15.105],[-12.78,15.146],[-12.782,15.207],[-12.907,15.353],[-12.964,15.509],[-13.09,15.497],[-13.122,15.603],[-13.238,15.623],[-13.314,15.922],[-13.485,16.155],[-13.676,16.107],[-13.711,16.189],[-13.811,16.122],[-13.964,16.23],[-14.016,16.356],[-14.343,16.637],[-14.407,16.661],[-14.597,16.629],[-14.931,16.643],[-14.974,16.691],[-15.093,16.6],[-15.427,16.553],[-15.672,16.481],[-15.813,16.514],[-16.054,16.495],[-16.132,16.555],[-16.327,16.475],[-16.381,16.247],[-16.466,16.174],[-16.542,15.809],[-16.539,15.774],[-16.739,15.472],[-16.878,15.233],[-17.139,14.928],[-17.371,14.8],[-17.536,14.757],[-17.453,14.662],[-17.417,14.738],[-17.331,14.736],[-17.178,14.653],[-17.059,14.454],[-16.94,14.356],[-16.869,14.166],[-16.83,14.154],[-16.765,13.971],[-16.632,14.01],[-16.469,14.194],[-16.429,14.161],[-16.591,14.044],[-16.638,13.962],[-16.747,13.951],[-16.7,13.769],[-16.638,13.846],[-16.522,13.852],[-16.627,13.77],[-16.636,13.678],[-16.561,13.587],[-15.518,13.583],[-15.468,13.708],[-15.394,13.772],[-15.267,13.742],[-15.098,13.82],[-14.916,13.792],[-14.844,13.753],[-14.803,13.652],[-14.729,13.619],[-14.586,13.66],[-14.47,13.522],[-14.347,13.452],[-13.988,13.579],[-13.901,13.542],[-13.819,13.429],[-13.851,13.336],[-14.057,13.297],[-14.202,13.23],[-14.395,13.243],[-14.592,13.353],[-14.732,13.359],[-14.78,13.411],[-15.015,13.496],[-15.138,13.59],[-15.218,13.515],[-15.228,13.425],[-15.379,13.363],[-15.52,13.387],[-15.823,13.319],[-15.833,13.157],[-16.674,13.164],[-16.754,13.065],[-16.759,12.891],[-16.795,12.839],[-16.761,12.713],[-16.773,12.583],[-16.566,12.674],[-16.371,12.565],[-16.347,12.598],[-16.155,12.612],[-16.049,12.656],[-16.022,12.729],[-15.953,12.625],[-16.03,12.633],[-16.193,12.578],[-16.31,12.598],[-16.388,12.552],[-16.58,12.633],[-16.803,12.485],[-16.728,12.333],[-16.669,12.357],[-16.412,12.362],[-16.233,12.453],[-15.973,12.437],[-15.677,12.439],[-15.195,12.679],[-14.437,12.676],[-13.728,12.673],[-13.076,12.636],[-13.083,12.516],[-12.981,12.467],[-12.913,12.536],[-12.773,12.435],[-12.648,12.426],[-12.594,12.362],[-12.505,12.39],[-12.361,12.306],[-12.079,12.408],[-11.935,12.417],[-11.758,12.383],[-11.515,12.432],[-11.388,12.404],[-11.378,12.48],[-11.468,12.544],[-11.461,12.658],[-11.402,12.732],[-11.432,12.829],[-11.384,12.933],[-11.439,12.959],[-11.45,13.075],[-11.533,13.112],[-11.559,13.267],[-11.613,13.361],[-11.757,13.4],[-11.828,13.307],[-11.898,13.371],[-11.883,13.454],[-11.997,13.544],[-12.098,13.704],[-12.012,13.751],[-11.963,13.909],[-12.025,14.027],[-11.998,14.166],[-12.034,14.25],[-12.222,14.391],[-12.236,14.519],[-12.166,14.625],[-12.264,14.775]]]},"properties":{"NAME":"Senegal","ADMIN":"Senegal","ISO_A2":"SN","ISO_A3":"SEN","CONTINENT":"Africa","SUBREGION":"Western Africa","POP_EST":16296364,"GDP_MD":23578,"LABEL_X":-14.778586,"LABEL_Y":15.138125,"ID":"SEN"}},{"type":"Feature","geometry":{"type":"MultiPolygon","coordinates":[[[[3.596,11.696],[3.505,11.557],[3.483,11.392],[3.663,11.143],[3.722,11.112],[3.754,10.907],[3.731,10.825],[3.823,10.703],[3.837,10.6],[3.757,10.405],[3.652,10.436],[3.572,10.286],[3.656,10.175],[3.6,9.969],[3.513,9.847],[3.453,9.853],[3.317,9.782],[3.339,9.678],[3.129,9.43],[3.151,9.289],[3.091,9.126],[2.983,9.061],[2.769,9.057],[2.752,8.812],[2.723,8.772],[2.745,8.498],[2.697,8.321],[2.735,8.212],[2.672,7.89],[2.727,7.793],[2.721,7.587],[2.792,7.478],[2.741,7.408],[2.776,7.031],[2.715,6.98],[2.724,6.8],[2.779,6.699],[2.731,6.642],[2.704,6.368],[2.928,6.389],[3.385,6.398],[3.37,6.45],[3.402,6.552],[3.481,6.602],[3.515,6.527],[3.774,6.622],[3.858,6.602],[3.571,6.509],[3.541,6.455],[3.385,6.445],[3.444,6.41],[3.87,6.432],[4.126,6.41],[4.406,6.359],[4.509,6.314],[4.717,6.164],[4.886,6.007],[5.18,5.583],[5.28,5.617],[5.331,5.725],[5.326,5.605],[5.393,5.561],[5.23,5.583],[5.198,5.501],[5.263,5.437],[5.434,5.396],[5.541,5.51],[5.53,5.386],[5.34,5.344],[5.475,4.847],[5.571,4.73],[5.595,4.636],[5.782,4.456],[5.946,4.335],[6.062,4.295],[6.043,4.416],[6.105,4.375],[6.097,4.278],[6.189,4.281],[6.23,4.388],[6.333,4.437],[6.247,4.321],[6.271,4.293],[6.434,4.347],[6.57,4.335],[6.596,4.482],[6.619,4.331],[6.695,4.347],[6.66,4.451],[6.717,4.585],[6.716,4.355],[6.871,4.361],[6.838,4.393],[6.716,4.834],[6.75,4.834],[6.803,4.65],[6.845,4.629],[6.823,4.518],[6.861,4.416],[7.024,4.398],[6.976,4.484],[7.002,4.58],[7.044,4.437],[7.178,4.501],[7.136,4.662],[7.281,4.505],[7.312,4.608],[7.454,4.553],[7.531,4.601],[7.558,4.525],[7.723,4.512],[8.032,4.559],[8.279,4.547],[8.356,4.626],[8.23,4.934],[8.409,4.749],[8.518,4.704],[8.594,4.815],[8.602,4.881],[8.758,5.135],[8.799,5.16],[8.894,5.622],[8.819,5.703],[8.856,5.847],[8.988,5.937],[9.273,6.203],[9.327,6.299],[9.423,6.339],[9.603,6.515],[9.693,6.531],[9.77,6.774],[9.875,6.788],[10.119,6.994],[10.238,6.871],[10.496,6.875],[10.579,7.131],[10.603,7.058],[10.832,6.945],[10.877,6.816],[11.003,6.767],[11.056,6.7],[11.097,6.449],[11.319,6.437],[11.389,6.474],[11.417,6.572],[11.51,6.612],[11.571,6.766],[11.562,6.876],[11.688,6.987],[11.881,7.102],[11.737,7.263],[12.025,7.597],[12.009,7.676],[12.055,7.784],[12.198,7.975],[12.188,8.118],[12.238,8.217],[12.227,8.386],[12.404,8.497],[12.369,8.61],[12.558,8.606],[12.66,8.659],[12.806,8.832],[12.822,9.097],[12.899,9.302],[12.862,9.383],[12.982,9.475],[13.195,9.542],[13.263,9.802],[13.213,9.87],[13.248,10.079],[13.435,10.153],[13.501,10.496],[13.566,10.679],[13.744,10.93],[13.755,11.017],[13.982,11.276],[14.165,11.238],[14.368,11.383],[14.594,11.496],[14.621,11.63],[14.547,11.719],[14.623,11.917],[14.604,12.03],[14.67,12.167],[14.548,12.242],[14.514,12.324],[14.18,12.386],[14.177,12.546],[14.065,13.078],[13.607,13.704],[13.36,13.714],[13.266,13.638],[13.228,13.548],[13.029,13.539],[12.87,13.461],[12.724,13.322],[12.561,13.243],[12.473,13.064],[12.201,13.125],[12.058,13.117],[11.853,13.245],[11.44,13.364],[10.953,13.362],[10.675,13.375],[10.162,13.267],[9.93,13.146],[9.641,12.823],[9.59,12.801],[9.378,12.826],[9.269,12.81],[8.943,12.847],[8.679,12.924],[8.534,13.065],[8.398,13.075],[8.246,13.212],[8.078,13.31],[7.824,13.345],[7.756,13.327],[7.392,13.113],[7.198,13.117],[7.09,13.006],[6.907,13.007],[6.779,13.13],[6.673,13.321],[6.369,13.626],[6.23,13.679],[6.12,13.654],[5.554,13.873],[5.374,13.855],[5.274,13.753],[4.925,13.733],[4.857,13.774],[4.507,13.695],[4.406,13.641],[4.248,13.494],[4.126,13.473],[4.124,13.234],[4.089,12.996],[3.929,12.75],[3.646,12.529],[3.651,12.269],[3.624,12.094],[3.654,11.987],[3.604,11.906],[3.667,11.76],[3.596,11.696]]],[[[7.541,4.484],[7.405,4.498],[7.358,4.439],[7.57,4.459],[7.541,4.484]]],[[[7.274,4.492],[7.23,4.533],[7.138,4.397],[7.308,4.425],[7.274,4.492]]]]},"properties":{"NAME":"Nigeria","ADMIN":"Nigeria","ISO_A2":"NG","ISO_A3":"NGA","CONTINENT":"Africa","SUBREGION":"Western Africa","POP_EST":200963599,"GDP_MD":448120,"LABEL_X":7.50322,"LABEL_Y":9.439799,"ID":"NGA"}},{"type":"Feature","geometry":{"type":"Polygon","coordinates":[[[3.596,11.696],[3.503,11.83],[3.293,11.919],[3.255,12.019],[2.937,12.301],[2.844,12.399],[2.695,12.341],[2.664,12.292],[2.394,12.247],[2.361,12.219],[2.406,12.047],[2.455,12.009],[2.39,11.897],[2.291,11.675],[2.011,11.427],[1.88,11.445],[1.602,11.389],[1.569,11.453],[1.44,11.474],[1.339,11.366],[1.348,11.303],[1.268,11.248],[1.156,11.286],[1.158,11.166],[1.083,11.132],[1.119,11.048],[0.977,11.078],[0.963,10.974],[0.901,10.993],[0.863,10.796],[0.781,10.693],[0.769,10.367],[1.331,9.996],[1.351,9.595],[1.326,9.522],[1.38,9.462],[1.425,9.284],[1.567,9.137],[1.601,9.05],[1.608,8.422],[1.626,8.27],[1.621,7.997],[1.626,6.997],[1.532,6.992],[1.588,6.881],[1.601,6.746],[1.566,6.678],[1.744,6.426],[1.782,6.277],[1.62,6.214],[1.885,6.275],[2.307,6.331],[2.704,6.368],[2.731,6.642],[2.779,6.699],[2.724,6.8],[2.715,6.98],[2.776,7.031],[2.741,7.408],[2.792,7.478],[2.721,7.587],[2.727,7.793],[2.672,7.89],[2.735,8.212],[2.697,8.321],[2.745,8.498],[2.723,8.772],[2.752,8.812],[2.769,9.057],[2.983,9.061],[3.091,9.126],[3.151,9.289],[3.129,9.43],[3.339,9.678],[3.317,9.782],[3.453,9.853],[3.513,9.847],[3.6,9.969],[3.656,10.175],[3.572,10.286],[3.652,10.436],[3.757,10.405],[3.837,10.6],[3.823,10.703],[3.731,10.825],[3.754,10.907],[3.722,11.112],[3.663,11.143],[3.483,11.392],[3.505,11.557],[3.596,11.696]]]},"properties":{"NAME":"Benin","ADMIN":"Benin","ISO_A2":"BJ","ISO_A3":"BEN","CONTINENT":"Africa","SUBREGION":"Western Africa","POP_EST":11801151,"GDP_MD":14390,"LABEL_X":2.352018,"LABEL_Y":10.324775,"ID":"BEN"}},{"type":"Feature","geometry":{"type":"MultiPolygon","coordinates":[[[[13.074,-4.635],[12.902,-4.48],[12.854,-4.403],[12.762,-4.391],[12.608,-4.565],[12.387,-4.605],[12.332,-4.766],[12.235,-4.804],[12.188,-4.768],[12.131,-4.913],[12.01,-5.02],[12.132,-5.006],[12.117,-5.07],[12.023,-5.046],[12.125,-5.185],[12.232,-5.48],[12.147,-5.618],[12.211,-5.763],[12.344,-5.725],[12.509,-5.726],[12.531,-5.163],[12.444,-5.055],[12.588,-5],[12.679,-4.924],[12.833,-4.723],[13.065,-4.664],[13.074,-4.635]]],[[[23.967,-10.872],[23.834,-11.028],[23.495,-10.964],[23.373,-10.975],[23.197,-11.072],[23.014,-11.102],[22.829,-11.052],[22.728,-11.097],[22.538,-11.037],[22.469,-11.122],[22.238,-11.25],[22.244,-11.078],[22.165,-10.852],[22.31,-10.77],[22.306,-10.551],[22.274,-10.503],[22.313,-10.369],[22.203,-10.131],[22.16,-9.931],[22.056,-9.875],[21.984,-9.749],[21.854,-9.618],[21.793,-9.394],[21.841,-9.276],[21.86,-8.846],[21.885,-8.782],[21.936,-8.413],[21.851,-8.143],[21.758,-8.015],[21.77,-7.807],[21.854,-7.586],[21.842,-7.37],[21.785,-7.283],[20.521,-7.286],[20.524,-7.143],[20.611,-6.916],[20.331,-6.917],[20.294,-7.002],[19.522,-7.002],[19.476,-7.316],[19.513,-7.479],[19.425,-7.58],[19.356,-7.574],[19.378,-7.73],[19.334,-7.867],[19.356,-8.002],[18.774,-8.002],[18.739,-7.932],[18.517,-7.932],[18.508,-7.998],[18.354,-8.016],[18.177,-7.999],[18.102,-8.033],[18.098,-8.109],[17.982,-8.105],[17.901,-8.048],[17.79,-8.082],[17.544,-8.085],[17.537,-8.015],[17.434,-7.916],[17.218,-7.586],[17.083,-7.342],[16.996,-7.298],[16.946,-7.205],[16.929,-7.061],[16.973,-7.015],[16.927,-6.889],[16.833,-6.828],[16.768,-6.708],[16.747,-6.522],[16.693,-6.398],[16.727,-6.189],[16.604,-6.062],[16.597,-5.925],[16.316,-5.855],[15.618,-5.866],[14.704,-5.881],[14.577,-5.905],[14.021,-5.873],[13.944,-5.842],[13.642,-5.866],[13.38,-5.856],[13.343,-5.891],[13.184,-5.856],[12.986,-5.901],[12.928,-5.981],[12.743,-6.049],[12.646,-6.029],[12.497,-6.095],[12.275,-6.115],[12.458,-6.466],[12.62,-6.735],[12.78,-6.915],[12.829,-6.905],[12.85,-7.266],[12.939,-7.436],[13.123,-7.857],[13.277,-8.179],[13.369,-8.323],[13.383,-8.444],[13.342,-8.467],[13.406,-8.637],[13.38,-8.755],[13.294,-8.755],[13.198,-8.823],[12.996,-9.094],[13.171,-9.403],[13.224,-9.614],[13.199,-9.709],[13.327,-9.886],[13.317,-9.976],[13.509,-10.277],[13.523,-10.388],[13.753,-10.646],[13.739,-10.783],[13.829,-10.914],[13.847,-11.114],[13.794,-11.341],[13.778,-11.589],[13.795,-11.77],[13.766,-11.921],[13.64,-12.249],[13.506,-12.371],[13.46,-12.507],[13.364,-12.593],[13.179,-12.602],[12.939,-12.817],[12.945,-12.982],[12.761,-13.193],[12.657,-13.256],[12.634,-13.343],[12.513,-13.442],[12.502,-13.855],[12.407,-13.891],[12.329,-14.092],[12.331,-14.434],[12.299,-14.508],[12.273,-14.751],[12.208,-14.833],[12.112,-15.115],[12.145,-15.169],[12.056,-15.233],[12.04,-15.463],[11.992,-15.617],[11.91,-15.676],[11.844,-15.794],[11.752,-15.799],[11.737,-15.9],[11.807,-16.019],[11.779,-16.1],[11.822,-16.479],[11.82,-16.781],[11.768,-16.768],[11.766,-17.253],[11.822,-17.264],[12.029,-17.149],[12.162,-17.146],[12.243,-17.225],[12.418,-17.203],[12.555,-17.236],[12.818,-17.105],[12.887,-17.03],[13.166,-16.951],[13.267,-16.985],[13.364,-16.964],[13.495,-17.024],[13.521,-17.122],[13.884,-17.339],[13.943,-17.408],[14.085,-17.424],[14.207,-17.388],[15.057,-17.388],[16.34,-17.389],[17.623,-17.389],[18.454,-17.39],[18.493,-17.465],[18.762,-17.748],[19.021,-17.822],[19.172,-17.801],[19.421,-17.859],[19.673,-17.843],[19.952,-17.862],[20.034,-17.896],[20.336,-17.855],[20.565,-17.985],[20.737,-17.993],[20.806,-18.031],[21.093,-17.938],[21.217,-17.931],[21.381,-18.013],[22.231,-17.858],[23.382,-17.641],[23.291,-17.535],[23.207,-17.541],[22.999,-17.294],[22.876,-17.248],[22.756,-17.155],[22.71,-17.055],[22.5,-16.893],[22.334,-16.674],[22.238,-16.665],[22.108,-16.544],[21.984,-16.166],[21.981,-15.111],[21.981,-14.358],[21.98,-13.604],[21.98,-13.001],[23.223,-13.001],[24.001,-13.001],[23.866,-12.79],[23.929,-12.562],[24.031,-12.385],[23.96,-12.197],[23.967,-11.883],[23.989,-11.834],[23.96,-11.617],[24.061,-11.395],[24.011,-11.273],[24.004,-10.982],[23.967,-10.872]]],[[[11.726,-16.618],[11.72,-16.506],[11.671,-16.53],[11.726,-16.618]]]]},"properties":{"NAME":"Angola","ADMIN":"Angola","ISO_A2":"AO","ISO_A3":"AGO","CONTINENT":"Africa","SUBREGION":"Middle Africa","POP_EST":31825295,"GDP_MD":88815,"LABEL_X":17.984249,"LABEL_Y":-12.182762,"ID":"AGO"}},{"type":"Feature","geometry":{"type":"MultiPolygon","coordinates":[[[[16.515,46.502],[16.344,46.547],[16.235,46.493],[16.28,46.376],[16.058,46.378],[16.039,46.308],[15.661,46.215],[15.59,46.114],[15.698,46.036],[15.666,45.832],[15.451,45.815],[15.251,45.708],[15.374,45.64],[15.269,45.602],[15.361,45.482],[15.139,45.43],[14.904,45.514],[14.882,45.47],[14.668,45.534],[14.556,45.657],[14.469,45.526],[14.373,45.478],[14.093,45.474],[13.972,45.514],[13.889,45.424],[13.59,45.489],[13.507,45.512],[13.603,45.279],[13.613,45.118],[13.808,44.915],[13.799,44.865],[13.964,44.812],[14.039,44.949],[14.164,44.996],[14.154,45.072],[14.33,45.354],[14.582,45.285],[14.658,45.197],[14.827,45.114],[14.922,44.959],[14.884,44.861],[14.901,44.69],[15.308,44.354],[15.525,44.261],[15.309,44.309],[15.11,44.264],[15.145,44.195],[15.466,43.922],[15.931,43.677],[15.973,43.503],[16.337,43.551],[16.626,43.449],[16.881,43.406],[17.073,43.239],[17.316,43.127],[17.581,42.942],[17.663,42.966],[17.587,43.082],[17.442,43.152],[17.268,43.353],[17.286,43.437],[17.085,43.513],[16.713,43.772],[16.679,43.841],[16.414,44.056],[16.327,44.082],[16.216,44.208],[16.203,44.36],[16.116,44.521],[15.896,44.719],[15.806,44.697],[15.717,44.786],[15.773,44.845],[15.78,45.16],[15.825,45.211],[15.998,45.219],[16.213,45.031],[16.341,45.006],[16.482,45.2],[16.587,45.221],[16.786,45.179],[16.924,45.285],[17.187,45.149],[17.269,45.19],[17.382,45.14],[17.572,45.12],[17.685,45.164],[17.836,45.064],[18.019,45.149],[18.193,45.109],[18.238,45.157],[18.541,45.055],[18.689,45.08],[18.789,45.006],[18.773,44.942],[18.89,44.861],[19.016,44.866],[19.079,44.911],[19.06,45.147],[19.122,45.196],[19.391,45.169],[19.397,45.223],[19.104,45.299],[18.976,45.391],[19.018,45.567],[18.942,45.539],[18.968,45.669],[18.849,45.81],[18.901,45.931],[18.763,45.884],[18.674,45.91],[18.412,45.743],[18.211,45.785],[17.87,45.773],[17.657,45.845],[17.591,45.936],[17.345,45.956],[17.197,46.121],[16.975,46.211],[16.865,46.359],[16.515,46.502]]],[[[18.437,42.559],[18.224,42.628],[17.858,42.817],[17.812,42.91],[17.653,42.891],[17.465,42.921],[17.24,43.023],[17.028,43.004],[17.202,42.984],[17.44,42.873],[17.749,42.791],[17.807,42.812],[18.076,42.651],[18.218,42.62],[18.239,42.559],[18.496,42.416],[18.437,42.559]]],[[[17.659,42.743],[17.324,42.791],[17.749,42.695],[17.659,42.743]]],[[[17.132,42.97],[16.824,42.962],[16.72,42.99],[16.638,42.935],[16.851,42.901],[17.2,42.922],[17.132,42.97]]],[[[16.241,43.072],[16.049,43.065],[16.121,43.013],[16.241,43.072]]],[[[16.693,43.127],[17.193,43.127],[16.751,43.162],[16.521,43.229],[16.372,43.196],[16.693,43.127]]],[[[16.501,43.284],[16.813,43.268],[16.892,43.312],[16.688,43.377],[16.426,43.394],[16.501,43.284]]],[[[16.391,43.346],[16.277,43.412],[16.207,43.387],[16.391,43.346]]],[[[15.145,43.95],[15.003,44.052],[15.136,43.903],[15.145,43.95]]],[[[14.877,44.56],[14.897,44.491],[15.117,44.387],[15.097,44.34],[15.254,44.34],[14.904,44.61],[14.877,44.56]]],[[[14.514,44.662],[14.452,44.799],[14.466,44.984],[14.278,45.128],[14.39,44.96],[14.302,44.943],[14.428,44.657],[14.514,44.662]]],[[[14.723,44.943],[14.815,44.977],[14.665,45.087],[14.665,45.162],[14.563,45.25],[14.53,45.135],[14.425,45.087],[14.626,45.037],[14.723,44.943]]]]},"properties":{"NAME":"Croatia","ADMIN":"Croatia","ISO_A2":"HR","ISO_A3":"HRV","CONTINENT":"Europe","SUBREGION":"Southern Europe","POP_EST":4067500,"GDP_MD":60752,"LABEL_X":16.37241,"LABEL_Y":45.805799,"ID":"HRV"}},{"type":"Feature","geometry":{"type":"Polygon","coordinates":[[[13.59,45.489],[13.889,45.424],[13.972,45.514],[14.093,45.474],[14.373,45.478],[14.469,45.526],[14.556,45.657],[14.668,45.534],[14.882,45.47],[14.904,45.514],[15.139,45.43],[15.361,45.482],[15.269,45.602],[15.374,45.64],[15.251,45.708],[15.451,45.815],[15.666,45.832],[15.698,46.036],[15.59,46.114],[15.661,46.215],[16.039,46.308],[16.058,46.378],[16.28,46.376],[16.235,46.493],[16.344,46.547],[16.515,46.502],[16.368,46.643],[16.411,46.668],[16.272,46.864],[16.094,46.863],[15.988,46.83],[16.015,46.694],[15.636,46.718],[15.463,46.615],[15.388,46.646],[15.062,46.65],[14.85,46.601],[14.789,46.507],[14.59,46.434],[14.54,46.379],[14.406,46.439],[14.15,46.44],[14.05,46.484],[13.701,46.52],[13.365,46.29],[13.423,46.229],[13.637,46.18],[13.462,46.006],[13.623,45.966],[13.581,45.809],[13.779,45.743],[13.895,45.632],[13.712,45.593],[13.753,45.553],[13.59,45.536],[13.59,45.489]]]},"properties":{"NAME":"Slovenia","ADMIN":"Slovenia","ISO_A2":"SI","ISO_A3":"SVN","CONTINENT":"Europe","SUBREGION":"Southern Europe","POP_EST":2087946,"GDP_MD":54174,"LABEL_X":14.915312,"LABEL_Y":46.06076,"ID":"SVN"}},{"type":"Feature","geometry":{"type":"Polygon","coordinates":[[[50.808,24.747],[50.881,24.636],[50.979,24.568],[51.095,24.56],[51.215,24.626],[51.339,24.646],[51.341,24.57],[51.444,24.68],[51.5,24.855],[51.587,24.953],[51.617,25.137],[51.59,25.284],[51.519,25.297],[51.519,25.426],[51.472,25.521],[51.505,25.687],[51.592,25.747],[51.577,25.881],[51.512,25.946],[51.404,25.954],[51.347,26.105],[51.251,26.16],[51.047,26.053],[50.984,25.981],[50.902,25.79],[50.899,25.532],[50.857,25.651],[50.847,25.467],[50.751,25.495],[50.776,25.092],[50.851,24.891],[50.808,24.747]]]},"properties":{"NAME":"Qatar","ADMIN":"Qatar","ISO_A2":"QA","ISO_A3":"QAT","CONTINENT":"Asia","SUBREGION":"Western Asia","POP_EST":2832067,"GDP_MD":175837,"LABEL_X":51.143509,"LABEL_Y":25.237383,"ID":"QAT"}},{"type":"Feature","geometry":{"type":"MultiPolygon","coordinates":[[[[50.808,24.747],[50.737,24.782],[50.726,24.882],[50.545,25.119],[50.525,25.293],[50.463,25.447],[50.348,25.482],[50.145,25.733],[50.247,25.679],[50.118,25.868],[50.101,25.989],[50.024,26.036],[49.976,26.14],[50.066,26.174],[50.141,26.036],[50.155,26.166],[50.202,26.171],[50.192,26.404],[50.031,26.495],[49.984,26.708],[50.142,26.681],[49.942,26.858],[49.872,26.862],[49.699,26.958],[49.524,27.133],[49.375,27.149],[49.323,27.206],[49.24,27.545],[49.064,27.556],[48.969,27.62],[48.873,27.612],[48.78,27.714],[48.804,27.815],[48.878,27.837],[48.606,28.126],[48.618,28.217],[48.535,28.299],[48.535,28.408],[48.433,28.54],[47.668,28.534],[47.597,28.609],[47.494,28.904],[47.434,28.995],[46.532,29.096],[46.357,29.063],[45.435,29.136],[44.692,29.202],[43.89,29.767],[42.859,30.495],[42.075,31.08],[41.548,31.349],[40.424,31.921],[40.029,31.994],[39.146,32.118],[38.963,31.994],[38.4,31.855],[36.96,31.491],[37.48,31.007],[37.981,30.499],[37.635,30.313],[37.47,29.995],[36.756,29.866],[36.705,29.831],[36.477,29.495],[36.069,29.2],[36.016,29.19],[34.949,29.352],[34.853,29.045],[34.836,28.816],[34.778,28.665],[34.804,28.527],[34.675,28.277],[34.647,28.099],[34.866,28.113],[34.928,28.079],[35.052,28.12],[35.216,28.054],[35.164,28.009],[35.255,27.953],[35.492,27.632],[35.56,27.456],[35.813,27.191],[35.832,27.093],[36.032,26.907],[36.098,26.754],[36.23,26.626],[36.383,26.335],[36.537,26.082],[36.696,26.022],[36.663,25.856],[36.725,25.754],[36.817,25.758],[36.936,25.646],[37.105,25.322],[37.23,25.194],[37.28,24.964],[37.257,24.871],[37.149,24.851],[37.457,24.441],[37.429,24.367],[37.523,24.268],[37.676,24.291],[37.866,24.15],[38.079,24.07],[38.185,23.976],[38.365,23.87],[38.453,23.784],[38.54,23.543],[38.6,23.568],[38.711,23.236],[38.806,23.093],[38.814,22.983],[38.894,22.965],[38.913,22.862],[39.082,22.547],[39.07,22.366],[39.143,22.391],[39.04,22.236],[39.006,22.002],[38.933,22.025],[38.95,21.922],[39.079,21.706],[39.092,21.577],[39.159,21.508],[39.171,21.404],[39.081,21.315],[39.17,21.191],[39.297,20.924],[39.506,20.746],[39.493,20.706],[39.646,20.462],[39.76,20.351],[39.923,20.264],[40.068,20.287],[40.268,20.125],[40.523,19.972],[40.629,19.792],[40.725,19.789],[40.791,19.714],[40.785,19.596],[40.945,19.506],[40.956,19.343],[41.036,19.265],[41.069,19.125],[41.177,19.067],[41.137,18.958],[41.171,18.872],[41.249,18.834],[41.21,18.698],[41.438,18.464],[41.472,18.279],[41.674,18.009],[41.719,17.909],[41.869,17.821],[42.302,17.454],[42.339,17.174],[42.402,17.164],[42.46,17.038],[42.544,17.004],[42.542,16.878],[42.636,16.815],[42.737,16.671],[42.725,16.566],[42.788,16.472],[42.789,16.371],[42.872,16.402],[42.907,16.479],[43.036,16.536],[43.085,16.673],[43.163,16.662],[43.209,16.773],[43.109,16.927],[43.156,17.21],[43.249,17.252],[43.165,17.326],[43.391,17.512],[43.503,17.513],[43.62,17.459],[43.751,17.346],[44.104,17.352],[44.404,17.419],[44.562,17.404],[44.646,17.432],[45.165,17.428],[45.43,17.312],[46.323,17.224],[46.71,17.275],[46.747,17.255],[46.97,16.957],[47.191,16.959],[47.428,17.092],[47.589,17.463],[48.162,18.149],[49.036,18.58],[49.129,18.612],[49.738,18.694],[51.02,18.867],[51.979,18.996],[52.774,19.261],[53.63,19.546],[54.315,19.774],[54.978,19.995],[55.303,20.971],[55.638,21.979],[55.627,22.024],[55.187,22.704],[55.105,22.621],[54.134,22.74],[53.439,22.826],[52.583,22.931],[52.538,22.955],[52.224,23.328],[51.594,24.078],[51.569,24.256],[51.413,24.323],[51.282,24.303],[51.306,24.406],[51.444,24.555],[51.396,24.608],[51.302,24.517],[51.269,24.624],[51.215,24.626],[51.095,24.56],[50.979,24.568],[50.881,24.636],[50.808,24.747]]],[[[42.186,16.706],[42.048,16.812],[42.011,16.739],[41.905,16.748],[41.757,16.896],[41.778,16.813],[41.976,16.664],[42.086,16.694],[42.073,16.636],[42.156,16.585],[42.186,16.706]]],[[[41.919,16.791],[41.928,16.955],[41.835,16.892],[41.919,16.791]]],[[[36.942,25.418],[36.776,25.489],[36.9,25.361],[36.942,25.418]]],[[[36.683,25.572],[36.523,25.662],[36.498,25.624],[36.683,25.572]]]]},"properties":{"NAME":"Saudi Arabia","ADMIN":"Saudi Arabia","ISO_A2":"SA","ISO_A3":"SAU","CONTINENT":"Asia","SUBREGION":"Western Asia","POP_EST":34268528,"GDP_MD":792966,"LABEL_X":44.6996,"LABEL_Y":23.806908,"ID":"SAU"}},{"type":"Feature","geometry":{"type":"Polygon","coordinates":[[[25.26,-17.794],[25.154,-17.782],[25.007,-17.826],[24.953,-17.788],[24.725,-17.896],[24.578,-18.044],[24.506,-18.06],[24.422,-17.956],[24.296,-18.026],[24.183,-18.029],[23.81,-18.322],[23.716,-18.419],[23.592,-18.478],[23.502,-18.237],[23.36,-18.119],[23.311,-18.01],[22.981,-18.02],[22.05,-18.193],[21.476,-18.3],[20.975,-18.319],[20.975,-19.001],[20.978,-19.876],[20.98,-20.626],[20.983,-21.346],[20.985,-21.964],[20.972,-22.001],[19.978,-22.001],[19.979,-22.538],[19.98,-23.721],[19.981,-24.752],[20.119,-24.887],[20.365,-25.033],[20.612,-25.431],[20.643,-25.613],[20.794,-25.894],[20.804,-26.071],[20.841,-26.131],[20.623,-26.428],[20.609,-26.686],[20.691,-26.892],[20.852,-26.807],[21.122,-26.865],[21.381,-26.824],[21.687,-26.855],[21.773,-26.787],[21.781,-26.678],[22.058,-26.618],[22.257,-26.341],[22.343,-26.317],[22.429,-26.227],[22.545,-26.207],[22.719,-25.984],[22.746,-25.755],[22.804,-25.687],[22.845,-25.481],[23.007,-25.311],[23.072,-25.326],[23.266,-25.264],[23.459,-25.282],[23.687,-25.454],[23.743,-25.47],[23.925,-25.629],[24.228,-25.649],[24.297,-25.723],[24.457,-25.743],[24.665,-25.823],[24.799,-25.829],[25.052,-25.738],[25.178,-25.763],[25.386,-25.744],[25.587,-25.62],[25.695,-25.31],[25.835,-25.016],[25.877,-24.886],[25.868,-24.748],[26.279,-24.628],[26.404,-24.633],[26.531,-24.459],[26.714,-24.316],[26.85,-24.248],[26.871,-24.116],[27.004,-23.646],[27.07,-23.656],[27.127,-23.525],[27.278,-23.464],[27.35,-23.391],[27.549,-23.361],[27.608,-23.217],[27.754,-23.221],[27.774,-23.125],[27.896,-23.079],[27.937,-22.964],[28.022,-22.927],[28.047,-22.837],[28.162,-22.759],[28.196,-22.672],[28.339,-22.585],[28.522,-22.585],[28.913,-22.454],[28.96,-22.31],[29.048,-22.22],[29.222,-22.182],[29.35,-22.187],[29.239,-22.073],[29.071,-22.051],[29.022,-21.983],[29.039,-21.798],[28.861,-21.757],[28.63,-21.651],[28.465,-21.66],[28.285,-21.597],[28.033,-21.578],[27.94,-21.478],[27.894,-21.324],[27.675,-21.09],[27.676,-20.867],[27.707,-20.717],[27.698,-20.509],[27.591,-20.473],[27.341,-20.473],[27.268,-20.496],[27.284,-20.351],[27.215,-20.11],[27.027,-20.01],[26.731,-19.936],[26.566,-19.801],[26.312,-19.651],[26.293,-19.572],[26.13,-19.501],[26.034,-19.244],[25.957,-19.122],[25.941,-18.921],[25.815,-18.814],[25.762,-18.63],[25.508,-18.399],[25.388,-18.139],[25.296,-18.069],[25.226,-17.932],[25.26,-17.794]]]},"properties":{"NAME":"Botswana","ADMIN":"Botswana","ISO_A2":"BW","ISO_A3":"BWA","CONTINENT":"Africa","SUBREGION":"Southern Africa","POP_EST":2303697,"GDP_MD":18340,"LABEL_X":24.179216,"LABEL_Y":-22.102634,"ID":"BWA"}},{"type":"Feature","geometry":{"type":"Polygon","coordinates":[[[25.26,-17.794],[25.226,-17.932],[25.296,-18.069],[25.388,-18.139],[25.508,-18.399],[25.762,-18.63],[25.815,-18.814],[25.941,-18.921],[25.957,-19.122],[26.034,-19.244],[26.13,-19.501],[26.293,-19.572],[26.312,-19.651],[26.566,-19.801],[26.731,-19.936],[27.027,-20.01],[27.215,-20.11],[27.284,-20.351],[27.268,-20.496],[27.341,-20.473],[27.591,-20.473],[27.698,-20.509],[27.707,-20.717],[27.676,-20.867],[27.675,-21.09],[27.894,-21.324],[27.94,-21.478],[28.033,-21.578],[28.285,-21.597],[28.465,-21.66],[28.63,-21.651],[28.861,-21.757],[29.039,-21.798],[29.022,-21.983],[29.071,-22.051],[29.239,-22.073],[29.35,-22.187],[29.661,-22.126],[29.759,-22.131],[30.135,-22.294],[30.301,-22.337],[30.507,-22.31],[30.632,-22.331],[30.838,-22.282],[31.105,-22.333],[31.163,-22.323],[31.289,-22.397],[31.434,-22.302],[31.958,-21.759],[32.409,-21.29],[32.34,-21.134],[32.468,-20.98],[32.497,-20.898],[32.469,-20.687],[32.513,-20.565],[32.646,-20.558],[32.845,-20.287],[32.885,-20.103],[33.007,-20.032],[33.033,-19.784],[32.961,-19.659],[32.831,-19.685],[32.825,-19.479],[32.763,-19.464],[32.769,-19.364],[32.829,-19.285],[32.862,-19.118],[32.82,-19.028],[32.691,-19.014],[32.691,-18.834],[32.885,-18.788],[32.92,-18.726],[32.871,-18.536],[32.996,-18.467],[33.035,-18.333],[32.952,-18.233],[32.937,-17.875],[32.999,-17.794],[33.007,-17.581],[32.937,-17.498],[33.022,-17.361],[32.954,-17.167],[32.829,-16.935],[32.933,-16.816],[32.969,-16.682],[32.893,-16.712],[32.699,-16.687],[32.672,-16.6],[32.29,-16.452],[31.91,-16.429],[31.86,-16.341],[31.686,-16.207],[31.405,-16.162],[31.26,-16.023],[31.114,-15.997],[30.973,-16.062],[30.857,-15.998],[30.403,-16.001],[30.396,-15.636],[30.13,-15.624],[30.011,-15.646],[29.837,-15.615],[29.508,-15.704],[29.407,-15.714],[29.186,-15.813],[29.042,-15.946],[28.932,-15.964],[28.86,-16.049],[28.837,-16.306],[28.857,-16.388],[28.733,-16.558],[28.643,-16.569],[28.28,-16.707],[28.114,-16.828],[27.869,-16.93],[27.777,-17.001],[27.641,-17.198],[27.577,-17.363],[27.157,-17.769],[27.149,-17.842],[27.048,-17.944],[26.754,-18.033],[26.712,-18.066],[26.409,-17.939],[26.203,-17.887],[25.979,-17.999],[25.864,-17.972],[25.864,-17.924],[25.681,-17.811],[25.496,-17.855],[25.336,-17.841],[25.26,-17.794]]]},"properties":{"NAME":"Zimbabwe","ADMIN":"Zimbabwe","ISO_A2":"ZW","ISO_A3":"ZWE","CONTINENT":"Africa","SUBREGION":"Eastern Africa","POP_EST":14645468,"GDP_MD":21440,"LABEL_X":29.925444,"LABEL_Y":-18.91164,"ID":"ZWE"}},{"type":"Feature","geometry":{"type":"Polygon","coordinates":[[[76.777,35.646],[76.571,35.751],[76.537,35.903],[76.403,35.831],[76.166,35.806],[76.061,35.992],[75.922,36.032],[75.894,36.097],[76.014,36.23],[75.969,36.302],[75.977,36.463],[75.791,36.688],[75.571,36.767],[75.411,36.747],[75.351,36.916],[75.1,36.994],[74.91,36.963],[74.872,36.907],[74.793,37.015],[74.662,37.054],[74.542,37.022],[74.537,36.962],[74.394,36.994],[74.094,36.831],[73.64,36.897],[73.192,36.877],[72.868,36.83],[72.565,36.821],[72.454,36.758],[72.214,36.726],[72.172,36.654],[72.05,36.619],[71.875,36.499],[71.773,36.48],[71.736,36.396],[71.629,36.46],[71.382,36.219],[71.223,36.125],[71.166,36.046],[71.342,35.947],[71.52,35.684],[71.483,35.627],[71.593,35.549],[71.622,35.43],[71.53,35.301],[71.634,35.203],[71.509,35.072],[71.46,34.943],[71.289,34.875],[71.203,34.748],[71.081,34.673],[71.066,34.558],[70.957,34.532],[70.971,34.469],[71.122,34.357],[71.063,34.054],[70.862,33.965],[70.522,33.939],[70.328,33.957],[70.003,34.044],[69.889,34.031],[69.841,33.942],[69.958,33.753],[70.108,33.727],[70.17,33.639],[70.155,33.507],[70.286,33.383],[70.294,33.319],[70.125,33.199],[69.881,33.089],[69.772,33.115],[69.548,33.075],[69.469,32.994],[69.477,32.857],[69.376,32.772],[69.429,32.667],[69.282,32.533],[69.228,32.421],[69.268,32.301],[69.251,32.131],[69.299,31.938],[69.114,31.738],[69.004,31.651],[68.777,31.619],[68.676,31.775],[68.527,31.823],[68.419,31.783],[68.498,31.725],[68.255,31.766],[68.159,31.826],[68.047,31.688],[67.871,31.635],[67.727,31.531],[67.569,31.53],[67.597,31.426],[67.77,31.395],[67.749,31.328],[67.346,31.208],[67.023,31.239],[66.943,31.315],[66.697,31.196],[66.663,31.083],[66.55,30.977],[66.366,30.923],[66.268,30.601],[66.322,30.437],[66.301,30.226],[66.225,30.044],[66.341,29.957],[66.196,29.835],[65.036,29.54],[64.82,29.568],[64.478,29.57],[64.173,29.484],[64.086,29.387],[63.972,29.43],[63.569,29.497],[62.478,29.408],[62.374,29.425],[61.613,29.639],[60.844,29.858],[61.279,29.407],[61.337,29.374],[61.342,29.255],[61.488,29.081],[61.567,28.871],[61.653,28.756],[61.893,28.543],[62.049,28.486],[62.363,28.419],[62.576,28.229],[62.739,28.258],[62.766,28.211],[62.736,27.995],[62.78,27.83],[62.815,27.495],[62.756,27.348],[62.801,27.225],[62.92,27.215],[63.167,27.259],[63.252,27.219],[63.32,27.117],[63.23,27.054],[63.265,26.89],[63.182,26.83],[63.141,26.625],[62.754,26.644],[62.595,26.581],[62.428,26.565],[62.292,26.501],[62.243,26.351],[62.124,26.374],[62.094,26.315],[61.857,26.242],[61.81,26.167],[61.76,25.838],[61.66,25.769],[61.62,25.285],[61.588,25.202],[61.78,25.191],[61.72,25.037],[61.847,25.038],[61.881,25.103],[62.097,25.107],[62.059,25.162],[62.145,25.218],[62.254,25.212],[62.318,25.142],[62.256,25.099],[62.381,25.088],[62.343,25.155],[62.489,25.214],[62.477,25.259],[62.771,25.262],[63.028,25.22],[63.178,25.258],[63.5,25.194],[63.485,25.284],[63.573,25.365],[63.805,25.375],[63.944,25.335],[64.067,25.346],[64.361,25.283],[64.439,25.235],[64.518,25.276],[64.669,25.207],[64.719,25.314],[64.807,25.329],[65.155,25.296],[65.232,25.371],[65.395,25.392],[65.672,25.347],[65.858,25.418],[66.252,25.473],[66.36,25.465],[66.484,25.401],[66.336,25.553],[66.094,25.475],[66.258,25.612],[66.437,25.598],[66.587,25.426],[66.548,25.366],[66.718,25.231],[66.68,24.831],[66.958,24.844],[67.083,24.774],[67.14,24.803],[67.253,24.74],[67.157,24.663],[67.286,24.33],[67.3,24.186],[67.354,24.071],[67.51,24.052],[67.491,23.883],[67.547,23.898],[67.632,23.803],[67.832,23.81],[67.869,23.85],[68.014,23.769],[68.102,23.816],[68.063,23.723],[68.157,23.696],[68.144,23.743],[68.183,23.842],[68.432,23.967],[68.724,23.965],[68.726,24.289],[68.799,24.329],[68.849,24.244],[68.89,24.319],[68.963,24.257],[69.281,24.284],[69.563,24.277],[69.671,24.189],[69.769,24.163],[69.972,24.165],[70.052,24.202],[70.11,24.305],[70.521,24.425],[70.56,24.287],[70.622,24.241],[70.755,24.231],[70.858,24.272],[70.918,24.362],[71.083,24.412],[70.977,24.465],[70.955,24.585],[71.064,24.683],[70.893,25.002],[70.86,25.139],[70.723,25.287],[70.647,25.431],[70.657,25.634],[70.632,25.701],[70.36,25.673],[70.265,25.697],[70.065,25.98],[70.132,26.18],[70.158,26.53],[70.056,26.589],[69.816,26.58],[69.659,26.678],[69.504,26.735],[69.465,26.808],[69.508,27.05],[69.576,27.188],[69.848,27.41],[70.017,27.601],[70.091,27.794],[70.342,28.011],[70.456,28.04],[70.633,27.932],[70.71,27.741],[70.832,27.701],[71.151,27.822],[71.311,27.862],[71.561,27.869],[71.861,27.95],[71.892,28.097],[71.988,28.228],[72.15,28.354],[72.256,28.646],[72.382,28.784],[72.902,29.023],[73.051,29.228],[73.233,29.537],[73.37,29.927],[73.558,30.013],[73.74,30.048],[73.944,30.188],[73.842,30.353],[74.058,30.531],[74.057,30.592],[74.164,30.665],[74.33,30.9],[74.401,30.893],[74.659,31.084],[74.506,31.175],[74.532,31.303],[74.612,31.44],[74.489,31.711],[74.566,31.841],[74.698,31.95],[74.784,31.943],[74.829,32.025],[74.956,32.032],[75.041,32.098],[75.174,32.087],[75.295,32.149],[75.359,32.262],[75.196,32.397],[75.024,32.466],[74.725,32.461],[74.63,32.588],[74.685,32.831],[74.521,32.745],[74.307,32.81],[74.322,32.972],[74.154,33.04],[74.002,33.178],[74.002,33.27],[74.105,33.345],[74.142,33.549],[73.977,33.648],[73.977,33.759],[74.035,33.829],[74.142,33.844],[74.272,33.962],[74.228,34.013],[73.946,34.01],[73.884,34.084],[73.998,34.197],[73.938,34.304],[73.775,34.371],[73.926,34.565],[73.919,34.643],[74.121,34.691],[74.286,34.769],[74.412,34.764],[74.665,34.688],[75.018,34.63],[75.213,34.645],[75.348,34.557],[75.612,34.498],[75.777,34.504],[76.023,34.677],[76.262,34.685],[76.4,34.751],[76.553,34.726],[76.744,34.819],[76.782,34.931],[76.921,34.921],[77.013,34.986],[77.049,35.11],[76.777,35.646]]]},"properties":{"NAME":"Pakistan","ADMIN":"Pakistan","ISO_A2":"PK","ISO_A3":"PAK","CONTINENT":"Asia","SUBREGION":"Southern Asia","POP_EST":216565318,"GDP_MD":278221,"LABEL_X":68.545632,"LABEL_Y":29.328389,"ID":"PAK"}},{"type":"Feature","geometry":{"type":"Polygon","coordinates":[[[26.333,41.713],[26.376,41.817],[26.526,41.824],[26.547,41.927],[26.939,41.996],[27.023,42.074],[27.174,42.057],[27.273,42.092],[27.546,41.901],[27.609,41.953],[27.79,41.943],[27.808,41.993],[28.017,41.973],[27.987,42.072],[27.751,42.277],[27.78,42.339],[27.629,42.459],[27.453,42.465],[27.511,42.553],[27.65,42.558],[27.628,42.629],[27.743,42.716],[27.892,42.711],[27.885,43.009],[27.944,43.157],[27.904,43.202],[28.031,43.249],[28.157,43.408],[28.322,43.428],[28.473,43.367],[28.604,43.538],[28.578,43.741],[28.221,43.762],[27.981,43.849],[27.912,43.993],[27.722,43.949],[27.656,44.024],[27.384,44.015],[27.251,44.122],[27.027,44.177],[26.614,44.085],[26.151,44.012],[25.934,43.87],[25.781,43.732],[25.557,43.67],[25.36,43.654],[25.252,43.705],[24.964,43.75],[24.706,43.744],[24.5,43.799],[24.159,43.753],[23.325,43.887],[22.92,43.834],[22.851,43.897],[22.886,43.995],[23.023,44.032],[23.031,44.093],[22.692,44.228],[22.606,44.175],[22.605,44.079],[22.4,43.993],[22.349,43.808],[22.473,43.636],[22.519,43.474],[22.805,43.329],[22.981,43.199],[22.935,43.086],[22.776,42.98],[22.727,42.887],[22.506,42.87],[22.426,42.81],[22.481,42.74],[22.425,42.573],[22.525,42.508],[22.509,42.405],[22.345,42.313],[22.531,42.129],[22.844,42.014],[22.881,41.873],[23.01,41.716],[22.934,41.585],[22.952,41.428],[22.917,41.336],[23.115,41.313],[23.288,41.398],[23.612,41.371],[23.895,41.464],[24.046,41.455],[24.047,41.526],[24.251,41.563],[24.287,41.518],[24.51,41.562],[24.596,41.43],[24.774,41.348],[24.886,41.401],[25.286,41.239],[25.551,41.316],[25.691,41.298],[25.811,41.341],[25.882,41.304],[26.121,41.358],[26.164,41.518],[26.048,41.689],[26.234,41.746],[26.333,41.713]]]},"properties":{"NAME":"Bulgaria","ADMIN":"Bulgaria","ISO_A2":"BG","ISO_A3":"BGR","CONTINENT":"Europe","SUBREGION":"Eastern Europe","POP_EST":6975761,"GDP_MD":68558,"LABEL_X":25.15709,"LABEL_Y":42.508785,"ID":"BGR"}},{"type":"Feature","geometry":{"type":"MultiPolygon","coordinates":[[[[102.914,11.646],[102.914,11.766],[102.7,12.139],[102.715,12.342],[102.765,12.416],[102.559,12.631],[102.486,12.661],[102.504,12.8],[102.465,12.928],[102.49,12.996],[102.382,13.137],[102.328,13.275],[102.332,13.565],[102.513,13.567],[102.598,13.605],[102.541,13.649],[102.699,13.762],[102.773,13.936],[102.87,14.021],[102.919,14.185],[103.085,14.296],[103.274,14.351],[103.671,14.43],[103.682,14.384],[103.87,14.343],[104.001,14.345],[104.247,14.401],[104.462,14.357],[104.595,14.41],[104.772,14.44],[104.974,14.381],[104.976,14.301],[105.047,14.214],[105.184,14.346],[105.416,14.428],[105.51,14.594],[105.489,14.786],[105.534,14.934],[105.593,14.991],[105.452,15.095],[105.454,15.176],[105.564,15.273],[105.486,15.375],[105.588,15.424],[105.651,15.635],[105.613,15.721],[105.448,15.765],[105.361,15.919],[105.405,16.019],[105.237,16.051],[105.042,16.141],[105.015,16.277],[104.908,16.353],[104.869,16.438],[104.755,16.529],[104.778,16.716],[104.745,17.025],[104.81,17.172],[104.816,17.373],[104.715,17.515],[104.481,17.64],[104.353,17.819],[104.288,17.857],[104.211,18.009],[104.111,18.115],[104,18.318],[103.886,18.287],[103.607,18.4],[103.387,18.441],[103.261,18.4],[103.29,18.305],[103.185,18.258],[103.08,18.135],[103.038,17.991],[102.939,18.009],[102.668,17.85],[102.596,17.85],[102.568,17.971],[102.412,17.994],[102.307,18.051],[102.172,18.2],[102.079,18.214],[101.904,18.037],[101.79,18.074],[101.729,17.912],[101.578,17.868],[101.468,17.72],[101.402,17.734],[101.132,17.462],[100.886,17.596],[100.933,17.655],[101.008,17.895],[101.165,18.053],[101.155,18.323],[101.03,18.428],[101.24,18.674],[101.211,18.712],[101.233,18.893],[101.318,19.05],[101.229,19.144],[101.193,19.453],[101.246,19.57],[101.125,19.565],[100.875,19.613],[100.753,19.482],[100.607,19.541],[100.567,19.496],[100.462,19.537],[100.384,19.764],[100.474,19.865],[100.549,20.158],[100.461,20.191],[100.364,20.369],[100.307,20.4],[100.103,20.264],[100.099,20.318],[99.942,20.444],[99.838,20.417],[99.77,20.328],[99.652,20.307],[99.421,20.376],[99.526,20.196],[99.441,20.102],[99.296,20.062],[99.117,20.118],[99.017,20.041],[99.009,19.846],[98.884,19.745],[98.808,19.807],[98.533,19.676],[98.307,19.69],[98.025,19.803],[98.008,19.639],[97.84,19.555],[97.849,19.494],[97.767,19.398],[97.811,19.112],[97.658,18.926],[97.719,18.865],[97.76,18.623],[97.746,18.571],[97.618,18.553],[97.51,18.491],[97.379,18.521],[97.453,18.334],[97.528,18.265],[97.561,18.328],[97.638,18.306],[97.618,18.242],[97.754,17.969],[97.676,17.83],[97.769,17.679],[97.983,17.505],[98.101,17.303],[98.279,17.137],[98.313,17.052],[98.436,17.012],[98.521,16.814],[98.457,16.723],[98.547,16.62],[98.632,16.463],[98.682,16.273],[98.81,16.44],[98.903,16.363],[98.835,16.145],[98.783,16.102],[98.659,16.116],[98.584,15.977],[98.543,15.735],[98.567,15.453],[98.534,15.326],[98.475,15.383],[98.397,15.356],[98.392,15.258],[98.283,15.29],[98.165,15.126],[98.243,14.805],[98.418,14.608],[98.548,14.378],[98.754,14.2],[98.945,14.069],[99.092,13.864],[99.153,13.715],[99.188,13.427],[99.19,13.23],[99.102,13.171],[99.093,13.038],[99.151,12.995],[99.214,12.735],[99.394,12.59],[99.387,12.466],[99.457,12.256],[99.466,12.126],[99.546,12.132],[99.518,12.026],[99.574,11.976],[99.554,11.895],[99.63,11.816],[99.531,11.631],[99.441,11.597],[99.428,11.497],[99.243,11.198],[99.213,11.108],[99.002,10.958],[98.974,10.824],[98.905,10.814],[98.767,10.689],[98.791,10.52],[98.747,10.351],[98.72,10.228],[98.604,9.994],[98.633,9.963],[98.513,9.837],[98.514,9.655],[98.457,9.549],[98.328,9.164],[98.382,9.072],[98.262,8.851],[98.24,8.651],[98.199,8.534],[98.278,8.241],[98.391,8.137],[98.463,8.216],[98.446,8.325],[98.655,8.38],[98.622,8.293],[98.696,8.308],[98.744,8.215],[98.747,8.068],[98.829,8.007],[98.905,8.048],[99.062,7.859],[99.014,7.815],[99.033,7.723],[99.124,7.767],[99.268,7.616],[99.344,7.469],[99.337,7.384],[99.471,7.28],[99.508,7.385],[99.54,7.244],[99.614,7.137],[99.672,7.171],[99.748,7.126],[99.679,7.027],[99.686,6.877],[99.797,6.822],[99.957,6.664],[100.001,6.567],[100.127,6.442],[100.167,6.566],[100.167,6.695],[100.281,6.689],[100.318,6.577],[100.387,6.522],[100.648,6.447],[100.713,6.493],[100.806,6.415],[100.822,6.26],[100.974,6.273],[101.082,6.246],[101.053,6.135],[101.094,6.086],[101.071,5.92],[101.015,5.898],[100.967,5.781],[101.105,5.638],[101.225,5.699],[101.249,5.787],[101.535,5.906],[101.634,5.856],[101.65,5.783],[101.8,5.74],[101.913,5.859],[101.959,6.012],[102.06,6.095],[102.073,6.258],[101.772,6.501],[101.566,6.832],[101.321,6.949],[101.351,6.876],[101.244,6.902],[101.191,6.862],[100.998,6.857],[100.85,6.962],[100.765,6.983],[100.585,7.224],[100.556,7.145],[100.486,7.14],[100.392,7.223],[100.37,7.333],[100.303,7.343],[100.185,7.514],[100.143,7.7],[100.211,7.781],[100.307,7.758],[100.326,7.574],[100.406,7.528],[100.439,7.294],[100.548,7.197],[100.567,7.229],[100.44,7.477],[100.303,8.119],[100.271,8.317],[100.165,8.501],[100.186,8.397],[100.104,8.418],[99.959,8.638],[99.916,9.102],[99.854,9.295],[99.689,9.316],[99.521,9.27],[99.475,9.201],[99.255,9.232],[99.23,9.32],[99.324,9.392],[99.181,9.643],[99.145,9.788],[99.168,9.844],[99.16,10.128],[99.242,10.215],[99.152,10.357],[99.278,10.357],[99.247,10.444],[99.302,10.631],[99.512,10.866],[99.494,11.115],[99.586,11.214],[99.569,11.334],[99.642,11.523],[99.752,11.71],[99.817,11.741],[99.855,11.968],[99.955,12.072],[100.02,12.193],[99.982,12.28],[100.011,12.383],[99.961,12.625],[99.988,12.79],[100.104,13.057],[100.074,13.153],[99.967,13.259],[100.039,13.403],[100.237,13.477],[100.556,13.511],[100.592,13.555],[100.68,13.509],[100.963,13.471],[100.981,13.359],[100.912,13.294],[100.945,13.201],[100.878,13.098],[100.933,13.026],[100.869,12.906],[100.918,12.826],[100.837,12.708],[100.858,12.653],[100.978,12.639],[101.088,12.681],[101.443,12.625],[101.642,12.651],[101.686,12.702],[101.83,12.673],[101.914,12.555],[102.112,12.537],[102.072,12.489],[102.263,12.29],[102.296,12.19],[102.474,12.149],[102.572,12.091],[102.562,12.202],[102.75,12.04],[102.777,11.903],[102.907,11.741],[102.914,11.646]]],[[[99.672,6.517],[99.704,6.558],[99.657,6.724],[99.6,6.583],[99.672,6.517]]],[[[99.035,7.644],[99.057,7.504],[99.117,7.479],[99.035,7.644]]],[[[98.541,8.105],[98.612,7.926],[98.61,8.035],[98.541,8.105]]],[[[98.419,7.904],[98.438,8.066],[98.281,8.192],[98.281,8.003],[98.254,7.928],[98.309,7.768],[98.398,7.815],[98.419,7.904]]],[[[98.296,9.145],[98.251,9.154],[98.254,9.037],[98.309,9.049],[98.296,9.145]]],[[[100.07,9.586],[99.926,9.566],[99.947,9.418],[100.061,9.464],[100.07,9.586]]],[[[100.035,9.796],[99.988,9.72],[100.09,9.665],[100.035,9.796]]],[[[102.564,11.708],[102.53,11.605],[102.598,11.563],[102.564,11.708]]],[[[102.4,12.043],[102.311,12.146],[102.25,12.153],[102.29,11.975],[102.428,11.961],[102.4,12.043]]]]},"properties":{"NAME":"Thailand","ADMIN":"Thailand","ISO_A2":"TH","ISO_A3":"THA","CONTINENT":"Asia","SUBREGION":"South-Eastern Asia","POP_EST":69625582,"GDP_MD":543548,"LABEL_X":101.073198,"LABEL_Y":15.45974,"ID":"THA"}},{"type":"Feature","geometry":{"type":"Polygon","coordinates":[[[12.429,43.892],[12.482,43.983],[12.386,43.925],[12.429,43.892]]]},"properties":{"NAME":"San Marino","ADMIN":"San Marino","ISO_A2":"SM","ISO_A3":"SMR","CONTINENT":"Europe","SUBREGION":"Southern Europe","POP_EST":33860,"GDP_MD":1655,"LABEL_X":12.441206,"LABEL_Y":43.933916,"ID":"SMR"}},{"type":"Feature","geometry":{"type":"MultiPolygon","coordinates":[[[[-71.757,19.71],[-71.821,19.657],[-71.969,19.732],[-72.028,19.7],[-72.238,19.786],[-72.33,19.752],[-72.385,19.81],[-72.776,19.944],[-73.074,19.912],[-73.167,19.938],[-73.432,19.779],[-73.468,19.725],[-73.409,19.636],[-73.221,19.65],[-73.019,19.601],[-72.699,19.446],[-72.803,19.232],[-72.716,19.104],[-72.818,19.079],[-72.709,18.946],[-72.618,18.889],[-72.55,18.786],[-72.325,18.671],[-72.371,18.526],[-72.628,18.554],[-72.755,18.429],[-72.986,18.47],[-73.527,18.524],[-73.605,18.498],[-73.81,18.543],[-74.16,18.659],[-74.279,18.667],[-74.426,18.608],[-74.489,18.429],[-74.446,18.346],[-74.331,18.286],[-74.183,18.293],[-73.968,18.141],[-73.873,18.026],[-73.807,18.026],[-73.845,18.115],[-73.646,18.259],[-73.31,18.251],[-73.126,18.19],[-72.886,18.141],[-72.755,18.176],[-72.55,18.182],[-72.556,18.221],[-72.072,18.238],[-71.928,18.184],[-71.776,18.039],[-71.766,18.22],[-71.709,18.313],[-71.912,18.431],[-71.911,18.494],[-72.01,18.599],[-71.842,18.618],[-71.719,18.784],[-71.784,18.996],[-71.661,19.118],[-71.639,19.212],[-71.777,19.328],[-71.704,19.415],[-71.757,19.71]]],[[[-72.851,20.089],[-72.96,20.061],[-72.639,19.985],[-72.628,20.008],[-72.851,20.089]]],[[[-73.259,18.878],[-73.037,18.76],[-72.809,18.72],[-72.846,18.827],[-73.201,18.969],[-73.3,18.926],[-73.259,18.878]]]]},"properties":{"NAME":"Haiti","ADMIN":"Haiti","ISO_A2":"HT","ISO_A3":"HTI","CONTINENT":"North America","SUBREGION":"Caribbean","POP_EST":11263077,"GDP_MD":14332,"LABEL_X":-72.224051,"LABEL_Y":19.263784,"ID":"HTI"}},{"type":"Feature","geometry":{"type":"MultiPolygon","coordinates":[[[[-71.757,19.71],[-71.704,19.415],[-71.777,19.328],[-71.639,19.212],[-71.661,19.118],[-71.784,18.996],[-71.719,18.784],[-71.842,18.618],[-72.01,18.599],[-71.911,18.494],[-71.912,18.431],[-71.709,18.313],[-71.766,18.22],[-71.776,18.039],[-71.659,17.953],[-71.631,17.817],[-71.679,17.765],[-71.515,17.738],[-71.417,17.605],[-71.282,17.854],[-71.204,17.911],[-71.061,18.142],[-71.101,18.242],[-71.048,18.31],[-70.932,18.262],[-70.846,18.342],[-70.761,18.347],[-70.704,18.43],[-70.601,18.412],[-70.553,18.204],[-70.398,18.238],[-70.172,18.231],[-70.017,18.411],[-69.884,18.471],[-69.617,18.457],[-69.525,18.408],[-69.236,18.451],[-69.085,18.396],[-68.923,18.412],[-68.85,18.375],[-68.76,18.21],[-68.658,18.211],[-68.589,18.382],[-68.456,18.358],[-68.334,18.577],[-68.356,18.657],[-68.581,18.813],[-68.74,18.964],[-68.979,19.033],[-69.054,18.977],[-69.14,19.051],[-69.173,19.011],[-69.356,19.053],[-69.387,19.096],[-69.608,19.093],[-69.603,19.229],[-69.254,19.184],[-69.164,19.307],[-69.231,19.363],[-69.336,19.293],[-69.539,19.339],[-69.733,19.287],[-69.868,19.425],[-69.898,19.636],[-70.042,19.678],[-70.131,19.622],[-70.301,19.658],[-70.434,19.775],[-70.624,19.767],[-70.831,19.903],[-71.018,19.935],[-71.172,19.834],[-71.357,19.851],[-71.505,19.91],[-71.667,19.886],[-71.744,19.817],[-71.757,19.71]]],[[[-68.664,18.169],[-68.787,18.197],[-68.702,18.115],[-68.572,18.108],[-68.664,18.169]]]]},"properties":{"NAME":"Dominican Rep.","ADMIN":"Dominican Republic","ISO_A2":"DO","ISO_A3":"DOM","CONTINENT":"North America","SUBREGION":"Caribbean","POP_EST":10738958,"GDP_MD":88941,"LABEL_X":-70.653998,"LABEL_Y":19.104137,"ID":"DOM"}},{"type":"Feature","geometry":{"type":"Polygon","coordinates":[[[14.065,13.078],[14.418,13.081],[14.505,12.969],[14.491,12.886],[14.585,12.746],[14.819,12.639],[14.908,12.327],[14.903,12.146],[15.049,12.085],[15.042,11.902],[15.111,11.783],[15.069,11.661],[15.136,11.531],[15.061,11.416],[15.021,11.183],[15.035,10.995],[15.079,10.898],[15.066,10.793],[15.15,10.623],[15.138,10.522],[15.218,10.487],[15.301,10.312],[15.536,10.081],[15.681,9.991],[15.383,9.93],[15.215,9.984],[15.061,9.949],[14.898,9.96],[14.732,9.924],[14.44,9.995],[14.182,9.978],[14.12,9.852],[13.948,9.638],[14.036,9.569],[14.321,9.243],[14.35,9.168],[14.794,8.814],[14.846,8.811],[14.955,8.676],[15.031,8.659],[15.184,8.479],[15.345,8.136],[15.441,7.839],[15.563,7.792],[15.549,7.631],[15.481,7.523],[15.669,7.516],[15.794,7.458],[15.925,7.488],[16.026,7.575],[16.371,7.673],[16.407,7.796],[16.549,7.87],[16.625,7.669],[16.769,7.55],[16.881,7.633],[17.116,7.687],[17.251,7.823],[17.466,7.884],[17.504,7.926],[17.68,7.985],[17.898,7.967],[18.07,8.019],[18.508,8.031],[18.589,8.048],[18.673,8.208],[18.813,8.276],[18.921,8.432],[19.124,8.675],[18.929,8.797],[18.87,8.864],[19.101,9.015],[19.263,9.028],[19.369,9],[19.64,9.014],[19.889,9.046],[20.11,9.151],[20.257,9.116],[20.435,9.138],[20.542,9.322],[20.826,9.418],[20.996,9.648],[21.017,9.744],[21.105,9.774],[21.132,9.849],[21.271,9.987],[21.34,9.96],[21.433,10.046],[21.545,10.22],[21.656,10.234],[21.719,10.297],[21.751,10.412],[21.705,10.572],[21.723,10.637],[21.864,10.668],[22.004,10.743],[22.049,10.837],[22.176,10.816],[22.253,10.915],[22.46,11.001],[22.72,10.965],[22.861,10.919],[22.956,11.209],[22.915,11.396],[22.782,11.399],[22.743,11.466],[22.628,11.51],[22.537,11.681],[22.612,12.073],[22.458,12.03],[22.481,12.177],[22.373,12.463],[22.446,12.611],[22.205,12.743],[22.059,12.637],[21.936,12.64],[21.809,12.794],[21.935,13.059],[22.016,13.14],[22.14,13.194],[22.268,13.335],[22.196,13.58],[22.074,13.771],[22.244,13.975],[22.531,14.123],[22.532,14.221],[22.441,14.25],[22.425,14.47],[22.364,14.544],[22.465,14.629],[22.666,14.682],[22.651,14.816],[22.739,14.98],[22.906,15.113],[22.966,15.224],[22.966,15.405],[22.907,15.481],[22.926,15.564],[23.095,15.704],[23.321,15.681],[23.593,15.749],[23.984,15.721],[23.983,16.941],[23.983,17.87],[23.982,18.567],[23.981,19.496],[23.24,19.862],[22.252,20.35],[21.634,20.655],[20.523,21.204],[19.905,21.509],[19.164,21.875],[18.176,22.363],[17.435,22.729],[16.694,23.095],[15.985,23.445],[15.965,23.442],[14.98,22.996],[15.172,21.993],[15.18,21.507],[15.301,21.401],[15.609,20.951],[15.544,20.89],[15.544,20.799],[15.954,20.375],[15.963,20.319],[15.736,19.904],[15.652,18.949],[15.583,18.174],[15.472,16.917],[15.452,16.876],[15.026,16.433],[14.369,15.75],[13.834,15.02],[13.761,14.866],[13.764,14.719],[13.646,14.639],[13.624,14.521],[13.482,14.484],[13.449,14.38],[13.607,13.704],[14.065,13.078]]]},"properties":{"NAME":"Chad","ADMIN":"Chad","ISO_A2":"TD","ISO_A3":"TCD","CONTINENT":"Africa","SUBREGION":"Middle Africa","POP_EST":15946876,"GDP_MD":11314,"LABEL_X":18.645041,"LABEL_Y":15.142959,"ID":"TCD"}},{"type":"Feature","geometry":{"type":"MultiPolygon","coordinates":[[[[47.948,29.994],[47.674,30.098],[47.358,30.092],[47.197,30.034],[47.11,29.961],[46.958,29.62],[46.853,29.445],[46.712,29.271],[46.532,29.096],[47.434,28.995],[47.494,28.904],[47.597,28.609],[47.668,28.534],[48.433,28.54],[48.394,28.596],[48.394,28.743],[48.329,28.76],[48.158,29.017],[48.092,29.287],[48.1,29.35],[47.986,29.394],[47.899,29.335],[47.837,29.388],[47.705,29.364],[47.966,29.576],[48.181,29.562],[48.079,29.744],[48.022,29.78],[47.948,29.994]]],[[[48.338,29.463],[48.269,29.43],[48.397,29.387],[48.338,29.463]]],[[[48.353,29.71],[48.344,29.791],[48.189,29.984],[48.194,29.916],[48.095,29.895],[48.046,29.8],[48.162,29.63],[48.229,29.6],[48.353,29.71]]]]},"properties":{"NAME":"Kuwait","ADMIN":"Kuwait","ISO_A2":"KW","ISO_A3":"KWT","CONTINENT":"Asia","SUBREGION":"Western Asia","POP_EST":4207083,"GDP_MD":134628,"LABEL_X":47.313999,"LABEL_Y":29.413628,"ID":"KWT"}},{"type":"Feature","geometry":{"type":"Polygon","coordinates":[[[-90.098,13.731],[-89.837,13.597],[-89.808,13.527],[-89.68,13.535],[-89.527,13.494],[-89.251,13.472],[-88.786,13.245],[-88.527,13.198],[-88.586,13.264],[-88.414,13.221],[-88.435,13.184],[-88.208,13.16],[-87.928,13.159],[-87.798,13.266],[-87.874,13.365],[-87.817,13.407],[-87.726,13.499],[-87.79,13.533],[-87.704,13.815],[-87.808,13.909],[-88.015,13.866],[-88.088,13.981],[-88.235,13.993],[-88.236,13.938],[-88.36,13.872],[-88.497,13.851],[-88.495,13.975],[-88.747,14.052],[-88.746,14.111],[-88.839,14.1],[-88.881,14.184],[-88.957,14.185],[-89.107,14.396],[-89.154,14.351],[-89.362,14.415],[-89.398,14.445],[-89.598,14.328],[-89.531,14.226],[-89.71,14.149],[-89.762,14.03],[-89.836,14.059],[-90.023,13.937],[-90.099,13.859],[-90.098,13.731]]]},"properties":{"NAME":"El Salvador","ADMIN":"El Salvador","ISO_A2":"SV","ISO_A3":"SLV","CONTINENT":"North America","SUBREGION":"Central America","POP_EST":6453553,"GDP_MD":27022,"LABEL_X":-88.890124,"LABEL_Y":13.685371,"ID":"SLV"}},{"type":"Feature","geometry":{"type":"Polygon","coordinates":[[[-89.362,14.415],[-89.355,14.475],[-89.246,14.573],[-89.16,14.581],[-89.145,14.708],[-89.231,14.867],[-89.169,14.952],[-89.141,15.076],[-88.973,15.14],[-88.399,15.573],[-88.317,15.675],[-88.221,15.726],[-88.62,15.953],[-88.489,15.847],[-88.55,15.839],[-88.598,15.706],[-88.787,15.859],[-88.914,15.894],[-89.177,15.9],[-89.234,15.955],[-89.184,16.496],[-89.149,17.036],[-89.16,17.814],[-90.26,17.815],[-90.962,17.816],[-90.991,17.802],[-90.992,17.252],[-91.431,17.255],[-91.29,17.189],[-91.067,16.918],[-90.735,16.747],[-90.634,16.592],[-90.633,16.483],[-90.544,16.49],[-90.38,16.367],[-90.445,16.308],[-90.426,16.163],[-90.486,16.071],[-91.724,16.069],[-91.752,16.046],[-92.205,15.29],[-92.203,15.237],[-92.074,15.074],[-92.154,14.996],[-92.191,14.814],[-92.162,14.702],[-92.246,14.546],[-91.763,14.18],[-91.552,14.057],[-91.316,13.956],[-90.91,13.911],[-90.707,13.929],[-90.401,13.859],[-90.098,13.731],[-90.099,13.859],[-90.023,13.937],[-89.836,14.059],[-89.762,14.03],[-89.71,14.149],[-89.531,14.226],[-89.598,14.328],[-89.398,14.445],[-89.362,14.415]]]},"properties":{"NAME":"Guatemala","ADMIN":"Guatemala","ISO_A2":"GT","ISO_A3":"GTM","CONTINENT":"North America","SUBREGION":"Central America","POP_EST":16604026,"GDP_MD":76710,"LABEL_X":-90.497134,"LABEL_Y":14.982133,"ID":"GTM"}},{"type":"Feature","geometry":{"type":"MultiPolygon","coordinates":[[[[124.451,-9.18],[124.191,-9.255],[124.03,-9.342],[124.121,-9.427],[124.197,-9.373],[124.258,-9.501],[124.31,-9.489],[124.348,-9.375],[124.428,-9.299],[124.451,-9.18]]],[[[124.92,-8.962],[124.948,-9.079],[125.087,-8.986],[125.162,-9.061],[125.143,-9.189],[124.974,-9.192],[124.954,-9.242],[125.062,-9.486],[125.197,-9.425],[125.379,-9.281],[125.609,-9.186],[125.679,-9.193],[125.85,-9.124],[125.947,-9.126],[126.166,-8.988],[126.43,-8.955],[126.583,-8.806],[126.694,-8.763],[126.846,-8.753],[127.009,-8.677],[127.313,-8.415],[127.186,-8.332],[127.07,-8.358],[126.967,-8.309],[126.842,-8.391],[126.72,-8.413],[126.549,-8.487],[126.412,-8.419],[126.24,-8.495],[126.069,-8.522],[125.898,-8.481],[125.631,-8.522],[125.144,-8.631],[125.1,-8.778],[124.92,-8.962]]],[[[125.569,-8.196],[125.518,-8.292],[125.592,-8.307],[125.651,-8.143],[125.569,-8.196]]]]},"properties":{"NAME":"Timor-Leste","ADMIN":"East Timor","ISO_A2":"TL","ISO_A3":"TLS","CONTINENT":"Asia","SUBREGION":"South-Eastern Asia","POP_EST":1293119,"GDP_MD":2017,"LABEL_X":125.854679,"LABEL_Y":-8.803705,"ID":"TLS"}},{"type":"Feature","geometry":{"type":"MultiPolygon","coordinates":[[[[115.146,4.909],[115.13,4.852],[115.03,4.821],[115.035,4.621],[115.113,4.382],[115.324,4.315],[115.361,4.33],[115.272,4.475],[115.273,4.637],[115.207,4.826],[115.146,4.909]]],[[[114.982,4.889],[115.058,5.054],[114.723,4.876],[114.529,4.694],[114.252,4.593],[113.999,4.601],[114.246,4.481],[114.283,4.265],[114.42,4.26],[114.477,4.145],[114.587,4.021],[114.675,4.044],[114.767,4.132],[114.817,4.26],[114.782,4.285],[114.848,4.424],[114.782,4.498],[114.752,4.739],[114.948,4.819],[114.982,4.889]]]]},"properties":{"NAME":"Brunei","ADMIN":"Brunei","ISO_A2":"BN","ISO_A3":"BRN","CONTINENT":"Asia","SUBREGION":"South-Eastern Asia","POP_EST":433285,"GDP_MD":13469,"LABEL_X":114.551943,"LABEL_Y":4.448298,"ID":"BRN"}},{"type":"Feature","geometry":{"type":"Polygon","coordinates":[[[7.437,43.743],[7.407,43.764],[7.366,43.723],[7.437,43.743]]]},"properties":{"NAME":"Monaco","ADMIN":"Monaco","ISO_A2":"MC","ISO_A3":"MCO","CONTINENT":"Europe","SUBREGION":"Western Europe","POP_EST":38964,"GDP_MD":7188,"LABEL_X":7.398291,"LABEL_Y":43.739652,"ID":"MCO"}},{"type":"Feature","geometry":{"type":"Polygon","coordinates":[[[-4.822,24.995],[-4.166,24.575],[-3.449,24.106],[-2.523,23.501],[-1.83,23.048],[-0.964,22.481],[-0.01,21.858],[0.683,21.405],[1.147,21.102],[1.18,20.995],[1.145,20.796],[1.169,20.733],[1.297,20.733],[1.364,20.658],[1.52,20.617],[1.644,20.523],[1.649,20.412],[1.891,20.232],[2.071,20.213],[2.182,20.279],[2.28,20.218],[2.4,20.057],[2.495,20.02],[2.946,19.942],[3.217,19.794],[3.198,19.592],[3.251,19.365],[3.193,19.326],[3.103,19.154],[3.308,18.982],[3.44,18.996],[4.229,19.142],[5.083,19.306],[5.749,19.434],[5.838,19.479],[6.61,20.143],[7.021,20.495],[7.483,20.873],[8.634,21.552],[9.723,22.193],[10.404,22.595],[11.084,22.996],[11.969,23.517],[11.567,24.267],[11.509,24.314],[10.721,24.552],[10.392,24.48],[10.26,24.577],[10.193,24.75],[10.032,24.856],[10.021,25.268],[9.97,25.395],[9.401,26.113],[9.378,26.169],[9.483,26.353],[9.836,26.504],[9.896,26.653],[9.911,26.843],[9.826,26.921],[9.721,27.292],[9.822,27.506],[9.794,27.57],[9.863,27.619],[9.936,27.867],[9.777,28.268],[9.851,28.786],[9.826,29.129],[9.668,29.608],[9.55,29.802],[9.287,30.117],[9.52,30.229],[9.264,31.219],[9.045,32.072],[9.02,32.105],[8.36,32.501],[8.32,32.561],[8.283,32.836],[8.087,33.094],[7.751,33.208],[7.693,33.454],[7.553,33.659],[7.48,33.894],[7.517,34.095],[7.631,34.199],[7.774,34.261],[7.832,34.414],[8.094,34.53],[8.236,34.648],[8.269,34.764],[8.249,34.902],[8.314,35.103],[8.431,35.242],[8.317,35.289],[8.29,35.403],[8.337,35.508],[8.324,35.652],[8.241,35.828],[8.317,36.146],[8.349,36.449],[8.168,36.491],[8.17,36.526],[8.408,36.643],[8.462,36.733],[8.407,36.768],[8.643,36.849],[8.603,36.94],[8.498,36.904],[8.233,36.958],[7.908,36.85],[7.773,36.89],[7.799,36.994],[7.589,36.988],[7.383,37.083],[7.182,37.083],[7.25,37.023],[7.157,36.915],[6.909,36.893],[6.822,36.953],[6.583,36.99],[6.462,37.094],[6.339,37.069],[6.197,36.902],[5.869,36.823],[5.759,36.833],[5.576,36.761],[5.465,36.665],[5.236,36.651],[5.085,36.733],[5.105,36.781],[4.787,36.895],[4.441,36.912],[4.105,36.884],[3.827,36.913],[3.65,36.824],[3.461,36.775],[3.238,36.813],[3.179,36.743],[2.933,36.809],[2.633,36.605],[2.457,36.59],[2.373,36.634],[2.06,36.57],[1.914,36.57],[1.045,36.487],[0.865,36.377],[0.663,36.333],[0.127,36.051],[0.035,35.863],[-0.124,35.787],[-0.259,35.818],[-0.349,35.907],[-0.479,35.89],[-0.523,35.78],[-0.683,35.717],[-0.825,35.769],[-1.033,35.683],[-1.19,35.566],[-1.268,35.39],[-1.396,35.309],[-1.51,35.295],[-1.761,35.13],[-2.052,35.075],[-2.223,35.089],[-2.194,35.004],[-1.77,34.741],[-1.871,34.597],[-1.703,34.48],[-1.81,34.372],[-1.675,34.106],[-1.719,33.898],[-1.703,33.773],[-1.741,33.687],[-1.662,33.645],[-1.613,33.521],[-1.683,33.369],[-1.674,33.238],[-1.5,33.06],[-1.559,32.934],[-1.423,32.742],[-1.048,32.517],[-1.123,32.418],[-1.218,32.393],[-1.305,32.151],[-1.212,32.158],[-1.25,32.082],[-2.516,32.132],[-2.939,32.049],[-2.828,31.795],[-3.219,31.718],[-3.66,31.648],[-3.673,31.389],[-3.819,31.319],[-3.827,31.144],[-3.749,31.18],[-3.636,31.096],[-3.555,30.956],[-3.66,30.837],[-3.646,30.711],[-3.834,30.627],[-4.156,30.586],[-4.372,30.509],[-4.484,30.383],[-4.624,30.285],[-4.876,30.18],[-5.176,29.977],[-5.274,29.887],[-5.435,29.642],[-5.54,29.523],[-5.721,29.523],[-5.756,29.614],[-6.001,29.579],[-6.273,29.579],[-6.7,29.516],[-6.784,29.446],[-6.958,29.509],[-7.147,29.509],[-7.35,29.383],[-7.619,29.389],[-8.07,29.079],[-8.383,28.906],[-8.418,28.852],[-8.649,28.726],[-8.682,28.666],[-8.682,27.661],[-8.682,27.285],[-8.089,26.936],[-7.297,26.471],[-6.14,25.79],[-5.516,25.423],[-4.822,24.995]]]},"properties":{"NAME":"Algeria","ADMIN":"Algeria","ISO_A2":"DZ","ISO_A3":"DZA","CONTINENT":"Africa","SUBREGION":"Northern Africa","POP_EST":43053054,"GDP_MD":171091,"LABEL_X":2.808241,"LABEL_Y":27.397406,"ID":"DZA"}},{"type":"Feature","geometry":{"type":"MultiPolygon","coordinates":[[[[32.114,-26.84],[32.352,-26.86],[32.893,-26.846],[32.929,-26.266],[32.954,-26.079],[32.895,-26.115],[32.842,-26.289],[32.763,-26.202],[32.681,-26.188],[32.651,-26.093],[32.517,-25.95],[32.591,-25.969],[32.687,-25.886],[32.77,-25.682],[32.873,-25.544],[33.153,-25.366],[33.215,-25.297],[33.318,-25.287],[33.729,-25.105],[34.483,-24.851],[34.649,-24.813],[35.106,-24.598],[35.304,-24.376],[35.494,-24.111],[35.486,-24.036],[35.543,-23.863],[35.476,-23.782],[35.473,-23.871],[35.395,-23.842],[35.341,-23.964],[35.36,-23.694],[35.399,-23.739],[35.424,-23.481],[35.482,-23.317],[35.479,-23.177],[35.606,-22.915],[35.521,-22.908],[35.493,-22.565],[35.542,-22.41],[35.551,-22.179],[35.517,-22.31],[35.477,-22.091],[35.391,-22.272],[35.428,-22.406],[35.394,-22.488],[35.312,-22.413],[35.336,-22.089],[35.271,-21.644],[35.152,-21.454],[35.112,-21.29],[35.025,-21.085],[35.079,-21.085],[35.12,-20.966],[35.003,-20.825],[34.993,-20.73],[34.852,-20.671],[34.822,-20.6],[34.665,-20.428],[34.743,-20.226],[34.655,-20.172],[34.777,-20.135],[34.743,-19.89],[34.778,-19.815],[34.706,-19.716],[34.88,-19.863],[35.127,-19.705],[35.442,-19.418],[35.662,-19.133],[35.867,-18.988],[36.031,-18.906],[36.133,-18.804],[36.147,-18.9],[36.244,-18.883],[36.238,-18.694],[36.295,-18.78],[36.416,-18.775],[36.402,-18.711],[36.48,-18.576],[36.887,-18.189],[36.977,-18.047],[36.907,-18.014],[36.874,-17.899],[36.984,-18.012],[37.086,-17.869],[37.283,-17.691],[37.334,-17.681],[37.692,-17.467],[37.909,-17.355],[38.128,-17.286],[38.595,-17.094],[38.875,-17.046],[39.091,-16.984],[39.129,-16.868],[39.356,-16.724],[39.698,-16.532],[39.821,-16.407],[39.783,-16.302],[39.992,-16.222],[40.105,-16.064],[40.165,-15.916],[40.364,-15.715],[40.426,-15.615],[40.588,-15.478],[40.682,-15.233],[40.61,-15.161],[40.513,-15.182],[40.712,-15.073],[40.671,-14.977],[40.759,-14.986],[40.726,-14.887],[40.835,-14.802],[40.811,-14.613],[40.843,-14.464],[40.761,-14.404],[40.657,-14.449],[40.636,-14.34],[40.732,-14.34],[40.696,-14.183],[40.623,-14.25],[40.539,-14.164],[40.61,-14.139],[40.651,-14.032],[40.539,-13.636],[40.595,-13.565],[40.527,-13.511],[40.568,-13.367],[40.561,-13.099],[40.589,-12.958],[40.492,-12.955],[40.468,-13.017],[40.418,-12.927],[40.524,-12.909],[40.527,-12.819],[40.647,-12.755],[40.578,-12.706],[40.562,-12.53],[40.48,-12.484],[40.532,-12.391],[40.492,-12.25],[40.537,-11.997],[40.429,-11.642],[40.466,-11.385],[40.349,-11.317],[40.507,-11.187],[40.566,-11.014],[40.496,-10.956],[40.62,-10.841],[40.485,-10.762],[40.592,-10.658],[40.437,-10.475],[40.008,-10.811],[39.76,-10.943],[39.483,-10.999],[39.287,-11.154],[39.126,-11.14],[38.896,-11.168],[38.76,-11.263],[38.654,-11.276],[38.492,-11.413],[38.348,-11.359],[38.257,-11.277],[38.071,-11.256],[37.875,-11.319],[37.784,-11.559],[37.428,-11.723],[37.331,-11.682],[37.227,-11.694],[37.106,-11.658],[37.032,-11.565],[36.82,-11.574],[36.747,-11.666],[36.563,-11.731],[36.495,-11.681],[36.2,-11.702],[36.168,-11.579],[35.94,-11.434],[35.826,-11.413],[35.696,-11.495],[35.655,-11.578],[35.576,-11.605],[35.424,-11.577],[34.965,-11.574],[34.651,-11.57],[34.607,-11.591],[34.604,-11.733],[34.564,-11.831],[34.38,-12.104],[34.354,-12.199],[34.494,-12.687],[34.549,-13.159],[34.545,-13.326],[34.641,-13.492],[34.894,-13.535],[35.084,-13.704],[35.456,-14.137],[35.523,-14.263],[35.853,-14.667],[35.863,-14.877],[35.904,-14.887],[35.785,-15.195],[35.841,-15.417],[35.796,-16.005],[35.698,-16.107],[35.375,-16.141],[35.259,-16.272],[35.266,-16.356],[35.214,-16.484],[35.132,-16.538],[35.174,-16.625],[35.278,-16.701],[35.31,-16.851],[35.292,-17.129],[35.081,-17.124],[35.037,-17.036],[35.113,-16.96],[35.096,-16.817],[35.005,-16.815],[34.732,-16.529],[34.655,-16.489],[34.525,-16.301],[34.446,-16.293],[34.385,-16.186],[34.388,-16.037],[34.233,-15.89],[34.247,-15.794],[34.404,-15.647],[34.41,-15.481],[34.569,-15.271],[34.549,-15.058],[34.584,-14.984],[34.506,-14.7],[34.502,-14.576],[34.344,-14.387],[34.078,-14.455],[34.051,-14.495],[33.889,-14.488],[33.774,-14.53],[33.72,-14.49],[33.645,-14.602],[33.604,-14.524],[33.439,-14.381],[33.291,-14.157],[33.28,-14.061],[33.203,-14.014],[32.227,-14.339],[31.658,-14.52],[31.411,-14.634],[30.816,-14.768],[30.486,-14.886],[30.318,-14.967],[30.214,-14.981],[30.226,-15.106],[30.288,-15.279],[30.369,-15.375],[30.396,-15.636],[30.403,-16.001],[30.857,-15.998],[30.973,-16.062],[31.114,-15.997],[31.26,-16.023],[31.405,-16.162],[31.686,-16.207],[31.86,-16.341],[31.91,-16.429],[32.29,-16.452],[32.672,-16.6],[32.699,-16.687],[32.893,-16.712],[32.969,-16.682],[32.933,-16.816],[32.829,-16.935],[32.954,-17.167],[33.022,-17.361],[32.937,-17.498],[33.007,-17.581],[32.999,-17.794],[32.937,-17.875],[32.952,-18.233],[33.035,-18.333],[32.996,-18.467],[32.871,-18.536],[32.92,-18.726],[32.885,-18.788],[32.691,-18.834],[32.691,-19.014],[32.82,-19.028],[32.862,-19.118],[32.829,-19.285],[32.769,-19.364],[32.763,-19.464],[32.825,-19.479],[32.831,-19.685],[32.961,-19.659],[33.033,-19.784],[33.007,-20.032],[32.885,-20.103],[32.845,-20.287],[32.646,-20.558],[32.513,-20.565],[32.469,-20.687],[32.497,-20.898],[32.468,-20.98],[32.34,-21.134],[32.409,-21.29],[31.958,-21.759],[31.434,-22.302],[31.289,-22.397],[31.279,-22.415],[31.536,-23.157],[31.521,-23.416],[31.642,-23.588],[31.741,-23.837],[31.856,-23.947],[31.869,-24.164],[31.987,-24.423],[31.989,-25.373],[31.966,-25.48],[31.992,-25.65],[31.91,-25.843],[31.949,-25.958],[32.071,-26.01],[32.081,-26.149],[32.04,-26.284],[32.107,-26.5],[32.114,-26.84]],[[34.694,-12],[34.754,-12.02],[34.732,-12.109],[34.656,-12.097],[34.694,-12]],[[34.562,-11.979],[34.641,-12.018],[34.596,-12.072],[34.562,-11.979]]],[[[35.47,-21.549],[35.427,-21.749],[35.491,-21.642],[35.47,-21.549]]],[[[39.91,-16.276],[39.832,-16.3],[39.832,-16.391],[39.903,-16.41],[39.91,-16.276]]]]},"properties":{"NAME":"Mozambique","ADMIN":"Mozambique","ISO_A2":"MZ","ISO_A3":"MOZ","CONTINENT":"Africa","SUBREGION":"Eastern Africa","POP_EST":30366036,"GDP_MD":15291,"LABEL_X":37.83789,"LABEL_Y":-13.94323,"ID":"MOZ"}},{"type":"Feature","geometry":{"type":"Polygon","coordinates":[[[31.949,-25.958],[31.835,-25.982],[31.427,-25.744],[31.309,-25.757],[31.12,-25.91],[30.97,-26.209],[30.805,-26.397],[30.783,-26.472],[30.802,-26.809],[30.88,-26.772],[30.961,-26.911],[30.976,-27.035],[31.157,-27.206],[31.527,-27.311],[31.968,-27.316],[31.942,-27.101],[31.99,-26.808],[32.114,-26.84],[32.107,-26.5],[32.04,-26.284],[32.081,-26.149],[32.071,-26.01],[31.949,-25.958]]]},"properties":{"NAME":"eSwatini","ADMIN":"eSwatini","ISO_A2":"SZ","ISO_A3":"SWZ","CONTINENT":"Africa","SUBREGION":"Southern Africa","POP_EST":1148130,"GDP_MD":4471,"LABEL_X":31.467264,"LABEL_Y":-26.533676,"ID":"SWZ"}},{"type":"Feature","geometry":{"type":"Polygon","coordinates":[[[30.555,-2.401],[30.379,-2.303],[30.279,-2.358],[30.207,-2.339],[30.139,-2.431],[29.932,-2.317],[29.903,-2.649],[29.824,-2.763],[29.698,-2.808],[29.619,-2.788],[29.504,-2.827],[29.34,-2.826],[29.307,-2.66],[29.13,-2.597],[29.033,-2.621],[29.015,-2.721],[28.995,-2.814],[29.235,-3.047],[29.214,-3.166],[29.241,-3.266],[29.207,-3.335],[29.225,-3.589],[29.215,-3.9],[29.339,-4.093],[29.404,-4.45],[29.733,-4.463],[29.8,-4.364],[29.9,-4.346],[30.003,-4.272],[30.15,-4.087],[30.209,-3.93],[30.337,-3.774],[30.469,-3.513],[30.639,-3.419],[30.641,-3.333],[30.8,-3.275],[30.832,-3.173],[30.785,-3.031],[30.825,-2.979],[30.638,-2.974],[30.547,-2.9],[30.493,-2.941],[30.416,-2.852],[30.523,-2.649],[30.443,-2.681],[30.555,-2.401]]]},"properties":{"NAME":"Burundi","ADMIN":"Burundi","ISO_A2":"BI","ISO_A3":"BDI","CONTINENT":"Africa","SUBREGION":"Eastern Africa","POP_EST":11530580,"GDP_MD":3012,"LABEL_X":29.917086,"LABEL_Y":-3.332836,"ID":"BDI"}},{"type":"Feature","geometry":{"type":"Polygon","coordinates":[[[29.015,-2.721],[29.033,-2.621],[29.13,-2.597],[29.307,-2.66],[29.34,-2.826],[29.504,-2.827],[29.619,-2.788],[29.698,-2.808],[29.824,-2.763],[29.903,-2.649],[29.932,-2.317],[30.139,-2.431],[30.207,-2.339],[30.279,-2.358],[30.379,-2.303],[30.555,-2.401],[30.675,-2.352],[30.759,-2.381],[30.834,-2.345],[30.888,-2.083],[30.817,-2.019],[30.797,-1.929],[30.838,-1.837],[30.831,-1.594],[30.733,-1.476],[30.738,-1.407],[30.555,-1.318],[30.472,-1.067],[30.353,-1.061],[30.147,-1.345],[29.96,-1.465],[29.898,-1.47],[29.836,-1.329],[29.578,-1.388],[29.435,-1.507],[29.358,-1.51],[29.245,-1.641],[29.149,-1.799],[29.128,-1.916],[29.151,-2.15],[29.11,-2.237],[28.983,-2.287],[28.859,-2.418],[28.891,-2.653],[29.015,-2.721]]]},"properties":{"NAME":"Rwanda","ADMIN":"Rwanda","ISO_A2":"RW","ISO_A3":"RWA","CONTINENT":"Africa","SUBREGION":"Eastern Africa","POP_EST":12626950,"GDP_MD":10354,"LABEL_X":30.103894,"LABEL_Y":-1.897196,"ID":"RWA"}},{"type":"Feature","geometry":{"type":"MultiPolygon","coordinates":[[[[92.576,21.978],[92.59,21.496],[92.643,21.298],[92.571,21.247],[92.525,21.361],[92.423,21.364],[92.323,21.462],[92.236,21.417],[92.184,21.317],[92.175,21.176],[92.265,21.061],[92.381,20.7],[92.454,20.669],[92.54,20.528],[92.653,20.418],[92.731,20.259],[92.751,20.499],[92.832,20.479],[92.893,20.33],[92.772,20.201],[92.898,20.136],[93.041,20.332],[92.99,20.155],[93.121,20.218],[93.094,20.15],[92.97,20.129],[93.135,19.834],[93.13,20.075],[93.272,20.048],[93.375,20.089],[93.447,19.951],[93.611,19.91],[93.745,19.917],[93.601,19.783],[93.761,19.675],[93.731,19.633],[93.924,19.462],[93.984,19.464],[93.987,19.387],[93.93,19.3],[93.834,19.238],[93.621,19.334],[93.553,19.431],[93.484,19.393],[93.498,19.314],[93.642,19.134],[93.679,19.02],[93.93,18.859],[93.974,18.923],[93.955,19.127],[94.053,19.221],[94.031,19.088],[94.038,18.859],[94.153,18.821],[94.212,18.742],[94.149,18.731],[94.249,18.639],[94.245,18.539],[94.417,18.314],[94.328,18.295],[94.423,18.242],[94.492,18.026],[94.447,17.973],[94.502,17.787],[94.544,17.748],[94.615,17.546],[94.554,17.544],[94.594,17.292],[94.512,17.275],[94.511,17.169],[94.457,17.051],[94.465,16.95],[94.379,16.887],[94.403,16.788],[94.273,16.538],[94.215,16.158],[94.215,16.015],[94.34,15.996],[94.507,16.19],[94.516,16.287],[94.644,16.284],[94.684,16.364],[94.67,16.51],[94.722,16.378],[94.665,16.258],[94.679,16.121],[94.562,15.962],[94.615,15.944],[94.766,16.093],[94.703,15.982],[94.601,15.921],[94.721,15.857],[94.869,16.041],[94.84,15.962],[94.847,15.791],[94.976,15.764],[95.055,15.846],[95.071,16.075],[95.129,16.148],[95.126,15.818],[95.224,15.81],[95.224,15.919],[95.297,15.903],[95.294,15.728],[95.432,15.734],[95.665,15.949],[95.732,16.127],[95.89,16.244],[95.98,16.223],[96.068,16.31],[96.285,16.366],[96.336,16.439],[96.246,16.555],[96.241,16.65],[96.171,16.772],[96.258,16.816],[96.229,16.719],[96.266,16.597],[96.436,16.478],[96.616,16.518],[96.801,16.737],[96.91,17.067],[96.849,17.213],[96.905,17.375],[97.069,17.251],[97.131,17.079],[97.199,16.997],[97.255,16.698],[97.33,16.68],[97.37,16.484],[97.403,16.517],[97.653,16.54],[97.627,16.438],[97.65,16.284],[97.582,16.009],[97.712,15.888],[97.761,15.491],[97.795,15.408],[97.726,15.34],[97.807,15.175],[97.816,14.959],[97.795,14.88],[97.843,14.736],[97.95,14.799],[98.028,14.648],[97.943,14.72],[97.886,14.656],[97.976,14.444],[97.994,14.331],[98.109,14.133],[98.062,14.01],[98.111,13.902],[98.103,13.701],[98.16,13.69],[98.13,13.582],[98.171,13.538],[98.199,13.869],[98.186,14.065],[98.234,14.003],[98.245,13.714],[98.432,13.479],[98.48,13.284],[98.578,13.187],[98.59,12.92],[98.634,12.879],[98.628,12.756],[98.689,12.728],[98.623,12.558],[98.71,12.512],[98.605,12.429],[98.7,12.364],[98.677,12.315],[98.552,12.28],[98.597,12.194],[98.696,12.242],[98.634,12.09],[98.713,12.064],[98.72,11.964],[98.549,11.879],[98.694,11.893],[98.603,11.754],[98.684,11.683],[98.768,11.762],[98.877,11.723],[98.752,11.682],[98.718,11.532],[98.775,11.454],[98.698,11.388],[98.759,11.269],[98.724,11.156],[98.658,11.132],[98.722,11.045],[98.712,10.924],[98.582,10.882],[98.631,10.851],[98.563,10.727],[98.459,10.715],[98.528,10.364],[98.491,10.204],[98.543,9.987],[98.696,10.224],[98.747,10.351],[98.791,10.52],[98.767,10.689],[98.905,10.814],[98.974,10.824],[99.002,10.958],[99.213,11.108],[99.243,11.198],[99.428,11.497],[99.441,11.597],[99.531,11.631],[99.63,11.816],[99.554,11.895],[99.574,11.976],[99.518,12.026],[99.546,12.132],[99.466,12.126],[99.457,12.256],[99.387,12.466],[99.394,12.59],[99.214,12.735],[99.151,12.995],[99.093,13.038],[99.102,13.171],[99.19,13.23],[99.188,13.427],[99.153,13.715],[99.092,13.864],[98.945,14.069],[98.754,14.2],[98.548,14.378],[98.418,14.608],[98.243,14.805],[98.165,15.126],[98.283,15.29],[98.392,15.258],[98.397,15.356],[98.475,15.383],[98.534,15.326],[98.567,15.453],[98.543,15.735],[98.584,15.977],[98.659,16.116],[98.783,16.102],[98.835,16.145],[98.903,16.363],[98.81,16.44],[98.682,16.273],[98.632,16.463],[98.547,16.62],[98.457,16.723],[98.521,16.814],[98.436,17.012],[98.313,17.052],[98.279,17.137],[98.101,17.303],[97.983,17.505],[97.769,17.679],[97.676,17.83],[97.754,17.969],[97.618,18.242],[97.638,18.306],[97.561,18.328],[97.528,18.265],[97.453,18.334],[97.379,18.521],[97.51,18.491],[97.618,18.553],[97.746,18.571],[97.76,18.623],[97.719,18.865],[97.658,18.926],[97.811,19.112],[97.767,19.398],[97.849,19.494],[97.84,19.555],[98.008,19.639],[98.025,19.803],[98.307,19.69],[98.533,19.676],[98.808,19.807],[98.884,19.745],[99.009,19.846],[99.017,20.041],[99.117,20.118],[99.296,20.062],[99.441,20.102],[99.526,20.196],[99.421,20.376],[99.652,20.307],[99.77,20.328],[99.838,20.417],[99.942,20.444],[100.099,20.318],[100.149,20.548],[100.211,20.697],[100.384,20.832],[100.537,20.808],[100.652,20.877],[100.516,20.886],[100.543,21.027],[100.638,21.07],[100.725,21.312],[100.792,21.297],[101.003,21.406],[101.159,21.553],[101.119,21.76],[100.877,21.677],[100.704,21.516],[100.572,21.455],[100.457,21.455],[100.327,21.524],[100.187,21.428],[100.09,21.529],[100.146,21.649],[99.95,21.721],[99.92,21.852],[99.966,21.963],[99.942,22.046],[99.821,22.018],[99.739,22.067],[99.439,22.124],[99.253,22.103],[99.144,22.154],[99.243,22.393],[99.358,22.495],[99.308,22.745],[99.414,22.857],[99.413,22.931],[99.538,22.926],[99.493,23.057],[99.314,23.126],[99.217,23.057],[99.075,23.102],[99.026,23.16],[98.859,23.179],[98.911,23.298],[98.89,23.407],[98.781,23.533],[98.857,23.604],[98.778,23.769],[98.664,23.797],[98.663,23.97],[98.856,24.084],[98.866,24.146],[98.585,24.076],[98.503,24.121],[98.331,24.099],[98.182,24.119],[97.89,24.023],[97.637,23.864],[97.516,23.943],[97.708,24.125],[97.718,24.278],[97.64,24.439],[97.52,24.431],[97.536,24.745],[97.664,24.83],[97.773,24.855],[97.703,24.96],[97.824,25.262],[97.889,25.206],[98.108,25.389],[98.14,25.611],[98.333,25.567],[98.509,25.838],[98.61,25.801],[98.692,25.879],[98.582,25.982],[98.546,26.106],[98.706,26.175],[98.642,26.255],[98.717,26.409],[98.756,26.625],[98.715,26.862],[98.738,27.049],[98.673,27.176],[98.704,27.304],[98.674,27.387],[98.679,27.577],[98.578,27.592],[98.41,27.684],[98.383,27.556],[98.295,27.537],[98.204,27.727],[98.177,27.898],[98.107,27.973],[98.119,28.141],[97.991,28.214],[97.993,28.269],[97.859,28.37],[97.74,28.383],[97.67,28.511],[97.546,28.538],[97.445,28.383],[97.448,28.298],[97.323,28.217],[97.293,28.095],[97.362,27.995],[97.334,27.894],[97.223,27.9],[97.06,27.75],[96.87,27.619],[96.905,27.408],[97.135,27.127],[97.027,27.091],[96.843,27.189],[96.86,27.241],[96.759,27.342],[96.587,27.354],[96.511,27.292],[96.143,27.258],[96.013,27.191],[95.889,27.027],[95.778,26.995],[95.591,26.824],[95.49,26.811],[95.393,26.692],[95.205,26.668],[95.119,26.604],[95.041,26.476],[95.046,26.248],[95.088,26.104],[95.151,26.05],[95.001,25.922],[95.009,25.737],[94.961,25.718],[94.764,25.492],[94.608,25.395],[94.55,25.245],[94.577,25.174],[94.689,25.139],[94.709,25.026],[94.59,24.747],[94.516,24.705],[94.29,24.317],[94.19,23.995],[94.1,23.843],[93.998,23.917],[93.804,23.936],[93.743,23.995],[93.612,24.009],[93.457,23.96],[93.368,24.078],[93.303,24.041],[93.356,23.907],[93.375,23.739],[93.432,23.647],[93.384,23.313],[93.375,23.13],[93.299,23.018],[93.197,23.054],[93.138,23.005],[93.176,22.882],[93.08,22.773],[93.099,22.512],[93.166,22.387],[93.142,22.187],[93.025,22.202],[92.979,21.995],[92.854,22.024],[92.684,22.154],[92.651,22.019],[92.576,21.978]]],[[[98.296,10.049],[98.254,10.063],[98.127,9.96],[98.133,9.846],[98.296,10.049]]],[[[98.268,10.837],[98.191,10.971],[98.165,10.919],[98.24,10.831],[98.237,10.697],[98.296,10.735],[98.268,10.837]]],[[[98.528,10.974],[98.532,11.084],[98.477,10.974],[98.528,10.974]]],[[[98.278,11.8],[98.203,11.589],[98.187,11.446],[98.284,11.509],[98.302,11.714],[98.278,11.8]]],[[[98.535,11.804],[98.394,11.794],[98.391,11.663],[98.535,11.529],[98.535,11.804]]],[[[98.604,11.967],[98.431,12.101],[98.478,11.891],[98.658,11.94],[98.604,11.967]]],[[[98.096,12.187],[98.073,12.29],[98.034,12.221],[98.096,12.187]]],[[[98.065,12.365],[98.007,12.402],[97.946,12.31],[98.065,12.365]]],[[[98.466,12.584],[98.425,12.53],[98.406,12.639],[98.316,12.687],[98.334,12.512],[98.302,12.338],[98.391,12.362],[98.465,12.481],[98.466,12.584]]],[[[98.296,13.085],[98.245,13.119],[98.302,12.913],[98.296,13.085]]],[[[94.828,15.932],[94.725,15.812],[94.804,15.797],[94.828,15.932]]],[[[94.662,16.222],[94.643,16.246],[94.485,16.059],[94.39,16.001],[94.417,15.872],[94.478,15.966],[94.63,16.075],[94.662,16.222]]],[[[97.589,16.415],[97.606,16.484],[97.521,16.511],[97.452,16.449],[97.459,16.301],[97.517,16.21],[97.571,16.223],[97.589,16.415]]],[[[93.745,18.8],[93.742,18.872],[93.622,18.91],[93.484,18.875],[93.645,18.679],[93.747,18.709],[93.745,18.8]]],[[[93.971,19.417],[93.82,19.472],[93.688,19.559],[93.642,19.492],[93.803,19.277],[93.966,19.363],[93.971,19.417]]],[[[93.505,19.807],[93.505,19.872],[93.403,19.953],[93.441,19.811],[93.505,19.807]]],[[[92.964,20.037],[92.909,20.065],[93.009,19.89],[92.964,20.037]]]]},"properties":{"NAME":"Myanmar","ADMIN":"Myanmar","ISO_A2":"MM","ISO_A3":"MMR","CONTINENT":"Asia","SUBREGION":"South-Eastern Asia","POP_EST":54045420,"GDP_MD":76085,"LABEL_X":95.804497,"LABEL_Y":21.573855,"ID":"MMR"}},{"type":"Feature","geometry":{"type":"MultiPolygon","coordinates":[[[[92.576,21.978],[92.537,22.129],[92.577,22.169],[92.501,22.561],[92.496,22.696],[92.426,22.871],[92.352,22.96],[92.328,23.171],[92.357,23.289],[92.253,23.609],[92.259,23.706],[92.194,23.648],[92.151,23.732],[92.004,23.647],[91.937,23.724],[91.941,23.495],[91.792,23.368],[91.744,23.272],[91.796,23.089],[91.695,22.988],[91.586,22.944],[91.503,23.044],[91.464,23.184],[91.372,23.262],[91.371,23.063],[91.301,23.142],[91.227,23.469],[91.141,23.612],[91.216,23.908],[91.339,23.995],[91.363,24.1],[91.559,24.09],[91.625,24.203],[91.733,24.164],[91.733,24.234],[91.865,24.151],[91.922,24.345],[92.108,24.406],[92.234,24.778],[92.252,24.903],[92.381,24.837],[92.478,24.864],[92.458,24.953],[92.304,25.074],[92.002,25.183],[91.73,25.167],[91.662,25.127],[91.471,25.134],[91.236,25.202],[90.822,25.142],[90.738,25.169],[90.365,25.15],[90.13,25.212],[89.908,25.297],[89.835,25.282],[89.795,25.374],[89.834,25.635],[89.787,25.839],[89.834,25.932],[89.658,26.208],[89.563,26.143],[89.603,26.055],[89.549,25.969],[89.351,25.997],[89.132,26.134],[89.069,26.287],[89.096,26.335],[88.95,26.437],[88.892,26.369],[89.04,26.247],[88.903,26.273],[88.808,26.233],[88.656,26.415],[88.398,26.559],[88.314,26.482],[88.461,26.454],[88.498,26.353],[88.432,26.362],[88.309,26.206],[88.164,26.14],[88.074,25.908],[88.128,25.775],[88.227,25.804],[88.419,25.654],[88.424,25.592],[88.53,25.5],[88.678,25.466],[88.772,25.502],[88.849,25.327],[88.975,25.303],[88.924,25.168],[88.784,25.161],[88.599,25.193],[88.431,25.173],[88.426,25.051],[88.314,24.868],[88.202,24.945],[88.115,24.916],[88.141,24.845],[88.053,24.755],[88.022,24.646],[88.139,24.495],[88.475,24.315],[88.635,24.294],[88.66,24.338],[88.75,24.223],[88.678,24.154],[88.725,24.029],[88.714,23.925],[88.594,23.867],[88.54,23.65],[88.719,23.468],[88.768,23.467],[88.686,23.293],[88.71,23.241],[88.84,23.235],[88.955,23.184],[88.851,23.075],[88.843,22.965],[88.945,22.848],[88.908,22.741],[89.003,22.428],[89.06,22.13],[89.105,21.816],[89.174,21.81],[89.229,21.644],[89.296,21.809],[89.383,21.921],[89.37,21.743],[89.466,21.781],[89.522,21.962],[89.467,22.229],[89.568,21.901],[89.537,21.754],[89.701,21.785],[89.661,21.849],[89.814,21.841],[89.887,21.9],[89.836,22.049],[89.874,22.109],[89.839,22.268],[89.998,22.481],[89.88,22.288],[89.934,21.998],[90.035,22.105],[89.996,22],[90.086,22],[90.024,21.862],[90.126,21.901],[90.093,21.83],[90.185,21.801],[90.273,21.857],[90.309,21.984],[90.387,22.103],[90.439,22.076],[90.558,22.203],[90.613,22.315],[90.607,22.466],[90.513,22.611],[90.49,22.72],[90.406,22.763],[90.476,22.884],[90.54,22.897],[90.454,23.072],[90.566,23.076],[90.607,23.247],[90.569,23.295],[90.428,23.326],[90.259,23.445],[90.552,23.385],[90.577,23.539],[90.498,23.557],[90.612,23.606],[90.599,23.391],[90.667,23.268],[90.627,23.087],[90.717,22.941],[90.774,22.778],[90.955,22.576],[91.04,22.608],[91.127,22.527],[91.242,22.575],[91.253,22.661],[91.182,22.726],[91.456,22.785],[91.676,22.535],[91.744,22.411],[91.772,22.26],[91.855,22.109],[91.916,21.862],[91.899,21.789],[91.99,21.795],[91.95,21.716],[92.001,21.65],[92.005,21.504],[91.96,21.424],[92.045,21.3],[92.053,21.155],[92.193,20.996],[92.301,20.762],[92.265,21.061],[92.175,21.176],[92.184,21.317],[92.236,21.417],[92.323,21.462],[92.423,21.364],[92.525,21.361],[92.571,21.247],[92.643,21.298],[92.59,21.496],[92.576,21.978]]],[[[91.936,21.76],[91.848,21.689],[91.877,21.481],[91.961,21.506],[91.984,21.609],[91.936,21.76]]],[[[89.116,21.781],[89.072,21.89],[89.052,21.793],[89.116,21.781]]],[[[91.888,21.866],[91.833,21.877],[91.841,21.735],[91.888,21.866]]],[[[90.435,22.041],[90.402,21.907],[90.486,21.977],[90.435,22.041]]],[[[91.149,22.357],[91.075,22.389],[91.059,22.192],[91.005,22.117],[91.063,22.09],[91.187,22.228],[91.149,22.357]]],[[[91.468,22.586],[91.447,22.453],[91.555,22.402],[91.556,22.478],[91.468,22.586]]],[[[90.791,22.495],[90.651,22.787],[90.579,22.757],[90.559,22.603],[90.647,22.548],[90.688,22.378],[90.608,22.072],[90.692,22.007],[90.836,22.178],[90.855,22.435],[90.791,22.495]]],[[[90.645,22.849],[90.487,22.87],[90.456,22.767],[90.521,22.712],[90.645,22.849]]],[[[90.667,22.953],[90.586,23.035],[90.524,22.953],[90.667,22.953]]]]},"properties":{"NAME":"Bangladesh","ADMIN":"Bangladesh","ISO_A2":"BD","ISO_A3":"BGD","CONTINENT":"Asia","SUBREGION":"Southern Asia","POP_EST":163046161,"GDP_MD":302571,"LABEL_X":89.684963,"LABEL_Y":24.214956,"ID":"BGD"}},{"type":"Feature","geometry":{"type":"Polygon","coordinates":[[[1.707,42.503],[1.722,42.61],[1.467,42.641],[1.429,42.595],[1.408,42.487],[1.508,42.429],[1.707,42.503]]]},"properties":{"NAME":"Andorra","ADMIN":"Andorra","ISO_A2":"AD","ISO_A3":"AND","CONTINENT":"Europe","SUBREGION":"Southern Europe","POP_EST":77142,"GDP_MD":3154,"LABEL_X":1.539409,"LABEL_Y":42.547643,"ID":"AND"}},{"type":"Feature","geometry":{"type":"Polygon","coordinates":[[[74.542,37.022],[74.383,37.127],[74.487,37.226],[74.623,37.231],[74.721,37.298],[74.783,37.22],[74.892,37.231],[74.66,37.394],[74.53,37.376],[74.224,37.403],[74.163,37.33],[73.798,37.229],[73.618,37.233],[73.631,37.296],[73.746,37.353],[73.753,37.428],[73.485,37.481],[73.276,37.459],[73.068,37.315],[72.996,37.309],[72.761,37.187],[72.658,37.029],[72.406,37.008],[72.26,36.967],[71.837,36.699],[71.611,36.705],[71.463,36.948],[71.431,37.067],[71.487,37.267],[71.497,37.567],[71.538,37.779],[71.598,37.898],[71.501,37.946],[71.341,37.893],[71.258,37.926],[71.365,38.207],[71.334,38.281],[70.974,38.474],[70.936,38.433],[70.761,38.444],[70.596,38.338],[70.483,38.137],[70.262,37.939],[70.172,37.946],[70.283,37.705],[70.158,37.541],[70.017,37.546],[69.895,37.618],[69.802,37.582],[69.529,37.586],[69.378,37.437],[69.445,37.236],[69.324,37.121],[69.246,37.104],[69.124,37.169],[68.965,37.329],[68.814,37.323],[68.82,37.251],[68.669,37.278],[68.627,37.206],[68.307,37.114],[68.278,37.01],[68.186,37.018],[68.011,36.931],[67.878,37.064],[67.785,37.097],[67.781,37.189],[67.482,37.277],[67.391,37.22],[67.237,37.192],[67.006,37.384],[66.52,37.364],[66.461,37.324],[66.294,37.331],[66.08,37.441],[65.855,37.508],[65.761,37.578],[65.669,37.521],[65.624,37.345],[65.501,37.242],[65.063,37.233],[64.76,37.093],[64.779,36.938],[64.592,36.621],[64.606,36.461],[64.445,36.25],[64.266,36.152],[64.123,36.146],[64.036,36.076],[64.045,35.999],[63.922,36.034],[63.766,35.977],[63.602,35.963],[63.343,35.856],[63.125,35.86],[63.112,35.77],[63.214,35.699],[63.077,35.625],[63.08,35.437],[62.918,35.388],[62.621,35.223],[62.459,35.282],[62.302,35.148],[62.219,35.306],[62.034,35.424],[61.919,35.452],[61.799,35.417],[61.539,35.452],[61.393,35.554],[61.344,35.631],[61.27,35.618],[61.29,35.548],[61.108,35.278],[61.116,35.06],[61.065,34.815],[60.96,34.723],[60.948,34.638],[60.7,34.516],[60.89,34.319],[60.644,34.307],[60.521,34.186],[60.487,34.094],[60.528,33.841],[60.487,33.711],[60.512,33.638],[60.656,33.56],[60.88,33.549],[60.819,33.405],[60.568,33.151],[60.578,32.994],[60.83,32.249],[60.775,32.027],[60.822,31.495],[60.855,31.483],[61.661,31.382],[61.749,31.302],[61.743,31.24],[61.826,31.035],[61.785,30.831],[61.462,30.495],[60.844,29.858],[61.613,29.639],[62.374,29.425],[62.478,29.408],[63.569,29.497],[63.972,29.43],[64.086,29.387],[64.173,29.484],[64.478,29.57],[64.82,29.568],[65.036,29.54],[66.196,29.835],[66.341,29.957],[66.225,30.044],[66.301,30.226],[66.322,30.437],[66.268,30.601],[66.366,30.923],[66.55,30.977],[66.663,31.083],[66.697,31.196],[66.943,31.315],[67.023,31.239],[67.346,31.208],[67.749,31.328],[67.77,31.395],[67.597,31.426],[67.569,31.53],[67.727,31.531],[67.871,31.635],[68.047,31.688],[68.159,31.826],[68.255,31.766],[68.498,31.725],[68.419,31.783],[68.527,31.823],[68.676,31.775],[68.777,31.619],[69.004,31.651],[69.114,31.738],[69.299,31.938],[69.251,32.131],[69.268,32.301],[69.228,32.421],[69.282,32.533],[69.429,32.667],[69.376,32.772],[69.477,32.857],[69.469,32.994],[69.548,33.075],[69.772,33.115],[69.881,33.089],[70.125,33.199],[70.294,33.319],[70.286,33.383],[70.155,33.507],[70.17,33.639],[70.108,33.727],[69.958,33.753],[69.841,33.942],[69.889,34.031],[70.003,34.044],[70.328,33.957],[70.522,33.939],[70.862,33.965],[71.063,34.054],[71.122,34.357],[70.971,34.469],[70.957,34.532],[71.066,34.558],[71.081,34.673],[71.203,34.748],[71.289,34.875],[71.46,34.943],[71.509,35.072],[71.634,35.203],[71.53,35.301],[71.622,35.43],[71.593,35.549],[71.483,35.627],[71.52,35.684],[71.342,35.947],[71.166,36.046],[71.223,36.125],[71.382,36.219],[71.629,36.46],[71.736,36.396],[71.773,36.48],[71.875,36.499],[72.05,36.619],[72.172,36.654],[72.214,36.726],[72.454,36.758],[72.565,36.821],[72.868,36.83],[73.192,36.877],[73.64,36.897],[74.094,36.831],[74.394,36.994],[74.537,36.962],[74.542,37.022]]]},"properties":{"NAME":"Afghanistan","ADMIN":"Afghanistan","ISO_A2":"AF","ISO_A3":"AFG","CONTINENT":"Asia","SUBREGION":"Southern Asia","POP_EST":38041754,"GDP_MD":19291,"LABEL_X":66.496586,"LABEL_Y":34.164262,"ID":"AFG"}},{"type":"Feature","geometry":{"type":"Polygon","coordinates":[[[18.496,42.416],[18.654,42.452],[18.779,42.271],[18.872,42.29],[19.139,42.042],[19.17,41.938],[19.365,41.852],[19.375,42.095],[19.272,42.181],[19.417,42.374],[19.699,42.655],[19.734,42.524],[19.82,42.466],[20.065,42.547],[20.104,42.653],[20.025,42.723],[20.076,42.773],[20.183,42.743],[20.345,42.827],[20.337,42.907],[20.117,42.977],[19.929,43.114],[19.782,43.096],[19.619,43.168],[19.356,43.393],[19.218,43.438],[19.195,43.533],[18.906,43.491],[19.07,43.309],[18.992,43.267],[18.899,43.352],[18.68,43.249],[18.629,43.155],[18.639,43.02],[18.453,42.993],[18.467,42.769],[18.55,42.639],[18.437,42.559],[18.496,42.416]]]},"properties":{"NAME":"Montenegro","ADMIN":"Montenegro","ISO_A2":"ME","ISO_A3":"MNE","CONTINENT":"Europe","SUBREGION":"Southern Europe","POP_EST":622137,"GDP_MD":5542,"LABEL_X":19.143727,"LABEL_Y":42.803101,"ID":"MNE"}},{"type":"Feature","geometry":{"type":"Polygon","coordinates":[[[17.653,42.891],[17.812,42.91],[17.858,42.817],[18.224,42.628],[18.437,42.559],[18.55,42.639],[18.467,42.769],[18.453,42.993],[18.639,43.02],[18.629,43.155],[18.68,43.249],[18.899,43.352],[18.992,43.267],[19.07,43.309],[18.906,43.491],[19.195,43.533],[19.347,43.609],[19.482,43.561],[19.506,43.674],[19.462,43.762],[19.229,43.958],[19.552,43.983],[19.619,44.036],[19.362,44.191],[19.324,44.264],[19.177,44.287],[19.107,44.383],[19.13,44.518],[19.328,44.734],[19.369,44.887],[19.174,44.925],[19.016,44.866],[18.89,44.861],[18.773,44.942],[18.789,45.006],[18.689,45.08],[18.541,45.055],[18.238,45.157],[18.193,45.109],[18.019,45.149],[17.836,45.064],[17.685,45.164],[17.572,45.12],[17.382,45.14],[17.269,45.19],[17.187,45.149],[16.924,45.285],[16.786,45.179],[16.587,45.221],[16.482,45.2],[16.341,45.006],[16.213,45.031],[15.998,45.219],[15.825,45.211],[15.78,45.16],[15.773,44.845],[15.717,44.786],[15.806,44.697],[15.896,44.719],[16.116,44.521],[16.203,44.36],[16.216,44.208],[16.327,44.082],[16.414,44.056],[16.679,43.841],[16.713,43.772],[17.085,43.513],[17.286,43.437],[17.268,43.353],[17.442,43.152],[17.587,43.082],[17.663,42.966],[17.581,42.942],[17.653,42.891]]]},"properties":{"NAME":"Bosnia and Herz.","ADMIN":"Bosnia and Herzegovina","ISO_A2":"BA","ISO_A3":"BIH","CONTINENT":"Europe","SUBREGION":"Southern Europe","POP_EST":3301000,"GDP_MD":20164,"LABEL_X":18.06841,"LABEL_Y":44.091051,"ID":"BIH"}},{"type":"Feature","geometry":{"type":"Polygon","coordinates":[[[30.472,-1.067],[30.639,-1.073],[30.777,-0.986],[30.828,-1.003],[31.442,-1.003],[32.358,-1.003],[33.273,-1.003],[33.904,-1.003],[33.895,-0.663],[33.954,-0.154],[33.894,0.11],[34.088,0.367],[34.076,0.422],[34.15,0.604],[34.252,0.655],[34.307,0.768],[34.388,0.816],[34.507,1.103],[34.684,1.209],[34.798,1.232],[34.779,1.389],[34.979,1.676],[34.968,2.102],[34.866,2.348],[34.924,2.477],[34.876,2.591],[34.819,2.598],[34.73,2.853],[34.641,2.86],[34.575,2.946],[34.546,3.097],[34.434,3.182],[34.384,3.388],[34.387,3.486],[34.444,3.566],[34.44,3.668],[34.355,3.727],[34.29,3.703],[34.241,3.784],[34.165,3.771],[34.205,3.875],[34.085,3.877],[34.107,3.96],[34.069,4.088],[33.977,4.22],[33.533,3.774],[33.447,3.744],[33.195,3.757],[33.017,3.877],[32.756,3.769],[32.372,3.731],[32.188,3.619],[32.175,3.521],[31.944,3.591],[31.916,3.68],[31.781,3.816],[31.669,3.705],[31.505,3.66],[31.295,3.774],[31.141,3.785],[30.944,3.679],[30.84,3.49],[30.896,3.52],[30.91,3.393],[30.804,3.246],[30.745,3.036],[30.855,2.893],[30.739,2.603],[30.708,2.462],[30.795,2.44],[30.872,2.332],[30.985,2.395],[31.055,2.29],[31.178,2.303],[31.19,2.222],[31.267,2.173],[31.243,2.051],[31.026,1.778],[30.682,1.5],[30.478,1.239],[30.239,1.136],[30.221,1.017],[30.145,0.903],[30.038,0.879],[29.928,0.785],[29.94,0.498],[29.833,0.337],[29.801,0.172],[29.712,0.1],[29.629,-0.442],[29.611,-0.864],[29.556,-0.919],[29.578,-1.388],[29.836,-1.329],[29.898,-1.47],[29.96,-1.465],[30.147,-1.345],[30.353,-1.061],[30.472,-1.067]]]},"properties":{"NAME":"Uganda","ADMIN":"Uganda","ISO_A2":"UG","ISO_A3":"UGA","CONTINENT":"Africa","SUBREGION":"Eastern Africa","POP_EST":44269594,"GDP_MD":35165,"LABEL_X":32.948555,"LABEL_Y":1.972589,"ID":"UGA"}},{"type":"Feature","geometry":{"type":"MultiPolygon","coordinates":[[[[-75.095,19.897],[-74.978,19.923],[-74.813,20.037],[-74.58,20.048],[-74.393,20.081],[-74.267,20.068],[-74.142,20.183],[-74.214,20.311],[-74.401,20.307],[-74.495,20.355],[-74.605,20.486],[-74.772,20.626],[-74.998,20.701],[-75.195,20.691],[-75.44,20.741],[-75.498,20.693],[-75.613,20.718],[-75.633,20.781],[-75.709,20.691],[-75.784,20.746],[-75.744,20.902],[-75.649,20.899],[-75.578,21.013],[-75.684,21.103],[-75.822,21.137],[-76.002,21.078],[-76.117,21.091],[-76.138,21.167],[-76.388,21.284],[-76.507,21.288],[-76.456,21.226],[-76.537,21.185],[-76.552,21.267],[-76.735,21.286],[-76.637,21.321],[-76.963,21.473],[-77.107,21.603],[-77.153,21.495],[-77.258,21.476],[-77.25,21.61],[-77.154,21.555],[-77.134,21.664],[-77.195,21.671],[-77.508,21.862],[-77.556,21.929],[-77.614,21.884],[-77.459,21.809],[-77.337,21.65],[-77.43,21.658],[-77.456,21.777],[-77.525,21.754],[-77.761,21.813],[-77.985,21.97],[-78.065,22.087],[-78.301,22.164],[-78.381,22.247],[-78.484,22.26],[-78.676,22.357],[-78.758,22.322],[-78.782,22.391],[-78.982,22.405],[-79.239,22.376],[-79.342,22.413],[-79.457,22.528],[-79.512,22.535],[-79.627,22.657],[-79.652,22.759],[-79.988,22.884],[-80.025,22.947],[-80.28,22.912],[-80.557,23.007],[-80.622,23.09],[-80.759,23.097],[-80.959,23.059],[-81.078,23.104],[-81.121,23.039],[-81.286,23.145],[-81.481,23.1],[-81.553,23.054],[-81.581,23.158],[-81.986,23.171],[-82.033,23.201],[-82.219,23.194],[-82.407,23.147],[-82.576,23.054],[-82.918,23.032],[-83.161,22.98],[-83.246,22.994],[-83.393,22.877],[-83.541,22.874],[-83.669,22.795],[-83.873,22.751],[-84.078,22.666],[-84.145,22.569],[-84.213,22.583],[-84.23,22.504],[-84.374,22.381],[-84.446,22.205],[-84.336,22.131],[-84.308,22.037],[-84.583,22.008],[-84.947,21.86],[-84.8,21.832],[-84.66,21.912],[-84.536,21.94],[-84.474,21.905],[-84.521,21.787],[-84.423,21.792],[-84.305,21.885],[-84.142,21.94],[-84.042,21.918],[-83.965,22.013],[-84.002,22.058],[-83.925,22.172],[-83.561,22.205],[-83.415,22.186],[-83.26,22.342],[-83.167,22.34],[-83.086,22.463],[-82.801,22.623],[-82.781,22.696],[-82.633,22.68],[-82.199,22.686],[-82.099,22.655],[-81.878,22.68],[-81.643,22.573],[-81.684,22.464],[-81.841,22.431],[-82.119,22.432],[-82.088,22.342],[-81.88,22.26],[-81.824,22.189],[-81.651,22.213],[-81.396,22.171],[-81.374,22.104],[-81.239,22.151],[-81.197,22.091],[-81.205,22.278],[-81.136,22.23],[-81.104,22.096],[-80.992,22.054],[-80.514,22.056],[-80.538,22.164],[-80.484,22.192],[-80.396,22.101],[-80.451,22.069],[-80.27,21.887],[-80.067,21.817],[-80.004,21.756],[-79.895,21.76],[-79.895,21.699],[-79.639,21.688],[-79.54,21.622],[-79.365,21.599],[-79.249,21.552],[-78.767,21.64],[-78.608,21.494],[-78.504,21.147],[-78.495,21.048],[-78.404,20.958],[-78.272,20.901],[-78.066,20.712],[-77.878,20.732],[-77.778,20.701],[-77.493,20.677],[-77.315,20.709],[-77.195,20.637],[-77.24,20.563],[-77.082,20.465],[-77.182,20.295],[-77.401,20.198],[-77.62,20.02],[-77.737,19.856],[-77.359,19.864],[-77.298,19.907],[-76.959,19.891],[-76.866,19.938],[-76.524,19.944],[-76.248,19.991],[-75.98,19.952],[-75.722,19.958],[-75.605,19.892],[-75.233,19.9],[-75.147,19.984],[-75.095,19.897]]],[[[-82.568,21.637],[-82.592,21.729],[-82.693,21.824],[-82.69,21.882],[-82.859,21.934],[-82.959,21.925],[-83.075,21.843],[-83.073,21.761],[-82.988,21.62],[-83.024,21.548],[-83.192,21.63],[-83.079,21.469],[-82.836,21.445],[-82.595,21.542],[-82.568,21.637]]],[[[-77.634,22.054],[-77.809,22.1],[-77.947,22.073],[-77.902,22.015],[-77.709,21.912],[-77.634,22.054]]],[[[-77.997,22.147],[-77.863,22.099],[-77.826,22.158],[-77.902,22.233],[-78.046,22.199],[-77.997,22.147]]],[[[-78.197,22.329],[-78.028,22.266],[-78.1,22.397],[-78.198,22.437],[-78.299,22.42],[-78.197,22.329]]],[[[-78.426,22.463],[-78.43,22.419],[-78.282,22.457],[-78.352,22.543],[-78.466,22.53],[-78.68,22.554],[-78.638,22.492],[-78.426,22.463]]],[[[-79.358,22.638],[-79.372,22.677],[-79.591,22.795],[-79.491,22.702],[-79.358,22.638]]]]},"properties":{"NAME":"Cuba","ADMIN":"Cuba","ISO_A2":"CU","ISO_A3":"CUB","CONTINENT":"North America","SUBREGION":"Caribbean","POP_EST":11333483,"GDP_MD":100023,"LABEL_X":-77.975855,"LABEL_Y":21.334024,"ID":"CUB"}},{"type":"Feature","geometry":{"type":"MultiPolygon","coordinates":[[[[-89.362,14.415],[-89.154,14.351],[-89.107,14.396],[-88.957,14.185],[-88.881,14.184],[-88.839,14.1],[-88.746,14.111],[-88.747,14.052],[-88.495,13.975],[-88.497,13.851],[-88.36,13.872],[-88.236,13.938],[-88.235,13.993],[-88.088,13.981],[-88.015,13.866],[-87.808,13.909],[-87.704,13.815],[-87.79,13.533],[-87.726,13.499],[-87.817,13.407],[-87.721,13.359],[-87.619,13.451],[-87.599,13.384],[-87.482,13.359],[-87.447,13.42],[-87.379,13.372],[-87.512,13.287],[-87.419,13.111],[-87.269,13.029],[-87.314,12.982],[-87.035,12.98],[-86.92,13.096],[-86.911,13.24],[-86.702,13.314],[-86.774,13.655],[-86.727,13.768],[-86.542,13.782],[-86.41,13.749],[-86.314,13.777],[-86.284,13.846],[-86.097,14.044],[-85.824,13.848],[-85.725,13.848],[-85.699,13.962],[-85.432,14.133],[-85.321,14.281],[-85.158,14.338],[-85.206,14.407],[-85.138,14.578],[-85.086,14.545],[-85.022,14.606],[-85.002,14.741],[-84.904,14.817],[-84.77,14.805],[-84.699,14.675],[-84.527,14.66],[-84.483,14.619],[-84.363,14.716],[-84.267,14.678],[-84.262,14.759],[-84.183,14.714],[-83.869,14.777],[-83.821,14.825],[-83.616,14.873],[-83.39,15.031],[-83.266,14.982],[-83.13,14.997],[-83.254,15.045],[-83.356,15.23],[-83.703,15.402],[-83.725,15.376],[-83.548,15.292],[-83.517,15.29],[-83.482,15.216],[-83.555,15.168],[-83.528,15.284],[-83.623,15.296],[-83.634,15.256],[-83.769,15.219],[-83.775,15.286],[-83.994,15.422],[-83.988,15.352],[-83.822,15.271],[-83.922,15.248],[-84.083,15.36],[-84.089,15.483],[-84.004,15.538],[-83.894,15.485],[-84.295,15.811],[-84.642,15.863],[-84.477,15.779],[-84.681,15.794],[-84.677,15.876],[-85,15.988],[-85.076,15.986],[-85.254,15.884],[-85.489,15.87],[-85.692,15.972],[-85.919,16.004],[-85.995,15.901],[-86.207,15.874],[-86.338,15.781],[-86.471,15.804],[-86.879,15.764],[-87.152,15.797],[-87.345,15.85],[-87.51,15.799],[-87.617,15.895],[-87.722,15.923],[-87.951,15.867],[-88.145,15.685],[-88.221,15.726],[-88.317,15.675],[-88.399,15.573],[-88.973,15.14],[-89.141,15.076],[-89.169,14.952],[-89.231,14.867],[-89.145,14.708],[-89.16,14.581],[-89.246,14.573],[-89.355,14.475],[-89.362,14.415]]],[[[-86.607,16.285],[-86.312,16.413],[-86.531,16.356],[-86.607,16.285]]]]},"properties":{"NAME":"Honduras","ADMIN":"Honduras","ISO_A2":"HN","ISO_A3":"HND","CONTINENT":"North America","SUBREGION":"Central America","POP_EST":9746117,"GDP_MD":25095,"LABEL_X":-86.887604,"LABEL_Y":14.794801,"ID":"HND"}},{"type":"Feature","geometry":{"type":"MultiPolygon","coordinates":[[[[-78.829,1.434],[-78.855,1.292],[-78.893,1.245],[-78.929,1.243],[-78.955,1.207],[-78.958,1.163],[-78.992,1.12],[-79.072,1.21],[-79.147,1.11],[-79.248,1.08],[-79.457,1.072],[-79.572,0.984],[-79.766,0.955],[-79.862,0.876],[-80.046,0.84],[-80.109,0.738],[-80.017,0.559],[-80.036,0.439],[-79.991,0.365],[-80.048,0.318],[-80.037,0.176],[-80.066,0.052],[-80.232,-0.14],[-80.371,-0.223],[-80.496,-0.381],[-80.392,-0.625],[-80.462,-0.618],[-80.547,-0.888],[-80.616,-0.941],[-80.816,-0.946],[-80.916,-1.066],[-80.834,-1.231],[-80.744,-1.344],[-80.771,-1.478],[-80.821,-1.5],[-80.85,-1.616],[-80.782,-1.737],[-80.733,-1.904],[-80.745,-2.103],[-80.871,-2.203],[-81.013,-2.167],[-80.914,-2.319],[-80.657,-2.416],[-80.468,-2.618],[-80.321,-2.711],[-80.175,-2.587],[-80.076,-2.458],[-80.033,-2.346],[-80.069,-2.561],[-79.984,-2.605],[-79.879,-2.492],[-79.863,-2.297],[-79.896,-2.214],[-79.862,-2.108],[-79.839,-2.377],[-79.748,-2.485],[-79.725,-2.57],[-79.835,-2.807],[-79.953,-3.197],[-80.04,-3.28],[-80.06,-3.204],[-80.136,-3.328],[-80.341,-3.393],[-80.266,-3.426],[-80.225,-3.592],[-80.222,-3.769],[-80.165,-3.88],[-80.305,-4.005],[-80.481,-3.999],[-80.514,-4.083],[-80.47,-4.213],[-80.345,-4.198],[-80.489,-4.396],[-80.408,-4.478],[-80.14,-4.283],[-79.982,-4.389],[-79.904,-4.399],[-79.833,-4.479],[-79.658,-4.439],[-79.507,-4.532],[-79.528,-4.618],[-79.451,-4.81],[-79.303,-4.961],[-79.104,-4.98],[-79.064,-5.011],[-78.98,-4.874],[-78.9,-4.844],[-78.929,-4.747],[-78.853,-4.652],[-78.673,-4.551],[-78.637,-4.435],[-78.682,-4.327],[-78.577,-4.1],[-78.567,-3.996],[-78.498,-3.95],[-78.47,-3.83],[-78.414,-3.772],[-78.426,-3.689],[-78.362,-3.409],[-78.27,-3.4],[-78.226,-3.507],[-78.164,-3.477],[-78.196,-3.364],[-77.941,-3.055],[-77.849,-2.981],[-76.685,-2.574],[-76.091,-2.129],[-75.56,-1.503],[-75.413,-0.924],[-75.349,-0.975],[-75.227,-0.97],[-75.297,-0.747],[-75.256,-0.624],[-75.272,-0.526],[-75.434,-0.403],[-75.485,-0.248],[-75.62,-0.181],[-75.638,-0.111],[-75.455,-0.161],[-75.283,-0.107],[-75.421,-0.062],[-75.647,0.085],[-75.79,0.084],[-75.927,0.181],[-76.053,0.364],[-76.312,0.459],[-76.416,0.402],[-76.408,0.255],[-76.584,0.223],[-76.725,0.278],[-76.734,0.233],[-76.897,0.245],[-77.117,0.358],[-77.207,0.334],[-77.424,0.408],[-77.468,0.651],[-77.646,0.716],[-77.673,0.82],[-77.848,0.809],[-77.909,0.864],[-78.12,0.921],[-78.373,1.074],[-78.467,1.178],[-78.57,1.196],[-78.829,1.434]]],[[[-80.06,-2.663],[-80.211,-2.725],[-80.262,-2.841],[-80.266,-3.018],[-80.131,-3.021],[-79.978,-2.776],[-79.903,-2.717],[-80.06,-2.663]]],[[[-89.661,-1.34],[-89.757,-1.361],[-89.613,-1.392],[-89.661,-1.34]]],[[[-90.381,-1.254],[-90.493,-1.238],[-90.524,-1.306],[-90.399,-1.326],[-90.381,-1.254]]],[[[-89.308,-0.686],[-89.413,-0.713],[-89.63,-0.926],[-89.554,-0.954],[-89.435,-0.929],[-89.273,-0.76],[-89.308,-0.686]]],[[[-90.192,-0.538],[-90.247,-0.493],[-90.488,-0.525],[-90.545,-0.682],[-90.429,-0.762],[-90.337,-0.777],[-90.188,-0.652],[-90.192,-0.538]]],[[[-91.401,-0.453],[-91.4,-0.308],[-91.474,-0.249],[-91.669,-0.285],[-91.607,-0.456],[-91.508,-0.49],[-91.401,-0.453]]],[[[-90.565,-0.285],[-90.632,-0.201],[-90.81,-0.151],[-90.874,-0.271],[-90.818,-0.34],[-90.587,-0.364],[-90.565,-0.285]]],[[[-90.811,-0.731],[-90.893,-0.626],[-90.956,-0.607],[-90.956,-0.422],[-91.124,-0.3],[-91.185,-0.211],[-91.209,-0.011],[-91.284,0.033],[-91.324,0.139],[-91.497,0.106],[-91.604,0.001],[-91.546,-0.048],[-91.423,-0.029],[-91.352,-0.307],[-91.236,-0.386],[-91.209,-0.485],[-91.094,-0.569],[-91.168,-0.683],[-91.235,-0.662],[-91.436,-0.778],[-91.502,-0.896],[-91.4,-1.018],[-91.16,-1.03],[-91.013,-0.969],[-90.929,-0.97],[-90.811,-0.731]]],[[[-90.514,0.284],[-90.408,0.311],[-90.483,0.365],[-90.514,0.284]]],[[[-78.902,1.374],[-78.992,1.268],[-78.957,1.236],[-78.936,1.257],[-78.913,1.245],[-78.902,1.374]]],[[[-79.82,-2.486],[-79.882,-2.627],[-79.773,-2.542],[-79.82,-2.486]]]]},"properties":{"NAME":"Ecuador","ADMIN":"Ecuador","ISO_A2":"EC","ISO_A3":"ECU","CONTINENT":"South America","SUBREGION":"South America","POP_EST":17373662,"GDP_MD":107435,"LABEL_X":-78.188375,"LABEL_Y":-1.259076,"ID":"ECU"}},{"type":"Feature","geometry":{"type":"MultiPolygon","coordinates":[[[[-78.829,1.434],[-78.57,1.196],[-78.467,1.178],[-78.373,1.074],[-78.12,0.921],[-77.909,0.864],[-77.848,0.809],[-77.673,0.82],[-77.646,0.716],[-77.468,0.651],[-77.424,0.408],[-77.207,0.334],[-77.117,0.358],[-76.897,0.245],[-76.734,0.233],[-76.725,0.278],[-76.584,0.223],[-76.408,0.255],[-76.416,0.402],[-76.312,0.459],[-76.053,0.364],[-75.927,0.181],[-75.79,0.084],[-75.647,0.085],[-75.421,-0.062],[-75.283,-0.107],[-75.222,-0.032],[-75.142,-0.043],[-75.051,-0.134],[-74.873,-0.222],[-74.825,-0.17],[-74.755,-0.278],[-74.791,-0.313],[-74.642,-0.34],[-74.413,-0.573],[-74.378,-0.737],[-74.303,-0.785],[-74.344,-0.859],[-74.24,-0.987],[-74.065,-1.001],[-74.017,-1.092],[-73.92,-1.114],[-73.881,-1.191],[-73.755,-1.183],[-73.637,-1.255],[-73.497,-1.478],[-73.485,-1.572],[-73.531,-1.674],[-73.34,-1.792],[-73.247,-1.742],[-73.186,-1.8],[-73.169,-1.959],[-73.111,-2.073],[-73.198,-2.214],[-73.084,-2.345],[-73.056,-2.3],[-72.943,-2.419],[-72.805,-2.378],[-72.718,-2.42],[-72.644,-2.334],[-72.397,-2.447],[-72.161,-2.406],[-72.089,-2.331],[-71.966,-2.328],[-71.841,-2.19],[-71.738,-2.138],[-71.538,-2.223],[-71.498,-2.315],[-71.456,-2.255],[-71.421,-2.376],[-71.22,-2.342],[-71.143,-2.263],[-71.021,-2.259],[-70.993,-2.197],[-70.874,-2.23],[-70.707,-2.328],[-70.648,-2.451],[-70.579,-2.405],[-70.457,-2.493],[-70.358,-2.487],[-70.236,-2.625],[-70.142,-2.667],[-70.095,-2.633],[-70.051,-2.715],[-70.734,-3.782],[-70.544,-3.865],[-70.311,-3.829],[-70.217,-3.925],[-70.188,-4.029],[-70.06,-4.107],[-69.965,-4.236],[-69.947,-4.201],[-69.771,-3.234],[-69.566,-2.106],[-69.399,-1.183],[-69.45,-0.997],[-69.539,-0.921],[-69.628,-0.733],[-69.584,-0.645],[-69.632,-0.507],[-69.746,-0.453],[-69.858,-0.341],[-69.944,-0.305],[-70.074,-0.125],[-70.054,0.588],[-69.805,0.607],[-69.695,0.669],[-69.619,0.651],[-69.504,0.73],[-69.363,0.641],[-69.226,0.615],[-69.137,0.65],[-69.189,0.715],[-69.152,0.868],[-69.289,1.038],[-69.371,1.063],[-69.852,1.059],[-69.856,1.708],[-69.58,1.77],[-69.352,1.72],[-68.163,1.721],[-68.28,1.829],[-68.201,2.008],[-68.101,1.924],[-67.998,1.75],[-67.861,1.762],[-67.79,1.813],[-67.593,2.055],[-67.44,2.14],[-67.341,2.09],[-67.265,1.933],[-67.117,1.71],[-67.074,1.541],[-67.098,1.253],[-67.065,1.173],[-66.875,1.223],[-66.883,1.326],[-67.067,1.894],[-67.135,2.003],[-67.121,2.119],[-67.169,2.141],[-67.218,2.285],[-67.198,2.402],[-67.325,2.475],[-67.485,2.662],[-67.576,2.691],[-67.627,2.813],[-67.751,2.842],[-67.856,2.79],[-67.839,2.886],[-67.452,3.244],[-67.396,3.267],[-67.305,3.426],[-67.404,3.504],[-67.471,3.68],[-67.632,3.762],[-67.74,4.119],[-67.805,4.268],[-67.782,4.339],[-67.865,4.512],[-67.793,5.063],[-67.844,5.297],[-67.81,5.379],[-67.647,5.483],[-67.614,5.554],[-67.649,5.656],[-67.601,5.821],[-67.429,6.038],[-67.491,6.114],[-67.49,6.202],[-67.574,6.266],[-67.839,6.308],[-67.924,6.235],[-68.147,6.224],[-68.304,6.177],[-68.449,6.195],[-68.635,6.136],[-68.829,6.188],[-69.061,6.218],[-69.246,6.081],[-69.311,6.146],[-69.444,6.122],[-70.097,6.944],[-70.158,6.98],[-70.319,6.938],[-70.521,7.016],[-70.579,7.086],[-70.703,7.1],[-70.903,7.063],[-70.961,7.009],[-71.184,6.963],[-71.284,7.019],[-71.62,7.052],[-71.774,7.029],[-71.833,6.986],[-71.994,7.013],[-72.081,7.067],[-72.153,7.193],[-72.164,7.329],[-72.206,7.382],[-72.451,7.44],[-72.483,7.649],[-72.452,7.833],[-72.488,7.949],[-72.336,8.104],[-72.396,8.257],[-72.387,8.339],[-72.675,8.652],[-72.783,9.06],[-72.827,9.142],[-72.936,9.099],[-73.01,9.295],[-73.176,9.191],[-73.378,9.165],[-73.178,9.523],[-73.124,9.561],[-72.978,9.838],[-72.988,9.999],[-72.936,10.175],[-72.908,10.452],[-72.754,10.675],[-72.706,10.811],[-72.576,10.957],[-72.499,11.121],[-72.257,11.168],[-72.008,11.625],[-71.971,11.662],[-71.449,11.795],[-71.328,11.85],[-71.299,11.92],[-71.138,12.016],[-71.114,12.094],[-71.242,12.328],[-71.532,12.447],[-71.697,12.464],[-71.803,12.324],[-71.867,12.365],[-71.961,12.283],[-71.868,12.208],[-71.967,12.153],[-71.97,12.255],[-72.171,12.234],[-72.139,12.105],[-72.263,11.886],[-72.452,11.791],[-72.76,11.697],[-72.934,11.557],[-73.055,11.494],[-73.292,11.294],[-73.402,11.277],[-73.826,11.277],[-74.005,11.355],[-74.187,11.317],[-74.242,11.2],[-74.218,11.079],[-74.28,10.99],[-74.362,10.776],[-74.457,10.748],[-74.49,10.841],[-74.605,10.789],[-74.589,10.885],[-74.482,10.851],[-74.523,10.996],[-74.844,11.11],[-75.024,10.974],[-75.036,10.917],[-75.267,10.795],[-75.256,10.707],[-75.404,10.68],[-75.51,10.586],[-75.503,10.488],[-75.569,10.425],[-75.516,10.319],[-75.704,10.134],[-75.531,10.241],[-75.589,10.128],[-75.59,9.964],[-75.649,9.756],[-75.705,9.701],[-75.618,9.689],[-75.576,9.621],[-75.621,9.453],[-75.812,9.392],[-75.819,9.446],[-76.078,9.344],[-76.168,9.247],[-76.256,9.007],[-76.673,8.68],[-76.894,8.62],[-76.947,8.545],[-76.839,8.5],[-76.77,8.398],[-76.77,8.258],[-76.732,8.079],[-76.757,7.924],[-76.854,7.913],[-76.934,7.965],[-76.908,8.044],[-76.832,8.027],[-76.832,8.137],[-76.943,8.129],[-76.976,8.254],[-77.053,8.276],[-77.134,8.408],[-77.275,8.496],[-77.374,8.665],[-77.489,8.474],[-77.422,8.456],[-77.363,8.272],[-77.324,8.261],[-77.231,8.099],[-77.169,7.935],[-77.322,7.881],[-77.38,7.774],[-77.34,7.707],[-77.613,7.537],[-77.67,7.66],[-77.74,7.719],[-77.771,7.669],[-77.734,7.552],[-77.82,7.477],[-77.896,7.235],[-77.689,7.055],[-77.653,6.977],[-77.683,6.876],[-77.573,6.801],[-77.538,6.664],[-77.463,6.721],[-77.343,6.544],[-77.399,6.388],[-77.415,6.239],[-77.477,6.301],[-77.484,6.189],[-77.367,5.999],[-77.353,6.026],[-77.246,5.787],[-77.261,5.701],[-77.356,5.608],[-77.491,5.595],[-77.552,5.492],[-77.408,5.465],[-77.361,5.253],[-77.367,4.999],[-77.326,4.753],[-77.32,4.547],[-77.387,4.347],[-77.337,4.269],[-77.236,4.265],[-77.435,4.155],[-77.425,4.005],[-77.346,3.93],[-77.264,4.108],[-77.189,4.067],[-77.312,3.908],[-77.253,3.841],[-77.032,3.922],[-77.195,3.758],[-77.171,3.677],[-77.285,3.581],[-77.367,3.402],[-77.465,3.302],[-77.571,3.138],[-77.722,2.982],[-77.623,2.982],[-77.643,2.898],[-77.786,2.795],[-77.778,2.578],[-77.904,2.58],[-77.95,2.675],[-78.105,2.642],[-78.087,2.511],[-78.184,2.515],[-78.27,2.635],[-78.278,2.543],[-78.334,2.647],[-78.432,2.587],[-78.559,2.449],[-78.703,2.19],[-78.666,1.983],[-78.586,2],[-78.548,1.921],[-78.571,1.782],[-78.759,1.831],[-78.846,1.822],[-79.022,1.638],[-78.9,1.545],[-78.829,1.434]]],[[[-78.131,2.627],[-78.205,2.687],[-78.216,2.597],[-78.107,2.513],[-78.131,2.627]]],[[[-77.902,2.696],[-77.888,2.594],[-77.785,2.594],[-77.902,2.696]]],[[[-77.353,4.265],[-77.415,4.321],[-77.544,4.232],[-77.353,4.265]]]]},"properties":{"NAME":"Colombia","ADMIN":"Colombia","ISO_A2":"CO","ISO_A3":"COL","CONTINENT":"South America","SUBREGION":"South America","POP_EST":50339443,"GDP_MD":323615,"LABEL_X":-73.174347,"LABEL_Y":3.373111,"ID":"COL"}},{"type":"Feature","geometry":{"type":"Polygon","coordinates":[[[-62.65,-22.234],[-62.633,-22.296],[-62.368,-22.464],[-62.287,-22.484],[-62.171,-22.717],[-62.036,-22.885],[-61.956,-23.034],[-61.845,-23.097],[-61.744,-23.235],[-61.605,-23.289],[-61.492,-23.413],[-61.297,-23.481],[-61.11,-23.607],[-61.119,-23.666],[-61.006,-23.805],[-60.838,-23.872],[-60.595,-23.907],[-60.578,-23.944],[-60.328,-24.018],[-60.034,-24.007],[-59.46,-24.359],[-59.341,-24.488],[-59.001,-24.644],[-58.809,-24.777],[-58.473,-24.851],[-58.312,-24.994],[-58.224,-24.941],[-57.984,-25.074],[-57.89,-25.079],[-57.754,-25.181],[-57.641,-25.373],[-57.557,-25.46],[-57.623,-25.615],[-57.754,-25.673],[-57.802,-25.831],[-57.906,-25.969],[-57.873,-26.01],[-58.087,-26.127],[-58.106,-26.24],[-58.17,-26.27],[-58.213,-26.545],[-58.165,-26.592],[-58.236,-26.65],[-58.248,-26.758],[-58.34,-26.809],[-58.329,-26.884],[-58.46,-26.928],[-58.512,-27.06],[-58.653,-27.156],[-58.604,-27.316],[-58.511,-27.278],[-58.022,-27.26],[-57.698,-27.334],[-57.536,-27.407],[-57.335,-27.409],[-57.18,-27.487],[-57.076,-27.484],[-56.904,-27.419],[-56.771,-27.507],[-56.546,-27.455],[-56.461,-27.554],[-56.368,-27.581],[-56.28,-27.39],[-56.125,-27.299],[-55.913,-27.328],[-55.755,-27.444],[-55.591,-27.328],[-55.598,-27.168],[-55.462,-27.098],[-55.431,-26.996],[-55.281,-26.934],[-55.138,-26.954],[-55.126,-26.864],[-54.975,-26.788],[-54.903,-26.66],[-54.793,-26.645],[-54.79,-26.529],[-54.706,-26.442],[-54.638,-26.197],[-54.662,-25.98],[-54.606,-25.947],[-54.588,-25.811],[-54.643,-25.688],[-54.6,-25.575],[-54.61,-25.433],[-54.43,-25.131],[-54.462,-25.037],[-54.407,-24.821],[-54.321,-24.628],[-54.335,-24.527],[-54.261,-24.329],[-54.335,-24.149],[-54.245,-24.051],[-54.423,-23.914],[-54.639,-23.804],[-54.827,-23.887],[-54.944,-23.969],[-55.201,-24.02],[-55.398,-23.977],[-55.445,-23.735],[-55.531,-23.603],[-55.514,-23.379],[-55.535,-23.229],[-55.638,-23.001],[-55.659,-22.818],[-55.631,-22.627],[-55.741,-22.537],[-55.76,-22.392],[-55.874,-22.317],[-56.197,-22.279],[-56.317,-22.208],[-56.422,-22.074],[-56.511,-22.091],[-56.665,-22.26],[-56.715,-22.215],[-56.843,-22.289],[-57.214,-22.188],[-57.385,-22.213],[-57.614,-22.177],[-57.654,-22.105],[-57.844,-22.144],[-57.94,-22.118],[-57.987,-22.035],[-57.925,-21.905],[-57.956,-21.851],[-57.896,-21.688],[-57.939,-21.624],[-57.93,-21.453],[-57.856,-21.331],[-57.905,-21.287],[-57.848,-21.216],[-57.852,-21.038],[-57.818,-20.954],[-57.915,-20.906],[-57.857,-20.85],[-57.94,-20.794],[-57.858,-20.74],[-57.981,-20.693],[-58.009,-20.526],[-57.989,-20.433],[-58.083,-20.376],[-58.159,-20.165],[-58.145,-19.97],[-58.175,-19.821],[-59.09,-19.287],[-60.006,-19.298],[-60.834,-19.468],[-61.761,-19.658],[-61.944,-20.104],[-62.277,-20.58],[-62.276,-21.067],[-62.65,-22.234]]]},"properties":{"NAME":"Paraguay","ADMIN":"Paraguay","ISO_A2":"PY","ISO_A3":"PRY","CONTINENT":"South America","SUBREGION":"South America","POP_EST":7044636,"GDP_MD":38145,"LABEL_X":-60.146394,"LABEL_Y":-21.674509,"ID":"PRY"}},{"type":"Feature","geometry":{"type":"MultiPolygon","coordinates":[[[[-7.414,37.193],[-7.476,37.494],[-7.53,37.567],[-7.426,37.751],[-7.334,37.812],[-7.273,37.977],[-7.123,38.04],[-7.024,38.023],[-6.948,38.197],[-7.104,38.174],[-7.167,38.272],[-7.359,38.446],[-7.27,38.738],[-7.056,38.855],[-6.973,39.014],[-7.039,39.109],[-7.167,39.113],[-7.327,39.341],[-7.314,39.457],[-7.516,39.594],[-7.557,39.68],[-7.036,39.689],[-6.924,39.872],[-6.88,40.009],[-7.043,40.181],[-6.896,40.255],[-6.794,40.356],[-6.857,40.442],[-6.814,40.647],[-6.837,40.84],[-6.942,41.016],[-6.818,41.054],[-6.647,41.268],[-6.496,41.295],[-6.321,41.42],[-6.206,41.57],[-6.272,41.628],[-6.577,41.74],[-6.524,41.867],[-6.568,41.926],[-7.145,41.987],[-7.251,41.864],[-7.622,41.832],[-7.722,41.899],[-8.049,41.816],[-8.18,41.811],[-8.232,41.886],[-8.095,42.041],[-8.191,42.062],[-8.222,42.154],[-8.347,42.102],[-8.627,42.051],[-8.751,41.969],[-8.868,41.859],[-8.88,41.737],[-8.775,41.468],[-8.737,41.25],[-8.666,41.133],[-8.655,40.994],[-8.701,40.778],[-8.642,40.694],[-8.753,40.641],[-8.865,40.275],[-8.868,40.125],[-9.072,39.68],[-9.09,39.579],[-9.24,39.42],[-9.398,39.378],[-9.341,39.267],[-9.437,39.029],[-9.423,38.931],[-9.492,38.819],[-9.492,38.708],[-9.322,38.67],[-9.113,38.714],[-9.107,38.814],[-9.012,38.913],[-8.943,38.782],[-9.052,38.694],[-9.253,38.665],[-9.184,38.552],[-9.2,38.412],[-9.049,38.441],[-8.955,38.505],[-8.788,38.481],[-8.657,38.406],[-8.943,38.481],[-8.795,38.359],[-8.774,38.187],[-8.895,37.953],[-8.821,37.927],[-8.798,37.49],[-8.881,37.232],[-8.998,37.021],[-8.686,37.083],[-8.627,37.121],[-8.439,37.083],[-8.179,37.088],[-7.958,37.003],[-7.82,36.999],[-7.512,37.172],[-7.414,37.193]]],[[[-16.789,32.687],[-16.69,32.755],[-16.92,32.841],[-17.068,32.814],[-17.2,32.868],[-17.252,32.815],[-17.143,32.706],[-16.977,32.647],[-16.789,32.687]]],[[[-25.067,37.021],[-25.17,37.016],[-25.169,36.946],[-25.027,36.934],[-25.067,37.021]]],[[[-25.198,37.864],[-25.458,37.83],[-25.681,37.843],[-25.765,37.912],[-25.859,37.854],[-25.704,37.744],[-25.506,37.707],[-25.195,37.741],[-25.132,37.786],[-25.198,37.864]]],[[[-28.109,38.447],[-28.375,38.55],[-28.485,38.558],[-28.549,38.484],[-28.46,38.406],[-28.242,38.378],[-28.054,38.399],[-28.109,38.447]]],[[[-28.61,38.597],[-28.72,38.645],[-28.842,38.599],[-28.727,38.515],[-28.636,38.516],[-28.61,38.597]]],[[[-27.891,38.604],[-28.316,38.755],[-28.178,38.645],[-27.836,38.543],[-27.891,38.604]]],[[[-27.02,38.694],[-27.144,38.796],[-27.298,38.804],[-27.392,38.759],[-27.328,38.666],[-27.06,38.641],[-27.02,38.694]]],[[[-31.208,39.509],[-31.256,39.507],[-31.269,39.365],[-31.177,39.356],[-31.132,39.423],[-31.208,39.509]]]]},"properties":{"NAME":"Portugal","ADMIN":"Portugal","ISO_A2":"PT","ISO_A3":"PRT","CONTINENT":"Europe","SUBREGION":"Southern Europe","POP_EST":10269417,"GDP_MD":238785,"LABEL_X":-8.271754,"LABEL_Y":39.606675,"ID":"PRT"}},{"type":"Feature","geometry":{"type":"Polygon","coordinates":[[[26.618,48.259],[26.805,48.258],[26.998,48.167],[27.17,47.974],[27.304,47.667],[27.563,47.468],[27.572,47.375],[27.723,47.283],[27.807,47.145],[28.028,47.033],[28.234,46.662],[28.246,46.428],[28.086,46.001],[28.168,45.632],[28.062,45.594],[28.199,45.462],[28.271,45.522],[28.481,45.502],[28.537,45.58],[28.474,45.658],[28.577,45.762],[28.738,45.838],[28.758,45.961],[28.957,46.001],[28.946,46.105],[29.015,46.183],[28.934,46.259],[28.946,46.455],[29.163,46.538],[29.201,46.357],[29.321,46.469],[29.362,46.416],[29.458,46.485],[29.599,46.363],[29.714,46.471],[29.848,46.341],[30.081,46.374],[29.995,46.499],[29.916,46.519],[29.951,46.743],[29.928,46.81],[29.559,46.946],[29.603,47.046],[29.481,47.117],[29.551,47.16],[29.557,47.324],[29.41,47.28],[29.117,47.533],[29.182,47.613],[29.178,47.79],[29.236,47.871],[29.124,47.976],[28.95,47.935],[28.799,48.112],[28.519,48.149],[28.49,48.065],[28.368,48.231],[28.2,48.212],[28.079,48.245],[28.056,48.321],[27.926,48.339],[27.752,48.452],[27.504,48.472],[27.176,48.362],[27.026,48.397],[26.943,48.351],[26.843,48.394],[26.786,48.294],[26.68,48.33],[26.618,48.259]]]},"properties":{"NAME":"Moldova","ADMIN":"Moldova","ISO_A2":"MD","ISO_A3":"MDA","CONTINENT":"Europe","SUBREGION":"Eastern Europe","POP_EST":2657637,"GDP_MD":11968,"LABEL_X":28.487904,"LABEL_Y":47.434999,"ID":"MDA"}},{"type":"Feature","geometry":{"type":"MultiPolygon","coordinates":[[[[61.27,35.618],[61.344,35.631],[61.393,35.554],[61.539,35.452],[61.799,35.417],[61.919,35.452],[62.034,35.424],[62.219,35.306],[62.302,35.148],[62.459,35.282],[62.621,35.223],[62.918,35.388],[63.08,35.437],[63.077,35.625],[63.214,35.699],[63.112,35.77],[63.125,35.86],[63.343,35.856],[63.602,35.963],[63.766,35.977],[63.922,36.034],[64.045,35.999],[64.036,36.076],[64.123,36.146],[64.266,36.152],[64.445,36.25],[64.606,36.461],[64.592,36.621],[64.779,36.938],[64.76,37.093],[65.063,37.233],[65.501,37.242],[65.624,37.345],[65.669,37.521],[65.761,37.578],[65.855,37.508],[66.08,37.441],[66.294,37.331],[66.461,37.324],[66.52,37.364],[66.547,37.451],[66.493,37.522],[66.519,37.783],[66.646,37.946],[66.554,38.027],[66.307,38.08],[66.231,38.149],[65.877,38.273],[65.74,38.224],[65.604,38.237],[65.205,38.45],[64.978,38.612],[64.635,38.744],[64.424,38.883],[64.337,38.971],[64.121,38.962],[63.709,39.191],[63.478,39.403],[62.593,39.89],[62.453,40.009],[62.44,40.173],[62.353,40.43],[62.192,40.499],[62.045,40.715],[61.971,41.015],[61.878,41.125],[61.654,41.249],[61.47,41.297],[61.281,41.157],[61.1,41.224],[60.978,41.203],[60.86,41.253],[60.538,41.213],[60.415,41.235],[60.094,41.39],[60.072,41.514],[60.165,41.585],[60.058,41.719],[60.102,41.795],[60.241,41.808],[60.089,41.919],[59.932,41.948],[59.997,42.011],[59.974,42.099],[60.028,42.2],[59.866,42.304],[59.478,42.286],[59.245,42.365],[59.21,42.478],[59.122,42.538],[58.894,42.548],[58.612,42.781],[58.493,42.645],[58.283,42.689],[58.131,42.639],[58.306,42.529],[58.494,42.306],[58.386,42.301],[58.385,42.388],[58.226,42.467],[57.998,42.493],[57.909,42.43],[57.936,42.37],[57.85,42.191],[57.62,42.148],[57.382,42.164],[57.208,42.071],[57.116,41.952],[56.95,41.866],[56.96,41.647],[57.02,41.466],[57.161,41.368],[57.01,41.254],[56.793,41.288],[55.978,41.322],[55.635,41.264],[55.43,41.291],[55.228,41.473],[54.951,41.796],[54.907,41.932],[54.738,42.048],[54.195,42.318],[54.047,42.345],[53.412,42.258],[52.979,42.127],[52.765,41.994],[52.438,41.749],[52.595,41.634],[52.562,41.519],[52.761,41.378],[52.882,41.05],[52.904,41.14],[52.816,41.389],[52.899,41.566],[52.904,41.69],[52.821,41.765],[52.96,41.984],[53.164,42.104],[53.297,42.079],[53.682,42.144],[53.897,42.079],[53.903,41.893],[54.02,41.732],[54.041,41.535],[54.089,41.475],[54.4,41.309],[54.716,41.115],[54.678,41.071],[54.76,40.965],[54.64,40.839],[54.475,40.81],[54.466,40.866],[54.313,40.924],[54.248,40.875],[54.331,40.72],[54.054,40.715],[53.863,40.626],[53.721,40.626],[53.587,40.892],[53.542,40.762],[53.107,40.774],[52.917,41.085],[52.931,40.976],[52.828,40.711],[52.863,40.658],[52.737,40.485],[52.699,40.274],[52.768,40.154],[52.738,40.054],[52.884,39.945],[52.914,40.022],[53.054,39.968],[53.172,39.997],[53.29,39.942],[53.437,40.003],[53.567,39.95],[53.415,39.782],[53.471,39.696],[53.712,39.543],[53.577,39.468],[53.447,39.531],[53.254,39.521],[53.242,39.636],[53.095,39.42],[53.161,39.18],[53.219,39.364],[53.581,39.33],[53.684,39.083],[53.871,39.028],[53.978,38.902],[53.863,38.679],[53.827,38.525],[53.863,38.381],[53.859,38.206],[53.807,38.032],[53.825,37.745],[53.914,37.343],[54.187,37.324],[54.364,37.363],[54.533,37.441],[54.617,37.433],[54.784,37.517],[54.787,37.652],[54.857,37.761],[55.13,37.952],[55.423,38.076],[55.709,38.119],[55.978,38.066],[56.3,38.08],[56.297,38.166],[56.436,38.255],[56.585,38.235],[56.739,38.27],[57.038,38.187],[57.218,38.265],[57.344,38.081],[57.352,37.968],[57.496,37.922],[57.691,37.92],[58.181,37.775],[58.207,37.679],[58.372,37.63],[58.514,37.691],[58.704,37.645],[58.801,37.695],[59.046,37.62],[59.212,37.516],[59.352,37.494],[59.37,37.319],[59.573,37.183],[60.019,37.026],[60.342,36.637],[61.075,36.648],[61.186,36.578],[61.152,36.406],[61.223,36.118],[61.174,36.006],[61.247,35.876],[61.232,35.672],[61.27,35.618]]],[[[53.03,39.061],[53.038,38.917],[53.092,38.779],[53.03,39.061]]]]},"properties":{"NAME":"Turkmenistan","ADMIN":"Turkmenistan","ISO_A2":"TM","ISO_A3":"TKM","CONTINENT":"Asia","SUBREGION":"Central Asia","POP_EST":5942089,"GDP_MD":40761,"LABEL_X":58.676647,"LABEL_Y":39.855246,"ID":"TKM"}},{"type":"Feature","geometry":{"type":"Polygon","coordinates":[[[35.758,32.744],[35.563,32.644],[35.58,32.498],[35.545,32.41],[35.573,32.238],[35.523,32.058],[35.559,31.765],[35.48,31.641],[35.453,31.401],[35.396,31.258],[35.438,31.104],[35.385,30.963],[35.205,30.617],[35.14,30.43],[35.145,30.155],[35.086,30.034],[35.049,29.842],[34.956,29.559],[34.997,29.534],[34.949,29.352],[36.016,29.19],[36.069,29.2],[36.477,29.495],[36.705,29.831],[36.756,29.866],[37.47,29.995],[37.635,30.313],[37.981,30.499],[37.48,31.007],[36.96,31.491],[38.4,31.855],[38.963,31.994],[39.146,32.118],[39.292,32.245],[39.236,32.353],[39.046,32.308],[38.979,32.476],[39.057,32.497],[38.775,33.372],[38.057,32.994],[36.819,32.317],[36.373,32.386],[36.177,32.527],[36.07,32.517],[35.896,32.713],[35.758,32.744]]]},"properties":{"NAME":"Jordan","ADMIN":"Jordan","ISO_A2":"JO","ISO_A3":"JOR","CONTINENT":"Asia","SUBREGION":"Western Asia","POP_EST":10101694,"GDP_MD":44502,"LABEL_X":36.375991,"LABEL_Y":30.805025,"ID":"JOR"}},{"type":"Feature","geometry":{"type":"Polygon","coordinates":[[[88.118,27.861],[87.826,27.907],[87.727,27.808],[87.532,27.837],[87.369,27.804],[87.156,27.826],[87.031,27.938],[86.893,27.954],[86.74,28.021],[86.662,28.107],[86.544,28.093],[86.497,27.938],[86.439,27.911],[86.203,28.003],[86.156,28.157],[86.069,28.077],[86.113,27.927],[85.98,27.885],[85.848,28.159],[85.757,28.203],[85.693,28.335],[85.612,28.251],[85.432,28.297],[85.345,28.261],[85.08,28.319],[85.078,28.436],[85.168,28.583],[85.055,28.639],[84.919,28.536],[84.678,28.604],[84.607,28.698],[84.451,28.734],[84.354,28.861],[84.235,28.9],[84.231,29.026],[84.132,29.144],[84.099,29.247],[83.883,29.282],[83.72,29.234],[83.656,29.161],[83.517,29.192],[83.328,29.485],[83.162,29.625],[83.08,29.58],[82.976,29.664],[82.837,29.66],[82.542,29.923],[82.394,30.003],[82.145,30.069],[82.156,30.181],[82.096,30.213],[82.089,30.33],[81.779,30.358],[81.592,30.414],[81.483,30.332],[81.388,30.374],[81.377,30.241],[81.322,30.134],[81.195,30.004],[81.098,30.017],[80.996,30.197],[80.884,30.21],[80.85,30.143],[80.654,29.971],[80.571,29.947],[80.476,29.806],[80.369,29.758],[80.385,29.605],[80.214,29.417],[80.28,29.31],[80.233,29.139],[80.133,29.11],[80.036,28.837],[80.233,28.733],[80.35,28.62],[80.493,28.576],[80.498,28.67],[80.648,28.62],[80.782,28.515],[81,28.397],[81.146,28.372],[81.307,28.124],[81.396,28.161],[81.458,28.077],[81.883,27.849],[81.976,27.917],[82.052,27.905],[82.402,27.677],[82.652,27.704],[82.752,27.495],[83.01,27.443],[83.133,27.444],[83.305,27.332],[83.361,27.462],[83.59,27.457],[83.855,27.345],[83.834,27.434],[84.008,27.441],[84.08,27.51],[84.289,27.376],[84.577,27.329],[84.658,27.203],[84.64,27.028],[84.802,27.014],[84.924,26.956],[85.019,26.846],[85.162,26.851],[85.195,26.759],[85.287,26.737],[85.599,26.854],[85.688,26.812],[85.713,26.653],[85.822,26.572],[86.011,26.654],[86.203,26.585],[86.284,26.612],[86.714,26.415],[86.796,26.432],[87.041,26.58],[87.083,26.432],[87.326,26.353],[87.384,26.419],[87.587,26.378],[87.769,26.451],[87.871,26.461],[87.975,26.367],[88.074,26.454],[88.169,26.744],[88.155,26.846],[88.077,26.992],[87.971,27.103],[88.035,27.323],[88.023,27.495],[88.16,27.774],[88.118,27.861]]]},"properties":{"NAME":"Nepal","ADMIN":"Nepal","ISO_A2":"NP","ISO_A3":"NPL","CONTINENT":"Asia","SUBREGION":"Southern Asia","POP_EST":28608710,"GDP_MD":30641,"LABEL_X":83.639914,"LABEL_Y":28.297925,"ID":"NPL"}},{"type":"Feature","geometry":{"type":"Polygon","coordinates":[[[28.981,-28.909],[28.886,-28.797],[28.7,-28.688],[28.634,-28.571],[28.403,-28.619],[28.317,-28.7],[28.155,-28.702],[28.019,-28.857],[27.861,-28.915],[27.747,-28.909],[27.639,-29.035],[27.613,-29.134],[27.453,-29.292],[27.418,-29.397],[27.242,-29.549],[27.015,-29.626],[27.199,-29.979],[27.313,-30.132],[27.366,-30.311],[27.459,-30.317],[27.599,-30.49],[27.744,-30.6],[28.079,-30.659],[28.133,-30.445],[28.218,-30.387],[28.216,-30.267],[28.364,-30.159],[28.524,-30.117],[28.64,-30.131],[28.86,-30.066],[29.151,-29.911],[29.106,-29.826],[29.161,-29.667],[29.267,-29.626],[29.304,-29.467],[29.408,-29.421],[29.436,-29.342],[29.312,-29.09],[29.208,-29.069],[28.981,-28.909]]]},"properties":{"NAME":"Lesotho","ADMIN":"Lesotho","ISO_A2":"LS","ISO_A3":"LSO","CONTINENT":"Africa","SUBREGION":"Southern Africa","POP_EST":2125268,"GDP_MD":2376,"LABEL_X":28.246639,"LABEL_Y":-29.480158,"ID":"LSO"}},{"type":"Feature","geometry":{"type":"Polygon","coordinates":[[[11.322,2.166],[11.352,2.301],[11.671,2.321],[11.753,2.282],[12.203,2.28],[12.334,2.31],[12.75,2.237],[12.808,2.264],[13.084,2.25],[13.243,2.271],[13.295,2.161],[14.267,2.152],[14.433,2.132],[14.562,2.209],[14.765,2.065],[14.857,2.116],[14.892,2.006],[14.981,2.033],[15.092,1.984],[15.152,2.041],[15.234,2.031],[15.349,1.923],[15.483,1.976],[15.765,1.909],[15.89,1.793],[16.026,1.752],[16.07,1.655],[16.159,1.735],[16.065,1.979],[16.104,2.194],[16.197,2.236],[16.09,2.51],[16.112,2.586],[16.063,2.703],[16.092,2.863],[16.026,2.979],[15.982,2.977],[15.914,3.098],[15.786,3.108],[15.171,3.759],[15.026,4.026],[15.192,4.052],[15.091,4.122],[15.073,4.266],[15.001,4.403],[14.78,4.545],[14.717,4.622],[14.701,4.814],[14.659,4.997],[14.663,5.142],[14.624,5.224],[14.52,5.291],[14.597,5.411],[14.593,5.624],[14.631,5.738],[14.585,5.923],[14.482,5.91],[14.398,6.019],[14.535,6.19],[14.719,6.258],[14.932,6.71],[15.042,6.791],[15.147,7.062],[15.19,7.099],[15.224,7.248],[15.403,7.386],[15.481,7.523],[15.549,7.631],[15.563,7.792],[15.441,7.839],[15.345,8.136],[15.184,8.479],[15.031,8.659],[14.955,8.676],[14.846,8.811],[14.794,8.814],[14.35,9.168],[14.321,9.243],[14.036,9.569],[13.948,9.638],[14.12,9.852],[14.182,9.978],[14.44,9.995],[14.732,9.924],[14.898,9.96],[15.061,9.949],[15.215,9.984],[15.383,9.93],[15.681,9.991],[15.536,10.081],[15.301,10.312],[15.218,10.487],[15.138,10.522],[15.15,10.623],[15.066,10.793],[15.079,10.898],[15.035,10.995],[15.021,11.183],[15.061,11.416],[15.136,11.531],[15.069,11.661],[15.111,11.783],[15.042,11.902],[15.049,12.085],[14.903,12.146],[14.908,12.327],[14.819,12.639],[14.585,12.746],[14.491,12.886],[14.505,12.969],[14.418,13.081],[14.065,13.078],[14.177,12.546],[14.18,12.386],[14.514,12.324],[14.548,12.242],[14.67,12.167],[14.604,12.03],[14.623,11.917],[14.547,11.719],[14.621,11.63],[14.594,11.496],[14.368,11.383],[14.165,11.238],[13.982,11.276],[13.755,11.017],[13.744,10.93],[13.566,10.679],[13.501,10.496],[13.435,10.153],[13.248,10.079],[13.213,9.87],[13.263,9.802],[13.195,9.542],[12.982,9.475],[12.862,9.383],[12.899,9.302],[12.822,9.097],[12.806,8.832],[12.66,8.659],[12.558,8.606],[12.369,8.61],[12.404,8.497],[12.227,8.386],[12.238,8.217],[12.188,8.118],[12.198,7.975],[12.055,7.784],[12.009,7.676],[12.025,7.597],[11.737,7.263],[11.881,7.102],[11.688,6.987],[11.562,6.876],[11.571,6.766],[11.51,6.612],[11.417,6.572],[11.389,6.474],[11.319,6.437],[11.097,6.449],[11.056,6.7],[11.003,6.767],[10.877,6.816],[10.832,6.945],[10.603,7.058],[10.579,7.131],[10.496,6.875],[10.238,6.871],[10.119,6.994],[9.875,6.788],[9.77,6.774],[9.693,6.531],[9.603,6.515],[9.423,6.339],[9.327,6.299],[9.273,6.203],[8.988,5.937],[8.856,5.847],[8.819,5.703],[8.894,5.622],[8.799,5.16],[8.758,5.135],[8.602,4.881],[8.594,4.815],[8.51,4.527],[8.702,4.501],[8.639,4.713],[8.724,4.58],[8.868,4.545],[8.84,4.643],[8.936,4.553],[8.895,4.461],[8.919,4.318],[8.991,4.217],[8.971,4.101],[9.25,3.961],[9.326,4.032],[9.314,3.931],[9.477,3.916],[9.422,4.008],[9.532,3.989],[9.45,4.08],[9.579,4.013],[9.719,4.1],[9.619,3.96],[9.764,3.957],[9.676,3.909],[9.744,3.82],[9.621,3.875],[9.594,3.758],[9.638,3.594],[9.788,3.637],[9.642,3.539],[9.781,3.437],[9.92,3.228],[9.958,3.082],[9.878,2.881],[9.874,2.755],[9.823,2.563],[9.8,2.342],[9.811,2.265],[9.991,2.166],[10.724,2.166],[11.322,2.166]]]},"properties":{"NAME":"Cameroon","ADMIN":"Cameroon","ISO_A2":"CM","ISO_A3":"CMR","CONTINENT":"Africa","SUBREGION":"Middle Africa","POP_EST":25876380,"GDP_MD":39007,"LABEL_X":12.473488,"LABEL_Y":4.585041,"ID":"CMR"}},{"type":"Feature","geometry":{"type":"MultiPolygon","coordinates":[[[[13.295,2.161],[13.243,2.271],[13.084,2.25],[12.808,2.264],[12.75,2.237],[12.334,2.31],[12.203,2.28],[11.753,2.282],[11.671,2.321],[11.352,2.301],[11.322,2.166],[11.332,1.785],[11.336,0.999],[10.029,1.004],[9.909,0.935],[9.804,0.998],[9.669,1.058],[9.562,0.963],[9.618,0.807],[9.642,0.599],[9.604,0.505],[9.478,0.619],[9.559,0.622],[9.52,0.684],[9.316,0.626],[9.306,0.544],[9.411,0.47],[9.498,0.291],[9.566,0.318],[9.68,0.222],[9.792,0.181],[9.936,0.216],[9.82,0.119],[9.591,0.119],[9.504,0.188],[9.498,0.109],[9.379,0.308],[9.307,0.319],[9.355,0.016],[9.306,-0.203],[9.306,-0.332],[9.267,-0.412],[9.101,-0.6],[9.112,-0.658],[9.005,-0.805],[8.929,-0.687],[8.866,-0.719],[8.861,-0.805],[8.787,-0.658],[8.696,-0.587],[8.877,-0.974],[8.967,-1.104],[9.03,-1.299],[9.158,-1.395],[9.355,-1.351],[9.257,-1.471],[9.3,-1.577],[9.484,-1.484],[9.53,-1.614],[9.416,-1.608],[9.274,-1.66],[9.265,-1.535],[9.159,-1.468],[9.082,-1.344],[9.017,-1.316],[9.237,-1.621],[9.255,-1.835],[9.341,-1.888],[9.375,-1.819],[9.467,-1.851],[9.549,-1.998],[9.543,-2.071],[9.457,-1.978],[9.467,-1.922],[9.271,-1.877],[9.38,-2.013],[9.566,-2.193],[9.597,-2.352],[9.752,-2.47],[9.885,-2.416],[10.094,-2.56],[10.012,-2.632],[9.97,-2.58],[9.725,-2.481],[9.902,-2.7],[10.453,-3.133],[10.635,-3.314],[10.646,-3.452],[10.985,-3.715],[11.021,-3.858],[11.114,-3.937],[11.213,-3.697],[11.414,-3.588],[11.483,-3.509],[11.57,-3.545],[11.649,-3.673],[11.82,-3.71],[11.898,-3.666],[11.828,-3.548],[11.944,-3.303],[11.688,-3.171],[11.706,-3.05],[11.778,-3.027],[11.637,-2.833],[11.531,-2.867],[11.61,-2.679],[11.558,-2.349],[11.605,-2.33],[11.756,-2.415],[11.938,-2.329],[12.062,-2.415],[12.459,-2.33],[12.5,-2.096],[12.431,-2.005],[12.423,-1.898],[12.499,-1.918],[12.583,-1.827],[12.805,-1.919],[12.895,-2.11],[13.011,-2.288],[12.966,-2.366],[13.187,-2.364],[13.361,-2.429],[13.469,-2.435],[13.694,-2.206],[13.743,-2.097],[13.906,-2.36],[13.848,-2.423],[13.885,-2.488],[14.081,-2.5],[14.136,-2.399],[14.23,-2.352],[14.151,-2.259],[14.238,-2.12],[14.252,-1.968],[14.371,-1.921],[14.413,-1.714],[14.365,-1.612],[14.463,-1.549],[14.488,-1.409],[14.432,-1.35],[14.466,-1.224],[14.392,-1.023],[14.457,-0.856],[14.452,-0.751],[14.499,-0.631],[14.467,-0.553],[14.293,-0.436],[14.16,-0.455],[14.121,-0.302],[14.059,-0.259],[13.831,-0.205],[13.921,-0.053],[13.871,0.196],[13.945,0.35],[14.04,0.414],[14.076,0.539],[14.232,0.543],[14.329,0.621],[14.338,0.694],[14.448,0.816],[14.468,0.913],[14.401,0.97],[14.275,1.156],[14.252,1.331],[14.184,1.381],[14.05,1.376],[13.984,1.417],[13.795,1.434],[13.758,1.377],[13.642,1.357],[13.543,1.283],[13.357,1.289],[13.25,1.222],[13.15,1.257],[13.234,1.309],[13.239,1.428],[13.147,1.612],[13.162,1.9],[13.281,2.045],[13.295,2.161]]],[[[8.997,-0.628],[8.969,-0.737],[9.039,-0.744],[8.997,-0.628]]]]},"properties":{"NAME":"Gabon","ADMIN":"Gabon","ISO_A2":"GA","ISO_A3":"GAB","CONTINENT":"Africa","SUBREGION":"Middle Africa","POP_EST":2172579,"GDP_MD":16874,"LABEL_X":11.835939,"LABEL_Y":-0.437739,"ID":"GAB"}},{"type":"Feature","geometry":{"type":"Polygon","coordinates":[[[3.596,11.696],[3.667,11.76],[3.604,11.906],[3.654,11.987],[3.624,12.094],[3.651,12.269],[3.646,12.529],[3.929,12.75],[4.089,12.996],[4.124,13.234],[4.126,13.473],[4.248,13.494],[4.406,13.641],[4.507,13.695],[4.857,13.774],[4.925,13.733],[5.274,13.753],[5.374,13.855],[5.554,13.873],[6.12,13.654],[6.23,13.679],[6.369,13.626],[6.673,13.321],[6.779,13.13],[6.907,13.007],[7.09,13.006],[7.198,13.117],[7.392,13.113],[7.756,13.327],[7.824,13.345],[8.078,13.31],[8.246,13.212],[8.398,13.075],[8.534,13.065],[8.679,12.924],[8.943,12.847],[9.269,12.81],[9.378,12.826],[9.59,12.801],[9.641,12.823],[9.93,13.146],[10.162,13.267],[10.675,13.375],[10.953,13.362],[11.44,13.364],[11.853,13.245],[12.058,13.117],[12.201,13.125],[12.473,13.064],[12.561,13.243],[12.724,13.322],[12.87,13.461],[13.029,13.539],[13.228,13.548],[13.266,13.638],[13.36,13.714],[13.607,13.704],[13.449,14.38],[13.482,14.484],[13.624,14.521],[13.646,14.639],[13.764,14.719],[13.761,14.866],[13.834,15.02],[14.369,15.75],[15.026,16.433],[15.452,16.876],[15.472,16.917],[15.583,18.174],[15.652,18.949],[15.736,19.904],[15.963,20.319],[15.954,20.375],[15.544,20.799],[15.544,20.89],[15.609,20.951],[15.301,21.401],[15.18,21.507],[15.172,21.993],[14.98,22.996],[14.232,22.618],[14.202,22.623],[13.6,23.119],[13.482,23.18],[12.851,23.32],[11.969,23.517],[11.084,22.996],[10.404,22.595],[9.723,22.193],[8.634,21.552],[7.483,20.873],[7.021,20.495],[6.61,20.143],[5.838,19.479],[5.749,19.434],[5.083,19.306],[4.229,19.142],[4.232,18.153],[4.236,16.996],[4.182,16.81],[4.184,16.416],[4.061,16.298],[3.971,16.086],[3.983,15.984],[3.903,15.886],[3.871,15.715],[3.692,15.631],[3.527,15.496],[3.507,15.354],[3.073,15.427],[3,15.339],[2.081,15.309],[1.332,15.284],[1.271,15.26],[0.974,14.991],[0.67,14.94],[0.515,14.994],[0.353,14.963],[0.221,14.996],[0.218,14.911],[0.184,14.82],[0.22,14.731],[0.153,14.547],[0.189,14.448],[0.389,14.252],[0.339,14.126],[0.504,13.845],[0.601,13.769],[0.621,13.68],[0.753,13.684],[0.795,13.626],[0.951,13.583],[1.048,13.442],[1.188,13.364],[1.168,13.313],[0.984,13.368],[0.972,13.067],[1.114,12.996],[1.536,12.647],[1.826,12.604],[1.972,12.724],[2.109,12.706],[2.184,12.621],[2.245,12.424],[2.069,12.383],[2.071,12.307],[2.338,11.94],[2.39,11.897],[2.455,12.009],[2.406,12.047],[2.361,12.219],[2.394,12.247],[2.664,12.292],[2.695,12.341],[2.844,12.399],[2.937,12.301],[3.255,12.019],[3.293,11.919],[3.503,11.83],[3.596,11.696]]]},"properties":{"NAME":"Niger","ADMIN":"Niger","ISO_A2":"NE","ISO_A3":"NER","CONTINENT":"Africa","SUBREGION":"Western Africa","POP_EST":23310715,"GDP_MD":12911,"LABEL_X":9.504356,"LABEL_Y":17.446195,"ID":"NER"}},{"type":"Feature","geometry":{"type":"Polygon","coordinates":[[[2.39,11.897],[2.338,11.94],[2.071,12.307],[2.069,12.383],[2.245,12.424],[2.184,12.621],[2.109,12.706],[1.972,12.724],[1.826,12.604],[1.536,12.647],[1.114,12.996],[0.972,13.067],[0.984,13.368],[1.168,13.313],[1.188,13.364],[1.048,13.442],[0.951,13.583],[0.795,13.626],[0.753,13.684],[0.621,13.68],[0.601,13.769],[0.504,13.845],[0.339,14.126],[0.389,14.252],[0.189,14.448],[0.153,14.547],[0.22,14.731],[0.184,14.82],[0.218,14.911],[-0.237,15.066],[-0.426,15.003],[-0.468,15.08],[-0.753,15.07],[-1.043,14.818],[-1.35,14.715],[-1.697,14.496],[-1.967,14.484],[-2.005,14.444],[-2.023,14.199],[-2.152,14.156],[-2.462,14.281],[-2.597,14.222],[-2.693,14.123],[-2.841,14.043],[-2.928,13.8],[-2.895,13.652],[-3.068,13.607],[-3.125,13.677],[-3.267,13.717],[-3.284,13.542],[-3.249,13.293],[-3.449,13.266],[-3.462,13.166],[-3.597,13.199],[-3.799,13.347],[-3.984,13.396],[-3.972,13.47],[-4.104,13.383],[-4.147,13.3],[-4.327,13.169],[-4.351,13.118],[-4.229,12.949],[-4.212,12.819],[-4.297,12.712],[-4.485,12.715],[-4.483,12.646],[-4.387,12.53],[-4.452,12.435],[-4.406,12.307],[-4.488,12.321],[-4.586,12.197],[-4.56,12.149],[-4.654,12.069],[-4.807,11.996],[-4.954,12.005],[-5.168,11.944],[-5.282,11.836],[-5.412,11.829],[-5.28,11.739],[-5.3,11.606],[-5.234,11.576],[-5.218,11.422],[-5.263,11.39],[-5.261,11.268],[-5.322,11.136],[-5.507,11.057],[-5.431,10.845],[-5.483,10.684],[-5.468,10.588],[-5.523,10.425],[-5.403,10.301],[-5.218,10.32],[-5.112,10.279],[-5.117,10.208],[-4.975,10.056],[-4.966,9.901],[-4.838,9.869],[-4.681,9.682],[-4.504,9.742],[-4.502,9.655],[-4.323,9.609],[-4.253,9.75],[-4.133,9.82],[-4.054,9.798],[-3.89,9.894],[-3.662,9.949],[-3.317,9.901],[-3.278,9.843],[-3.203,9.908],[-3.095,9.734],[-2.99,9.708],[-2.91,9.543],[-2.764,9.392],[-2.689,9.489],[-2.761,9.566],[-2.74,9.651],[-2.795,9.72],[-2.737,9.833],[-2.788,10.039],[-2.798,10.19],[-2.758,10.266],[-2.841,10.343],[-2.771,10.425],[-2.86,10.466],[-2.928,10.615],[-2.922,10.721],[-2.816,10.929],[-2.837,10.998],[-2.751,10.986],[-1.599,10.997],[-1.562,11.027],[-1.355,10.997],[-1.07,11.014],[-0.696,10.994],[-0.635,10.908],[-0.591,10.982],[-0.516,10.989],[-0.406,11.101],[-0.369,11.065],[-0.302,11.163],[-0.166,11.135],[0.487,11.003],[0.488,10.933],[0.675,10.989],[0.901,10.993],[0.963,10.974],[0.977,11.078],[1.119,11.048],[1.083,11.132],[1.158,11.166],[1.156,11.286],[1.268,11.248],[1.348,11.303],[1.339,11.366],[1.44,11.474],[1.569,11.453],[1.602,11.389],[1.88,11.445],[2.011,11.427],[2.291,11.675],[2.39,11.897]]]},"properties":{"NAME":"Burkina Faso","ADMIN":"Burkina Faso","ISO_A2":"BF","ISO_A3":"BFA","CONTINENT":"Africa","SUBREGION":"Western Africa","POP_EST":20321378,"GDP_MD":15990,"LABEL_X":-1.36388,"LABEL_Y":12.673048,"ID":"BFA"}},{"type":"Feature","geometry":{"type":"Polygon","coordinates":[[[-0.166,11.135],[0.016,11.063],[-0.032,10.813],[-0.083,10.756],[-0.088,10.633],[0.02,10.588],[0.177,10.398],[0.283,10.397],[0.397,10.283],[0.354,10.116],[0.394,10.032],[0.322,9.761],[0.337,9.651],[0.275,9.686],[0.23,9.576],[0.334,9.479],[0.484,9.47],[0.531,9.401],[0.505,9.187],[0.431,9.028],[0.506,8.866],[0.374,8.725],[0.444,8.607],[0.616,8.489],[0.705,8.283],[0.574,8.204],[0.612,7.699],[0.499,7.562],[0.548,7.383],[0.623,7.398],[0.646,7.324],[0.598,7.159],[0.598,7.031],[0.495,6.973],[0.519,6.832],[0.626,6.728],[0.632,6.624],[0.727,6.571],[0.767,6.419],[0.907,6.325],[0.984,6.325],[1.01,6.244],[1.185,6.1],[1.43,6.182],[1.62,6.214],[1.782,6.277],[1.744,6.426],[1.566,6.678],[1.601,6.746],[1.588,6.881],[1.532,6.992],[1.626,6.997],[1.621,7.997],[1.626,8.27],[1.608,8.422],[1.601,9.05],[1.567,9.137],[1.425,9.284],[1.38,9.462],[1.326,9.522],[1.351,9.595],[1.331,9.996],[0.769,10.367],[0.781,10.693],[0.863,10.796],[0.901,10.993],[0.675,10.989],[0.488,10.933],[0.487,11.003],[-0.166,11.135]]]},"properties":{"NAME":"Togo","ADMIN":"Togo","ISO_A2":"TG","ISO_A3":"TGO","CONTINENT":"Africa","SUBREGION":"Western Africa","POP_EST":8082366,"GDP_MD":5490,"LABEL_X":1.058113,"LABEL_Y":8.80722,"ID":"TGO"}},{"type":"Feature","geometry":{"type":"Polygon","coordinates":[[[-0.166,11.135],[-0.302,11.163],[-0.369,11.065],[-0.406,11.101],[-0.516,10.989],[-0.591,10.982],[-0.635,10.908],[-0.696,10.994],[-1.07,11.014],[-1.355,10.997],[-1.562,11.027],[-1.599,10.997],[-2.751,10.986],[-2.837,10.998],[-2.816,10.929],[-2.922,10.721],[-2.928,10.615],[-2.86,10.466],[-2.771,10.425],[-2.841,10.343],[-2.758,10.266],[-2.798,10.19],[-2.788,10.039],[-2.737,9.833],[-2.795,9.72],[-2.74,9.651],[-2.761,9.566],[-2.689,9.489],[-2.66,9.273],[-2.759,9.135],[-2.775,9.055],[-2.661,9.015],[-2.619,8.924],[-2.506,8.209],[-2.619,8.123],[-2.611,8.04],[-2.691,8.01],[-2.84,7.82],[-2.942,7.577],[-2.99,7.271],[-2.972,7.229],[-3.046,7.071],[-3.11,7.046],[-3.225,6.849],[-3.21,6.716],[-3.263,6.617],[-3.184,6.264],[-3.118,6.163],[-3.088,5.997],[-3.02,5.818],[-3.03,5.704],[-2.965,5.71],[-2.97,5.621],[-2.877,5.637],[-2.782,5.579],[-2.733,5.356],[-2.79,5.347],[-2.757,5.18],[-2.844,5.149],[-2.994,5.108],[-3.115,5.108],[-3.12,5.091],[-2.965,5.045],[-2.69,5.01],[-2.357,4.92],[-2.091,4.737],[-1.981,4.752],[-1.912,4.821],[-1.749,4.877],[-1.569,5.019],[-1.234,5.101],[-0.997,5.217],[-0.8,5.215],[-0.638,5.341],[-0.507,5.369],[-0.372,5.493],[0.035,5.628],[0.157,5.725],[0.322,5.779],[0.723,5.755],[0.914,5.777],[0.995,5.839],[1.012,5.926],[1.099,6.047],[1.185,6.1],[1.01,6.244],[0.984,6.325],[0.907,6.325],[0.767,6.419],[0.727,6.571],[0.632,6.624],[0.626,6.728],[0.519,6.832],[0.495,6.973],[0.598,7.031],[0.598,7.159],[0.646,7.324],[0.623,7.398],[0.548,7.383],[0.499,7.562],[0.612,7.699],[0.574,8.204],[0.705,8.283],[0.616,8.489],[0.444,8.607],[0.374,8.725],[0.506,8.866],[0.431,9.028],[0.505,9.187],[0.531,9.401],[0.484,9.47],[0.334,9.479],[0.23,9.576],[0.275,9.686],[0.337,9.651],[0.322,9.761],[0.394,10.032],[0.354,10.116],[0.397,10.283],[0.283,10.397],[0.177,10.398],[0.02,10.588],[-0.088,10.633],[-0.083,10.756],[-0.032,10.813],[0.016,11.063],[-0.166,11.135]]]},"properties":{"NAME":"Ghana","ADMIN":"Ghana","ISO_A2":"GH","ISO_A3":"GHA","CONTINENT":"Africa","SUBREGION":"Western Africa","POP_EST":30417856,"GDP_MD":66983,"LABEL_X":-1.036941,"LABEL_Y":7.717639,"ID":"GHA"}},{"type":"Feature","geometry":{"type":"MultiPolygon","coordinates":[[[[-13.728,12.673],[-14.437,12.676],[-15.195,12.679],[-15.677,12.439],[-15.973,12.437],[-16.233,12.453],[-16.412,12.362],[-16.669,12.357],[-16.728,12.333],[-16.576,12.283],[-16.458,12.172],[-16.306,12.214],[-16.228,12.283],[-16.357,12.101],[-16.332,12.005],[-16.134,11.889],[-15.982,11.921],[-15.864,12.029],[-15.926,11.893],[-15.959,11.735],[-15.83,11.748],[-15.585,11.851],[-15.497,11.937],[-15.359,11.963],[-15.215,11.91],[-15.08,11.988],[-15.007,11.978],[-15.07,11.861],[-14.951,11.761],[-15.069,11.804],[-15.09,11.94],[-15.189,11.871],[-15.439,11.885],[-15.551,11.733],[-15.488,11.708],[-15.476,11.654],[-15.426,11.694],[-15.469,11.606],[-15.343,11.605],[-15.226,11.755],[-15.072,11.596],[-15.35,11.563],[-15.473,11.494],[-15.507,11.358],[-15.449,11.347],[-15.331,11.463],[-15.414,11.336],[-15.41,11.19],[-15.234,11.123],[-15.23,10.995],[-15.125,11.132],[-15,11.199],[-15.099,11.058],[-15.085,10.928],[-15.021,10.967],[-14.959,11.036],[-14.828,11.335],[-14.687,11.511],[-14.521,11.513],[-14.279,11.665],[-14.015,11.637],[-13.904,11.665],[-13.87,11.744],[-13.816,11.687],[-13.73,11.71],[-13.724,12.003],[-13.973,12.152],[-13.944,12.219],[-13.84,12.277],[-13.712,12.268],[-13.663,12.476],[-13.725,12.558],[-13.728,12.673]]],[[[-15.946,11.2],[-15.981,11.066],[-15.878,11.074],[-15.946,11.2]]],[[[-15.974,11.159],[-16.057,11.164],[-16.017,11.069],[-15.974,11.159]]],[[[-16.049,11.118],[-16.08,11.206],[-16.138,11.187],[-16.213,11.056],[-16.076,11.036],[-16.049,11.118]]],[[[-15.658,11.303],[-15.775,11.234],[-15.734,11.179],[-15.658,11.303]]],[[[-16.173,11.221],[-16.159,11.296],[-16.249,11.294],[-16.283,11.231],[-16.173,11.221]]],[[[-16.276,11.496],[-16.248,11.584],[-16.389,11.548],[-16.419,11.488],[-16.276,11.496]]],[[[-16.022,11.512],[-16.035,11.42],[-15.898,11.454],[-15.906,11.578],[-15.952,11.607],[-16.022,11.512]]],[[[-15.473,11.632],[-15.529,11.625],[-15.63,11.529],[-15.566,11.51],[-15.473,11.632]]],[[[-16.166,11.871],[-16.155,11.808],[-16.029,11.769],[-15.995,11.899],[-16.166,11.871]]]]},"properties":{"NAME":"Guinea-Bissau","ADMIN":"Guinea-Bissau","ISO_A2":"GW","ISO_A3":"GNB","CONTINENT":"Africa","SUBREGION":"Western Africa","POP_EST":1920922,"GDP_MD":1339,"LABEL_X":-14.52413,"LABEL_Y":12.163712,"ID":"GNB"}},{"type":"Feature","geometry":{"type":"MultiPolygon","coordinates":[[[[-122.753,48.993],[-122.808,48.935],[-122.65,48.764],[-122.499,48.739],[-122.44,48.581],[-122.501,48.45],[-122.633,48.516],[-122.705,48.486],[-122.647,48.404],[-122.584,48.438],[-122.534,48.375],[-122.392,48.31],[-122.534,48.25],[-122.49,48.13],[-122.436,48.235],[-122.34,48.09],[-122.213,47.987],[-122.32,47.942],[-122.406,47.778],[-122.409,47.575],[-122.325,47.391],[-122.448,47.268],[-122.538,47.316],[-122.572,47.209],[-122.722,47.089],[-122.817,47.166],[-123.029,47.122],[-122.92,47.278],[-122.846,47.316],[-122.773,47.173],[-122.726,47.339],[-122.569,47.264],[-122.586,47.336],[-122.508,47.52],[-122.592,47.597],[-122.596,47.692],[-122.541,47.743],[-122.468,47.757],[-122.528,47.906],[-122.613,47.946],[-122.635,47.84],[-122.764,47.669],[-122.949,47.597],[-123.161,47.357],[-123.021,47.566],[-122.91,47.65],[-122.806,47.843],[-122.828,47.683],[-122.626,47.89],[-122.792,48.083],[-122.868,48.119],[-122.997,48.039],[-123.15,48.177],[-123.247,48.115],[-124.05,48.177],[-124.228,48.259],[-124.575,48.37],[-124.728,48.388],[-124.661,48.32],[-124.735,48.17],[-124.638,47.908],[-124.423,47.742],[-124.318,47.357],[-124.212,47.227],[-124.172,47.042],[-124.013,46.984],[-123.813,46.959],[-124.13,46.886],[-124.093,46.743],[-123.973,46.701],[-123.9,46.747],[-123.896,46.544],[-123.958,46.378],[-124.014,46.385],[-124.018,46.569],[-124.063,46.655],[-124.064,46.356],[-123.873,46.24],[-123.693,46.305],[-123.479,46.276],[-123.298,46.152],[-123.386,46.146],[-123.519,46.235],[-123.727,46.17],[-123.767,46.204],[-123.99,46.201],[-123.934,45.98],[-123.982,45.768],[-123.958,45.576],[-123.896,45.56],[-124.065,44.823],[-124.048,44.633],[-124.114,44.301],[-124.151,43.882],[-124.238,43.547],[-124.325,43.363],[-124.377,43.34],[-124.445,43.03],[-124.548,42.845],[-124.415,42.662],[-124.394,42.567],[-124.433,42.329],[-124.36,42.113],[-124.217,42.006],[-124.263,41.776],[-124.159,41.737],[-124.062,41.436],[-124.124,41.182],[-124.111,41.042],[-124.214,40.701],[-124.24,40.759],[-124.409,40.444],[-124.364,40.261],[-124.116,40.107],[-123.854,39.834],[-123.77,39.545],[-123.825,39.347],[-123.689,39.028],[-123.726,38.919],[-123.414,38.667],[-123.337,38.567],[-123.129,38.449],[-123.062,38.296],[-122.975,38.266],[-122.95,38.144],[-123.027,37.994],[-122.907,38.032],[-122.7,37.892],[-122.528,37.816],[-122.439,37.882],[-122.503,37.925],[-122.502,38.114],[-122.397,38.153],[-122.271,38.075],[-122.13,38.042],[-122.055,38.134],[-121.929,38.058],[-121.803,38.063],[-121.69,38.009],[-122.004,38.056],[-122.148,38.024],[-122.227,38.058],[-122.366,38.012],[-122.391,37.908],[-122.329,37.908],[-122.332,37.782],[-122.163,37.664],[-122.146,37.579],[-122.039,37.451],[-122.1,37.455],[-122.251,37.568],[-122.359,37.593],[-122.409,37.81],[-122.515,37.781],[-122.52,37.531],[-122.4,37.36],[-122.404,37.195],[-122.154,36.977],[-122.047,36.948],[-121.937,36.978],[-121.79,36.806],[-121.814,36.683],[-121.978,36.575],[-121.9,36.304],[-121.729,36.198],[-121.567,36.02],[-121.49,35.982],[-121.463,35.887],[-121.337,35.787],[-121.288,35.665],[-121.169,35.637],[-121.005,35.461],[-120.908,35.448],[-120.831,35.336],[-120.898,35.25],[-120.766,35.16],[-120.645,35.139],[-120.673,34.908],[-120.616,34.858],[-120.603,34.705],[-120.648,34.586],[-120.51,34.521],[-120.473,34.45],[-120.133,34.473],[-119.879,34.407],[-119.617,34.421],[-119.46,34.374],[-119.269,34.255],[-119.21,34.152],[-118.807,33.999],[-118.748,34.032],[-118.544,34.039],[-118.445,33.949],[-118.391,33.836],[-118.412,33.742],[-118.291,33.703],[-118.255,33.765],[-118.091,33.731],[-117.979,33.636],[-117.777,33.529],[-117.509,33.335],[-117.322,33.109],[-117.254,32.885],[-117.257,32.702],[-117.133,32.69],[-117.125,32.532],[-115.794,32.632],[-114.724,32.713],[-114.822,32.5],[-113.962,32.234],[-113.143,31.981],[-112.325,31.728],[-111.067,31.334],[-110.522,31.327],[-109.582,31.327],[-108.215,31.327],[-108.215,31.778],[-107.284,31.776],[-106.517,31.774],[-106.358,31.718],[-106.286,31.58],[-106.164,31.448],[-106.005,31.397],[-105.768,31.18],[-105.591,31.071],[-105.556,31.003],[-105.364,30.85],[-105.229,30.81],[-105.008,30.677],[-104.887,30.552],[-104.853,30.412],[-104.682,30.193],[-104.68,29.942],[-104.57,29.788],[-104.531,29.668],[-104.349,29.538],[-104.267,29.527],[-104.057,29.339],[-103.794,29.278],[-103.673,29.174],[-103.542,29.149],[-103.479,29.082],[-103.302,29.002],[-103.148,28.985],[-103.105,29.058],[-102.859,29.229],[-102.899,29.276],[-102.78,29.592],[-102.683,29.744],[-102.406,29.777],[-102.321,29.894],[-102.109,29.802],[-101.522,29.766],[-101.405,29.778],[-101.312,29.598],[-101.038,29.46],[-101.016,29.39],[-100.816,29.271],[-100.763,29.174],[-100.669,29.116],[-100.624,28.925],[-100.519,28.805],[-100.494,28.708],[-100.397,28.593],[-100.284,28.297],[-100.198,28.207],[-100.075,28.154],[-99.977,27.992],[-99.879,27.902],[-99.863,27.805],[-99.7,27.659],[-99.6,27.646],[-99.507,27.574],[-99.473,27.427],[-99.521,27.311],[-99.432,27.208],[-99.462,27.057],[-99.248,26.827],[-99.165,26.54],[-99.085,26.408],[-98.796,26.368],[-98.641,26.242],[-98.582,26.262],[-98.369,26.194],[-98.223,26.075],[-97.802,26.064],[-97.623,26.009],[-97.425,25.855],[-97.266,25.961],[-97.139,25.966],[-97.152,26.075],[-97.236,25.984],[-97.212,26.091],[-97.311,26.123],[-97.352,26.354],[-97.448,26.42],[-97.425,26.535],[-97.488,26.775],[-97.555,26.825],[-97.55,27.009],[-97.481,27.022],[-97.44,27.272],[-97.521,27.232],[-97.715,27.267],[-97.487,27.4],[-97.411,27.335],[-97.263,27.679],[-97.356,27.742],[-97.386,27.83],[-97.521,27.873],[-97.267,27.879],[-97.184,27.837],[-97.025,28.041],[-97.021,28.1],[-97.13,28.017],[-97.218,28.075],[-97.02,28.209],[-96.945,28.126],[-96.782,28.242],[-96.793,28.48],[-96.654,28.319],[-96.404,28.435],[-96.52,28.549],[-96.609,28.579],[-96.651,28.73],[-96.445,28.597],[-96.417,28.73],[-96.346,28.635],[-96.188,28.691],[-96.22,28.637],[-96.026,28.651],[-95.817,28.732],[-95.602,28.764],[-95.379,28.881],[-95.159,29.046],[-95.163,29.201],[-95.065,29.204],[-94.889,29.376],[-95.024,29.542],[-94.986,29.675],[-95.052,29.75],[-94.876,29.666],[-94.807,29.782],[-94.704,29.751],[-94.755,29.524],[-94.561,29.575],[-94.654,29.452],[-94.06,29.682],[-93.876,29.675],[-93.933,29.776],[-93.854,29.987],[-93.76,29.961],[-93.782,29.857],[-93.888,29.807],[-93.831,29.7],[-93.739,29.737],[-93.453,29.77],[-93.2,29.773],[-93.027,29.733],[-92.683,29.604],[-92.276,29.534],[-92.025,29.627],[-92.107,29.62],[-92.202,29.764],[-92.135,29.736],[-91.984,29.832],[-91.848,29.831],[-91.858,29.719],[-91.685,29.753],[-91.644,29.645],[-91.569,29.647],[-91.534,29.534],[-91.267,29.496],[-91.22,29.404],[-91.328,29.295],[-91.08,29.196],[-91.031,29.224],[-90.884,29.134],[-90.846,29.182],[-90.706,29.12],[-90.641,29.141],[-90.603,29.308],[-90.483,29.291],[-90.426,29.35],[-90.287,29.235],[-90.229,29.087],[-90.131,29.132],[-90.051,29.229],[-90.07,29.46],[-90.209,29.538],[-90.182,29.579],[-89.971,29.473],[-89.908,29.477],[-89.75,29.392],[-89.818,29.316],[-89.623,29.285],[-89.496,29.229],[-89.384,29.088],[-89.287,29.118],[-89.407,28.969],[-89.374,28.947],[-89.248,29.106],[-89.151,29.048],[-89.032,29.217],[-89.202,29.353],[-89.244,29.316],[-89.337,29.391],[-89.545,29.408],[-89.524,29.47],[-89.668,29.522],[-89.722,29.64],[-89.62,29.627],[-89.702,29.71],[-89.604,29.716],[-89.457,29.829],[-89.414,29.764],[-89.332,29.88],[-89.455,29.976],[-89.386,30.059],[-89.479,30.08],[-89.62,29.88],[-89.708,29.956],[-89.811,29.947],[-89.8,30.051],[-89.729,30.024],[-89.64,30.141],[-89.789,30.099],[-89.88,30.155],[-90.037,30.04],[-90.168,30.024],[-90.339,30.066],[-90.433,30.143],[-90.405,30.22],[-90.222,30.388],[-90.059,30.36],[-89.969,30.265],[-89.751,30.237],[-89.708,30.175],[-89.455,30.182],[-89.33,30.303],[-89.322,30.381],[-89.24,30.321],[-88.859,30.408],[-88.742,30.354],[-88.599,30.395],[-88.471,30.324],[-88.304,30.401],[-88.12,30.338],[-88.085,30.576],[-88.023,30.724],[-87.943,30.66],[-87.941,30.483],[-87.764,30.28],[-87.875,30.242],[-87.655,30.252],[-87.474,30.359],[-87.392,30.45],[-87.346,30.428],[-87.447,30.313],[-87.329,30.32],[-87.157,30.475],[-87.181,30.585],[-87.068,30.461],[-87.015,30.521],[-86.925,30.47],[-87.045,30.39],[-86.68,30.422],[-86.413,30.518],[-86.44,30.476],[-86.207,30.505],[-86.107,30.401],[-86.316,30.436],[-86.365,30.381],[-86.066,30.306],[-85.744,30.139],[-85.767,30.241],[-85.844,30.278],[-85.755,30.319],[-85.721,30.196],[-85.57,30.114],[-85.495,30.141],[-85.486,30.058],[-85.671,30.123],[-85.405,29.935],[-85.302,29.798],[-85.346,29.678],[-85.124,29.722],[-85.004,29.716],[-84.873,29.805],[-84.887,29.73],[-84.734,29.792],[-84.508,29.922],[-84.349,29.902],[-84.384,30.032],[-84.261,30.1],[-84.178,30.073],[-84.024,30.107],[-83.681,29.921],[-83.528,29.716],[-83.409,29.667],[-83.405,29.532],[-83.216,29.411],[-83.158,29.305],[-83.024,29.175],[-82.801,29.175],[-82.727,28.959],[-82.631,28.873],[-82.664,28.448],[-82.788,28.161],[-82.767,28.106],[-82.836,27.886],[-82.829,27.805],[-82.638,27.701],[-82.605,27.881],[-82.719,27.928],[-82.691,28.038],[-82.559,27.956],[-82.54,27.844],[-82.422,27.917],[-82.398,27.796],[-82.544,27.65],[-82.592,27.538],[-82.698,27.455],[-82.574,27.395],[-82.562,27.276],[-82.314,26.849],[-82.15,26.803],[-82.222,26.965],[-82.057,26.866],[-82.082,26.68],[-82.039,26.528],[-81.844,26.414],[-81.801,26.099],[-81.722,25.989],[-81.718,25.908],[-81.623,25.947],[-81.396,25.852],[-81.322,25.783],[-81.149,25.395],[-80.981,25.318],[-80.945,25.212],[-81.148,25.331],[-81.177,25.228],[-81.087,25.121],[-80.91,25.145],[-80.855,25.186],[-80.711,25.145],[-80.581,25.241],[-80.506,25.201],[-80.314,25.371],[-80.342,25.494],[-80.252,25.721],[-80.196,25.754],[-80.141,25.901],[-80.054,26.557],[-80.038,26.811],[-80.076,26.973],[-80.198,27.196],[-80.345,27.515],[-80.381,27.666],[-80.738,28.373],[-80.848,28.791],[-80.752,28.742],[-80.766,28.612],[-80.609,28.61],[-80.594,28.402],[-80.528,28.473],[-80.627,28.651],[-80.922,29.068],[-81.178,29.586],[-81.239,29.737],[-81.395,30.299],[-81.438,30.524],[-81.44,30.701],[-81.499,30.704],[-81.522,30.854],[-81.424,31.025],[-81.457,31.19],[-81.386,31.142],[-81.27,31.275],[-81.467,31.348],[-81.326,31.349],[-81.365,31.438],[-81.333,31.544],[-81.196,31.718],[-81.04,31.827],[-81.143,31.855],[-81.118,31.908],[-80.98,31.865],[-80.836,32.003],[-80.888,32.069],[-80.678,32.215],[-80.799,32.32],[-80.855,32.539],[-80.759,32.361],[-80.637,32.267],[-80.471,32.323],[-80.43,32.41],[-80.587,32.457],[-80.478,32.471],[-80.678,32.511],[-80.533,32.519],[-80.331,32.486],[-80.201,32.569],[-79.995,32.619],[-79.871,32.708],[-79.944,32.851],[-79.851,32.759],[-79.589,32.914],[-79.623,32.955],[-79.52,33.041],[-79.491,32.991],[-79.183,33.184],[-79.296,33.318],[-79.183,33.241],[-79.133,33.417],[-78.938,33.642],[-78.763,33.779],[-78.385,33.923],[-78.032,33.892],[-77.972,33.953],[-77.922,34.109],[-77.911,33.958],[-77.833,34.207],[-77.668,34.376],[-77.536,34.469],[-77.379,34.527],[-77.137,34.682],[-76.896,34.739],[-76.702,34.726],[-76.616,34.816],[-76.523,34.732],[-76.336,34.899],[-76.325,34.976],[-76.44,34.939],[-76.454,35.073],[-76.54,34.932],[-76.642,34.984],[-76.762,34.912],[-76.94,34.98],[-77.079,35.157],[-76.839,34.992],[-76.764,34.989],[-76.561,35.124],[-76.675,35.171],[-76.493,35.23],[-76.497,35.312],[-76.694,35.354],[-76.994,35.497],[-76.758,35.419],[-76.6,35.395],[-76.585,35.55],[-76.463,35.541],[-76.575,35.497],[-76.442,35.404],[-76.402,35.46],[-76.269,35.348],[-76.065,35.384],[-75.886,35.637],[-75.784,35.576],[-75.725,35.698],[-75.722,35.829],[-75.853,35.98],[-75.99,35.887],[-76.031,35.651],[-76.086,35.863],[-76.048,35.984],[-76.195,35.994],[-76.307,35.958],[-76.473,35.972],[-76.558,35.938],[-76.73,35.945],[-76.695,35.992],[-76.757,36.127],[-76.743,36.232],[-76.687,36.056],[-76.524,36.013],[-76.312,36.096],[-76.435,36.165],[-76.195,36.104],[-76.057,36.169],[-76.202,36.302],[-76.02,36.191],[-75.908,36.165],[-75.935,36.288],[-75.838,36.098],[-75.786,36.082],[-75.88,36.301],[-76.037,36.501],[-75.973,36.5],[-75.963,36.709],[-75.928,36.706],[-75.819,36.329],[-75.724,36.059],[-75.564,35.895],[-75.786,36.282],[-75.863,36.591],[-75.989,36.912],[-76.269,36.961],[-76.318,36.884],[-76.476,36.908],[-76.572,37.028],[-76.66,37.043],[-76.67,37.185],[-76.718,37.15],[-76.894,37.206],[-77.017,37.295],[-77.274,37.316],[-77.004,37.323],[-76.878,37.269],[-76.655,37.234],[-76.611,37.119],[-76.453,37.03],[-76.429,36.976],[-76.296,37.014],[-76.292,37.13],[-76.403,37.234],[-76.468,37.214],[-76.606,37.296],[-76.781,37.535],[-76.496,37.249],[-76.379,37.272],[-76.443,37.372],[-76.322,37.386],[-76.281,37.321],[-76.245,37.45],[-76.393,37.542],[-76.284,37.57],[-76.428,37.624],[-76.522,37.615],[-76.613,37.74],[-76.716,37.788],[-76.923,37.981],[-76.896,38.007],[-76.713,37.847],[-76.629,37.818],[-76.49,37.658],[-76.469,37.709],[-76.321,37.624],[-76.248,37.903],[-76.531,38.025],[-76.615,38.15],[-76.882,38.177],[-77.052,38.323],[-77.041,38.396],[-77.249,38.33],[-77.35,38.41],[-77.23,38.657],[-77.048,38.716],[-77.267,38.494],[-77.204,38.364],[-77.032,38.481],[-76.973,38.344],[-76.839,38.257],[-76.563,38.199],[-76.324,38.044],[-76.321,38.139],[-76.636,38.474],[-76.419,38.322],[-76.382,38.385],[-76.512,38.528],[-76.537,38.892],[-76.46,38.912],[-76.552,39.077],[-76.456,38.989],[-76.42,39.09],[-76.518,39.177],[-76.403,39.228],[-76.325,39.408],[-76.284,39.311],[-76.253,39.454],[-76.21,39.365],[-76.065,39.471],[-76.083,39.558],[-75.935,39.604],[-76.034,39.393],[-76.175,39.316],[-76.273,39.152],[-76.243,39.033],[-76.175,39.124],[-76.065,39.146],[-76.216,38.974],[-76.315,39.029],[-76.329,38.916],[-76.247,38.951],[-76.106,38.878],[-76.188,38.847],[-76.173,38.757],[-76.26,38.839],[-76.31,38.761],[-76.199,38.675],[-76.106,38.686],[-76.012,38.566],[-76.277,38.625],[-76.286,38.563],[-76.182,38.543],[-76.319,38.474],[-76.221,38.344],[-76.193,38.383],[-76.038,38.232],[-76.037,38.309],[-75.819,38.234],[-75.914,38.152],[-75.78,38.155],[-75.845,38.083],[-75.858,37.931],[-75.786,37.976],[-75.633,37.96],[-75.695,37.802],[-75.798,37.796],[-75.819,37.673],[-75.935,37.576],[-76.011,37.316],[-76.001,37.194],[-75.936,37.135],[-75.887,37.357],[-75.492,37.831],[-75.417,37.886],[-75.434,37.962],[-75.243,38.227],[-75.154,38.241],[-75.092,38.351],[-75.165,38.417],[-75.044,38.454],[-75.099,38.638],[-75.084,38.796],[-75.166,38.794],[-75.31,38.928],[-75.394,39.056],[-75.394,39.225],[-75.434,39.315],[-75.588,39.463],[-75.605,39.617],[-75.392,39.84],[-75.148,39.903],[-75.44,39.777],[-75.557,39.621],[-75.532,39.478],[-75.359,39.338],[-75.25,39.297],[-75.146,39.187],[-75.04,39.215],[-74.887,39.147],[-74.968,38.936],[-74.875,38.945],[-74.746,39.055],[-74.654,39.201],[-74.53,39.311],[-74.413,39.357],[-74.469,39.399],[-74.33,39.562],[-74.168,39.699],[-74.104,40.014],[-74.064,40.031],[-74.093,39.776],[-73.972,40.328],[-73.993,40.402],[-74.197,40.441],[-74.283,40.497],[-74.21,40.634],[-74.032,40.714],[-73.918,40.931],[-73.918,41.164],[-73.872,41.034],[-73.927,40.805],[-73.798,40.813],[-73.764,40.91],[-73.65,40.997],[-73.184,41.174],[-73.108,41.149],[-72.91,41.305],[-72.892,41.245],[-72.605,41.284],[-72.508,41.256],[-72.347,41.307],[-71.973,41.344],[-71.871,41.303],[-71.599,41.368],[-71.498,41.366],[-71.426,41.469],[-71.443,41.575],[-71.356,41.746],[-71.26,41.651],[-71.111,41.797],[-71.207,41.646],[-71.186,41.469],[-71.074,41.539],[-70.925,41.551],[-70.905,41.64],[-70.774,41.646],[-70.72,41.746],[-70.658,41.722],[-70.686,41.531],[-70.185,41.661],[-69.939,41.674],[-69.943,41.858],[-70.051,42.04],[-70.1,42.037],[-70.069,41.893],[-69.987,41.914],[-70.021,41.791],[-70.275,41.715],[-70.533,41.816],[-70.566,41.955],[-70.715,42.003],[-70.648,42.065],[-70.716,42.212],[-70.899,42.318],[-70.955,42.243],[-71.038,42.308],[-70.878,42.538],[-70.597,42.634],[-70.701,42.653],[-70.818,42.824],[-70.803,42.914],[-70.569,43.229],[-70.582,43.275],[-70.363,43.445],[-70.356,43.527],[-70.205,43.561],[-70.239,43.7],[-70.109,43.807],[-69.951,43.849],[-69.993,43.726],[-69.876,43.814],[-69.828,43.698],[-69.705,43.842],[-69.759,43.886],[-69.657,44.009],[-69.64,43.844],[-69.513,43.835],[-69.364,44.061],[-69.369,43.973],[-69.263,43.93],[-69.076,44.053],[-69.088,44.137],[-68.937,44.332],[-68.987,44.421],[-68.845,44.454],[-68.802,44.56],[-68.743,44.537],[-68.804,44.369],[-68.541,44.237],[-68.574,44.411],[-68.432,44.487],[-68.112,44.48],[-68.061,44.328],[-67.902,44.397],[-67.875,44.542],[-67.74,44.588],[-67.714,44.501],[-67.649,44.569],[-67.569,44.539],[-67.539,44.646],[-67.409,44.596],[-67.373,44.686],[-67.196,44.644],[-66.977,44.816],[-67.117,44.948],[-67.04,44.973],[-67.176,45.179],[-67.356,45.166],[-67.475,45.282],[-67.429,45.387],[-67.493,45.493],[-67.45,45.611],[-67.66,45.637],[-67.8,45.7],[-67.785,45.96],[-67.805,47.036],[-67.962,47.198],[-68.197,47.341],[-68.348,47.359],[-68.386,47.302],[-68.54,47.3],[-68.644,47.245],[-68.906,47.19],[-69.04,47.249],[-69.07,47.432],[-69.268,47.44],[-70.008,46.704],[-70.074,46.42],[-70.188,46.358],[-70.281,46.212],[-70.311,46.072],[-70.263,45.957],[-70.417,45.794],[-70.407,45.732],[-70.687,45.573],[-70.723,45.471],[-70.834,45.393],[-70.907,45.246],[-71.017,45.343],[-71.142,45.252],[-71.334,45.289],[-71.504,45.014],[-72.302,45.01],[-73.399,45.004],[-74.713,44.999],[-74.868,45.01],[-75.27,44.864],[-75.7,44.582],[-75.87,44.409],[-76.067,44.348],[-76.169,44.242],[-76.455,44.084],[-76.797,43.645],[-76.842,43.626],[-77.534,43.628],[-78.688,43.632],[-79.174,43.465],[-79.054,43.26],[-79.032,43.013],[-78.915,42.948],[-79.019,42.803],[-80.247,42.365],[-81.277,42.209],[-82.425,41.677],[-82.711,41.68],[-83.068,41.848],[-83.157,42],[-83.129,42.24],[-83.04,42.332],[-82.8,42.418],[-82.511,42.647],[-82.411,43.051],[-82.154,43.55],[-82.148,43.611],[-82.292,44.242],[-82.532,45.294],[-82.589,45.372],[-83.484,45.772],[-83.637,45.774],[-83.466,45.993],[-83.614,46.116],[-83.839,46.119],[-83.965,46.063],[-84.087,46.201],[-84.159,46.433],[-84.11,46.526],[-84.423,46.512],[-84.589,46.475],[-84.773,46.633],[-84.879,46.898],[-85.509,47.163],[-86.637,47.624],[-87.409,47.93],[-88.347,48.299],[-88.643,48.257],[-89.34,47.984],[-89.98,48.01],[-90.073,48.101],[-90.179,48.116],[-90.532,48.085],[-90.786,48.1],[-90.841,48.22],[-90.923,48.227],[-91.276,48.065],[-91.428,48.036],[-91.693,48.098],[-91.765,48.187],[-91.957,48.228],[-92.043,48.335],[-92.303,48.311],[-92.385,48.232],[-92.527,48.446],[-92.704,48.445],[-92.649,48.536],[-92.98,48.618],[-93.258,48.63],[-93.451,48.597],[-93.492,48.542],[-93.757,48.517],[-93.875,48.636],[-94.232,48.652],[-94.312,48.714],[-94.593,48.726],[-94.711,48.808],[-94.711,48.915],[-94.811,49.167],[-94.827,49.293],[-94.983,49.356],[-95.161,49.369],[-95.177,48.993],[-96.716,48.993],[-98.474,48.993],[-99.793,48.993],[-100.672,48.993],[-101.991,48.993],[-102.87,48.993],[-104.189,48.993],[-105.058,48.993],[-105.948,48.993],[-107.267,48.993],[-108.146,48.993],[-109.465,48.993],[-110.564,48.993],[-111.443,48.993],[-112.322,48.993],[-113.641,48.993],[-114.52,48.993],[-115.619,48.993],[-116.499,48.993],[-117.378,48.993],[-118.257,48.993],[-119.356,48.993],[-120.675,48.993],[-121.554,48.993],[-122.753,48.993]]],[[[-141.006,69.651],[-141.413,69.65],[-141.653,69.762],[-142.271,69.856],[-142.601,70.013],[-143.3,70.117],[-144.064,70.086],[-144.59,69.983],[-145.301,70],[-145.88,70.175],[-146.877,70.19],[-147.124,70.168],[-147.806,70.236],[-147.799,70.29],[-148.151,70.356],[-148.381,70.312],[-148.682,70.42],[-149.489,70.523],[-149.89,70.513],[-150.119,70.443],[-150.417,70.421],[-150.379,70.497],[-150.794,70.503],[-151.178,70.449],[-151.177,70.38],[-151.454,70.439],[-151.98,70.449],[-151.733,70.559],[-152.63,70.559],[-152.517,70.593],[-152.075,70.579],[-152.448,70.626],[-152.514,70.689],[-152.219,70.818],[-152.328,70.857],[-153.302,70.929],[-153.514,70.887],[-153.894,70.898],[-154.131,70.791],[-154.631,70.832],[-154.597,71],[-154.84,71.101],[-155.21,71.123],[-155.518,70.952],[-155.577,70.846],[-155.92,70.825],[-156.072,70.974],[-155.831,70.983],[-155.594,71.07],[-155.625,71.184],[-156.428,71.265],[-156.604,71.354],[-156.817,71.306],[-157.231,71.071],[-157.559,70.951],[-158.043,70.837],[-158.99,70.777],[-159.449,70.777],[-159.174,70.854],[-159.668,70.805],[-160.096,70.643],[-159.865,70.599],[-159.799,70.499],[-160.096,70.321],[-159.947,70.597],[-160.172,70.605],[-160.861,70.347],[-161.342,70.259],[-161.632,70.256],[-161.906,70.321],[-162.538,69.957],[-162.95,69.79],[-163.126,69.39],[-163.623,69.119],[-163.965,69.003],[-164.346,68.929],[-165.044,68.881],[-165.665,68.862],[-166.237,68.875],[-166.24,68.564],[-166.548,68.359],[-166.812,68.36],[-166.297,68.3],[-165.928,68.137],[-165.437,68.06],[-164.856,67.85],[-164.694,67.825],[-164.151,67.62],[-163.81,67.335],[-163.766,67.14],[-163.688,67.103],[-162.559,67.02],[-162.335,67.151],[-162.435,66.991],[-161.835,67.055],[-161.499,66.971],[-161.731,66.954],[-161.881,66.815],[-161.868,66.706],[-161.482,66.534],[-161.314,66.535],[-161.136,66.652],[-160.881,66.672],[-160.534,66.593],[-160.441,66.636],[-160.219,66.532],[-160.249,66.402],[-160.785,66.374],[-161.193,66.536],[-161.607,66.454],[-161.871,66.532],[-162.081,66.666],[-162.015,66.772],[-162.327,66.96],[-162.639,66.9],[-162.441,66.731],[-162.265,66.723],[-161.932,66.556],[-161.867,66.481],[-161.954,66.336],[-161.745,66.406],[-161.511,66.408],[-161.136,66.343],[-160.997,66.241],[-161.571,66.258],[-161.895,65.979],[-161.916,66.042],[-162.179,66.076],[-162.655,66.039],[-162.765,66.104],[-163.122,66.07],[-163.354,66.098],[-163.68,66.079],[-163.903,66.207],[-164.191,66.193],[-163.855,66.289],[-163.896,66.399],[-163.736,66.603],[-164.274,66.602],[-164.718,66.556],[-165.033,66.399],[-165.306,66.437],[-165.766,66.324],[-165.89,66.241],[-165.5,66.152],[-165.755,66.105],[-166.094,66.125],[-166.287,66.18],[-166.973,65.974],[-167.06,65.878],[-167.346,65.899],[-167.561,65.809],[-167.501,65.741],[-167.823,65.72],[-168.081,65.591],[-167.399,65.401],[-166.938,65.385],[-166.14,65.286],[-166.357,65.275],[-166.534,65.137],[-166.754,65.116],[-166.962,65.154],[-166.685,64.982],[-166.39,64.899],[-166.483,64.73],[-166.19,64.585],[-165.446,64.512],[-165.036,64.448],[-164.954,64.494],[-164.65,64.502],[-164.389,64.57],[-163.817,64.59],[-163.537,64.565],[-163.135,64.413],[-163.04,64.521],[-163.39,64.597],[-163.243,64.648],[-162.827,64.501],[-162.781,64.344],[-162.643,64.394],[-162.607,64.507],[-162.27,64.619],[-162.081,64.721],[-161.895,64.712],[-161.716,64.795],[-161.422,64.774],[-161.183,64.94],[-160.885,64.81],[-160.803,64.643],[-161.093,64.503],[-161.457,64.521],[-161.429,64.433],[-160.973,64.25],[-160.929,64.048],[-160.767,63.824],[-160.792,63.747],[-161.186,63.506],[-161.441,63.46],[-161.66,63.47],[-162.169,63.431],[-162.038,63.484],[-162.237,63.546],[-162.597,63.277],[-162.806,63.22],[-163.094,63.057],[-163.351,63.031],[-163.767,63.225],[-164.145,63.262],[-164.366,63.229],[-164.595,63.13],[-164.314,63.014],[-164.663,63.032],[-164.883,62.842],[-164.779,62.619],[-164.479,62.746],[-164.868,62.538],[-165.133,62.516],[-165.706,62.117],[-165.739,61.965],[-165.609,61.851],[-166.103,61.821],[-166.003,61.735],[-165.782,61.684],[-166.2,61.595],[-166.106,61.499],[-165.924,61.562],[-165.777,61.516],[-165.921,61.399],[-165.829,61.313],[-165.624,61.28],[-165.622,61.144],[-165.374,61.072],[-165.4,61.196],[-165.313,61.261],[-165.226,61.273],[-165.294,61.334],[-165.086,61.476],[-164.763,61.542],[-165.159,61.419],[-165.225,61.259],[-165.363,61.213],[-165.059,61.063],[-164.999,61.115],[-164.951,61.02],[-165.198,60.978],[-165.129,60.923],[-164.856,60.951],[-164.628,60.932],[-164.564,60.855],[-163.958,60.868],[-163.8,60.978],[-163.579,60.92],[-163.862,60.855],[-163.424,60.765],[-163.464,60.677],[-163.644,60.602],[-163.826,60.607],[-163.807,60.735],[-163.956,60.78],[-164.135,60.664],[-164.271,60.788],[-164.669,60.826],[-164.668,60.922],[-165.031,60.787],[-164.999,60.711],[-165.431,60.553],[-165.222,60.499],[-165.01,60.555],[-165.129,60.432],[-164.989,60.341],[-164.674,60.295],[-164.413,60.092],[-164.115,60.005],[-164.212,59.955],[-164.098,59.834],[-163.615,59.801],[-163.088,59.859],[-162.808,59.943],[-162.752,60.005],[-162.526,59.998],[-162.469,60.205],[-162.608,60.327],[-162.416,60.382],[-162.276,60.613],[-161.911,60.714],[-162.224,60.588],[-162.39,60.329],[-162.317,60.113],[-162.207,60.16],[-162.21,60.025],[-161.714,59.501],[-161.947,59.388],[-162.052,59.27],[-161.896,59.075],[-161.638,59.142],[-161.614,59.081],[-161.799,59.017],[-161.717,58.755],[-161.95,58.675],[-162.176,58.645],[-161.71,58.614],[-161.765,58.559],[-161.364,58.66],[-161.291,58.793],[-161.18,58.783],[-160.889,58.884],[-160.829,58.853],[-160.352,59.071],[-160.246,58.887],[-160.046,58.883],[-159.906,58.765],[-159.795,58.8],[-159.738,58.928],[-159.587,58.907],[-159.385,58.756],[-159.051,58.425],[-158.83,58.405],[-158.77,58.518],[-158.915,58.775],[-158.788,58.77],[-158.729,58.874],[-158.457,59.076],[-158.383,59.039],[-158.566,58.819],[-158.408,58.77],[-158.316,58.647],[-158.154,58.614],[-157.568,58.748],[-157.475,58.8],[-157.084,58.887],[-156.961,58.963],[-157.062,58.726],[-157.503,58.464],[-157.568,58.321],[-157.457,58.221],[-157.606,58.105],[-157.705,57.638],[-157.602,57.624],[-157.595,57.493],[-157.681,57.572],[-157.941,57.497],[-158.099,57.381],[-158.312,57.315],[-158.682,57.022],[-158.64,56.764],[-158.945,56.843],[-159.456,56.629],[-159.746,56.579],[-160.189,56.387],[-160.369,56.277],[-160.58,55.99],[-160.521,55.935],[-160.237,55.838],[-160.268,55.772],[-160.46,55.796],[-160.512,55.87],[-160.785,55.888],[-160.799,55.715],[-161.023,55.891],[-160.86,55.935],[-160.874,55.993],[-161.053,55.941],[-161.368,55.956],[-161.155,56.017],[-161.826,55.88],[-162.227,55.698],[-162.55,55.459],[-162.497,55.374],[-162.653,55.362],[-162.896,55.267],[-162.962,55.169],[-163.025,55.246],[-163.335,55.12],[-163.282,54.99],[-163.321,54.814],[-163.063,54.929],[-163.218,55.045],[-163.198,55.133],[-163.041,55.099],[-162.878,54.939],[-162.783,54.936],[-162.643,55.071],[-162.614,55.166],[-162.705,55.201],[-162.583,55.301],[-162.361,55.105],[-162.517,55.115],[-162.423,55.036],[-162.202,55.04],[-162.231,55.113],[-162.059,55.079],[-161.957,55.126],[-162.046,55.236],[-161.902,55.218],[-161.716,55.393],[-161.708,55.527],[-161.621,55.613],[-161.439,55.639],[-161.159,55.545],[-161.389,55.572],[-161.518,55.383],[-161.279,55.355],[-161.025,55.427],[-160.925,55.519],[-160.783,55.447],[-160.683,55.465],[-160.613,55.606],[-160.549,55.489],[-160.366,55.613],[-160.442,55.647],[-160.134,55.674],[-160.044,55.793],[-159.851,55.795],[-159.83,55.853],[-159.625,55.813],[-159.71,55.668],[-159.617,55.635],[-159.504,55.767],[-159.559,55.88],[-159.401,55.859],[-159.099,55.928],[-158.928,55.921],[-158.859,56.013],[-158.668,55.969],[-158.702,56.106],[-158.491,56.196],[-158.601,56.04],[-158.428,56.007],[-158.503,56.102],[-158.349,56.229],[-158.208,56.284],[-158.51,56.345],[-158.318,56.476],[-158.153,56.513],[-157.877,56.478],[-157.882,56.571],[-158.133,56.53],[-157.913,56.654],[-157.773,56.684],[-157.665,56.611],[-157.455,56.643],[-157.573,56.717],[-157.406,56.764],[-157.42,56.867],[-157.189,56.776],[-156.941,56.915],[-156.809,56.907],[-156.795,57.035],[-156.55,56.983],[-156.645,57.059],[-156.509,57.052],[-156.346,57.178],[-156.447,57.23],[-156.344,57.312],[-156.557,57.306],[-156.168,57.474],[-156.061,57.43],[-156.02,57.577],[-155.95,57.534],[-155.742,57.552],[-155.771,57.645],[-155.612,57.666],[-155.605,57.792],[-155.394,57.726],[-155.326,57.84],[-155.069,57.897],[-155.04,58.017],[-154.789,58.004],[-154.693,58.069],[-154.583,58.025],[-154.443,58.144],[-154.336,58.085],[-154.353,58.255],[-154.19,58.361],[-154,58.386],[-154.082,58.495],[-153.926,58.518],[-153.899,58.617],[-153.691,58.622],[-153.439,58.734],[-153.289,58.844],[-153.332,58.934],[-153.561,58.991],[-153.712,59.071],[-154.022,59.084],[-154.187,59.035],[-154.14,59.282],[-154.027,59.342],[-154.145,59.381],[-153.725,59.466],[-153.792,59.543],[-153.622,59.555],[-153.706,59.632],[-153.473,59.662],[-153.453,59.793],[-153.317,59.639],[-153.055,59.71],[-153.014,59.832],[-153.288,59.82],[-153.23,59.868],[-152.738,59.908],[-152.59,60.092],[-152.891,60.251],[-152.616,60.224],[-152.246,60.396],[-152.34,60.476],[-152.051,60.673],[-151.87,60.759],[-151.711,60.726],[-151.801,60.828],[-151.747,60.917],[-151.567,60.995],[-151.155,61.064],[-151.061,61.163],[-150.731,61.254],[-150.54,61.369],[-150.451,61.253],[-149.984,61.246],[-149.757,61.453],[-149.428,61.513],[-149.32,61.479],[-149.656,61.409],[-149.896,61.232],[-150.067,61.156],[-149.618,60.995],[-149.126,60.884],[-149.824,60.978],[-150.044,60.917],[-150.225,60.937],[-150.335,61.033],[-150.453,61.034],[-151.071,60.785],[-151.417,60.718],[-151.283,60.537],[-151.306,60.387],[-151.39,60.359],[-151.465,60.188],[-151.706,60.042],[-151.883,59.787],[-151.747,59.683],[-151.473,59.636],[-151.109,59.787],[-150.993,59.779],[-151.273,59.56],[-151.468,59.478],[-151.652,59.486],[-151.9,59.399],[-151.986,59.313],[-151.742,59.167],[-151.568,59.176],[-151.418,59.259],[-151.162,59.208],[-151.229,59.316],[-150.966,59.234],[-150.918,59.327],[-150.581,59.482],[-150.479,59.467],[-150.224,59.715],[-150.37,59.469],[-150.088,59.595],[-149.916,59.718],[-149.92,59.779],[-149.746,59.667],[-149.725,59.964],[-149.642,59.885],[-149.389,59.998],[-149.363,60.111],[-149.293,59.888],[-149.193,60.014],[-149.039,60.053],[-149.107,59.969],[-148.875,59.937],[-148.435,59.959],[-148.333,60.17],[-148.165,60.149],[-148.265,60.232],[-148.443,60.184],[-147.942,60.443],[-148.084,60.605],[-148.277,60.495],[-148.197,60.629],[-148.256,60.738],[-148.43,60.629],[-148.375,60.78],[-148.704,60.677],[-148.578,60.782],[-148.333,60.819],[-148.146,61.118],[-148.072,61.024],[-147.713,61.273],[-148.05,60.95],[-147.87,60.838],[-147.611,60.862],[-147.543,61.157],[-147.542,60.913],[-147.45,60.903],[-147.047,61.01],[-146.949,60.95],[-146.586,61.136],[-146.326,61.136],[-146.284,61.081],[-146.648,61.074],[-146.753,60.964],[-146.511,60.819],[-146.223,60.893],[-146.093,60.841],[-146.696,60.745],[-146.438,60.696],[-146.053,60.753],[-146.263,60.654],[-145.914,60.704],[-145.845,60.621],[-145.629,60.679],[-145.772,60.542],[-145.939,60.456],[-145.573,60.451],[-145.389,60.363],[-145.236,60.368],[-144.746,60.677],[-144.887,60.485],[-144.791,60.465],[-144.942,60.307],[-144.784,60.306],[-144.571,60.191],[-144.191,60.187],[-144.253,60.155],[-143.919,59.997],[-143.61,60.049],[-143.196,60.068],[-142.798,60.112],[-141.969,60.028],[-141.733,59.963],[-141.386,60.035],[-141.475,60.126],[-141.378,60.142],[-141.262,60.012],[-141.429,59.872],[-140.617,59.708],[-140.323,59.701],[-139.849,59.819],[-139.585,59.955],[-139.542,60.047],[-139.219,59.871],[-139.28,59.834],[-139.226,59.621],[-139.342,59.72],[-139.305,59.865],[-139.473,59.994],[-139.621,59.89],[-139.473,59.718],[-139.658,59.576],[-139.857,59.546],[-139.463,59.412],[-139.24,59.381],[-139.206,59.32],[-138.654,59.164],[-138.449,59.192],[-138.507,59.125],[-138.288,59.081],[-137.984,58.92],[-137.931,58.803],[-137.671,58.633],[-137.479,58.683],[-137.588,58.6],[-137.131,58.401],[-136.876,58.388],[-136.691,58.23],[-136.561,58.271],[-136.585,58.357],[-136.371,58.3],[-136.027,58.388],[-136.128,58.571],[-136.293,58.669],[-136.457,58.623],[-136.384,58.725],[-136.588,58.848],[-136.995,58.893],[-136.911,58.954],[-137.032,59.067],[-136.633,58.892],[-136.492,58.971],[-136.475,58.837],[-136.21,58.751],[-136.098,58.877],[-136.106,59.015],[-136.014,58.859],[-136.074,58.813],[-135.841,58.528],[-135.909,58.381],[-135.628,58.426],[-135.507,58.381],[-135.468,58.467],[-135.31,58.252],[-135.146,58.217],[-135.057,58.352],[-135.226,58.612],[-135.163,58.635],[-135.377,58.936],[-135.375,59.087],[-135.554,59.23],[-135.32,59.102],[-135.36,59.214],[-135.554,59.32],[-135.414,59.301],[-135.332,59.452],[-135.362,59.271],[-135.23,59.126],[-135.026,58.738],[-134.95,58.82],[-134.921,58.678],[-134.991,58.683],[-134.767,58.4],[-134.498,58.354],[-134.242,58.214],[-134.005,58.409],[-134.068,58.279],[-134.06,58.072],[-133.918,57.986],[-133.669,58.018],[-133.702,57.94],[-133.861,57.957],[-133.686,57.791],[-133.554,57.929],[-133.529,57.751],[-133.165,57.613],[-133.168,57.579],[-133.573,57.716],[-133.648,57.703],[-133.605,57.579],[-133.439,57.569],[-133.5,57.476],[-133.34,57.412],[-133.391,57.335],[-133.162,57.319],[-133.442,57.284],[-133.552,57.181],[-133.29,57.102],[-133.226,57.175],[-133.093,57.086],[-132.768,56.97],[-132.922,56.983],[-132.761,56.846],[-132.537,56.758],[-132.477,56.604],[-132.305,56.64],[-132.35,56.537],[-132.203,56.471],[-132.161,56.38],[-131.971,56.356],[-131.877,56.223],[-131.638,56.206],[-131.963,56.157],[-131.944,56.007],[-132.057,55.945],[-132.059,55.805],[-132.266,55.756],[-132.172,55.589],[-131.961,55.501],[-131.828,55.668],[-131.736,55.887],[-131.414,56.01],[-131.342,55.961],[-131.01,56.113],[-131.196,55.971],[-130.89,55.715],[-130.873,55.342],[-130.67,55.35],[-130.632,55.291],[-130.938,55.287],[-131.058,55.199],[-130.997,55.085],[-130.811,55.147],[-131.009,54.998],[-130.918,54.803],[-130.832,54.765],[-130.734,54.843],[-130.671,54.772],[-130.365,54.907],[-130.078,55.234],[-129.989,55.284],[-130.147,55.547],[-130.174,55.749],[-130.02,55.908],[-130.019,56.002],[-130.117,56.106],[-130.404,56.122],[-130.496,56.232],[-130.646,56.262],[-130.839,56.372],[-131.101,56.408],[-131.586,56.595],[-131.799,56.588],[-131.872,56.793],[-132.107,56.859],[-132.032,57.028],[-132.341,57.08],[-132.231,57.197],[-132.552,57.499],[-132.917,57.88],[-133.075,58.008],[-133.166,58.147],[-133.375,58.291],[-133.392,58.404],[-133.626,58.546],[-133.871,58.736],[-134.222,58.843],[-134.399,58.975],[-134.398,59.052],[-134.706,59.24],[-134.932,59.271],[-135.096,59.419],[-135.016,59.543],[-135.26,59.698],[-135.483,59.792],[-135.924,59.667],[-136.35,59.592],[-136.275,59.486],[-136.468,59.462],[-136.467,59.288],[-136.613,59.154],[-136.841,59.148],[-137.282,58.987],[-137.423,58.908],[-137.611,59.239],[-138.599,59.754],[-138.692,59.887],[-139.004,59.977],[-139.182,60.073],[-139.073,60.3],[-139.102,60.347],[-139.628,60.334],[-140.016,60.187],[-140.424,60.293],[-140.534,60.219],[-141.001,60.321],[-141.002,61.633],[-141.002,62.654],[-141.003,63.382],[-141.003,64.549],[-141.004,65.569],[-141.004,66.59],[-141.005,67.756],[-141.005,68.63],[-141.006,69.651]]],[[[-132.648,54.818],[-132.629,54.904],[-132.794,54.902],[-132.648,54.818]]],[[[-131.244,54.935],[-131.264,54.997],[-131.478,54.945],[-131.331,54.861],[-131.244,54.935]]],[[[-132.826,55.054],[-132.751,54.995],[-132.668,55.051],[-132.823,55.19],[-132.826,55.054]]],[[[-132.703,54.701],[-132.763,54.824],[-132.942,54.948],[-132.956,55.064],[-133.121,55.251],[-133.217,55.099],[-133.133,54.943],[-133.038,54.914],[-132.843,54.694],[-132.703,54.701]]],[[[-131.48,55.006],[-131.346,55.058],[-131.396,55.215],[-131.531,55.274],[-131.625,55.017],[-131.48,55.006]]],[[[-133.291,55.263],[-133.318,55.339],[-133.432,55.314],[-133.422,55.201],[-133.291,55.263]]],[[[-131.818,55.414],[-131.867,55.373],[-131.818,55.198],[-131.743,55.143],[-131.636,55.299],[-131.818,55.414]]],[[[-133.45,55.407],[-133.581,55.426],[-133.664,55.31],[-133.607,55.236],[-133.45,55.407]]],[[[-133.347,55.448],[-133.324,55.557],[-133.433,55.528],[-133.347,55.448]]],[[[-133.604,55.489],[-133.703,55.558],[-133.779,55.45],[-133.604,55.489]]],[[[-133.306,55.797],[-133.615,55.833],[-133.663,55.761],[-133.487,55.707],[-133.306,55.797]]],[[[-133.285,55.907],[-133.34,55.846],[-133.251,55.776],[-133.285,55.907]]],[[[-155.652,55.887],[-155.719,55.775],[-155.597,55.76],[-155.556,55.915],[-155.652,55.887]]],[[[-134.179,55.915],[-134.347,55.911],[-134.258,55.818],[-134.179,55.915]]],[[[-130.962,55.585],[-130.938,55.652],[-131.18,55.924],[-131.28,55.965],[-131.579,55.907],[-131.47,55.832],[-131.671,55.84],[-131.709,55.74],[-131.517,55.729],[-131.687,55.684],[-131.651,55.55],[-131.82,55.464],[-131.552,55.297],[-131.342,55.417],[-131.363,55.643],[-131.271,55.447],[-131.404,55.263],[-131.192,55.186],[-130.972,55.385],[-130.962,55.585]]],[[[-133.607,56.079],[-133.795,55.944],[-133.621,55.921],[-133.47,56.017],[-133.3,56.012],[-133.285,56.147],[-133.393,56.16],[-133.607,56.079]]],[[[-132.548,56.304],[-132.681,56.229],[-132.705,56.117],[-132.449,56.065],[-132.429,55.969],[-132.303,55.915],[-132.129,55.97],[-132.202,56.092],[-132.092,56.106],[-132.39,56.236],[-132.4,56.35],[-132.548,56.304]]],[[[-131.977,54.832],[-132.045,54.887],[-131.963,55.03],[-132.092,54.976],[-132.223,54.989],[-132.077,55.049],[-131.969,55.205],[-131.994,55.268],[-132.114,55.201],[-132.236,55.245],[-132.091,55.277],[-132.401,55.517],[-132.66,55.476],[-132.515,55.547],[-132.25,55.503],[-132.347,55.643],[-132.463,55.668],[-132.463,55.777],[-132.736,55.997],[-133.063,56.052],[-133.14,56.119],[-133.024,56.164],[-133.182,56.332],[-133.294,56.314],[-133.615,56.353],[-133.573,56.185],[-133.286,56.167],[-133.218,55.884],[-133.14,55.877],[-133.237,55.745],[-133.306,55.764],[-133.379,55.63],[-133.251,55.585],[-132.97,55.64],[-133.073,55.578],[-133.107,55.462],[-132.872,55.359],[-133.179,55.386],[-133.213,55.279],[-132.799,55.27],[-132.785,55.188],[-132.511,55.113],[-132.593,54.968],[-132.403,55.015],[-132.265,54.845],[-132.36,54.804],[-132.15,54.699],[-132.004,54.694],[-131.977,54.832]]],[[[-132.613,56.401],[-132.703,56.462],[-132.924,56.452],[-133.055,56.345],[-132.869,56.243],[-132.647,56.282],[-132.613,56.401]]],[[[-132.004,56.339],[-132.124,56.343],[-132.362,56.495],[-132.353,56.278],[-132.072,56.119],[-131.928,56.195],[-132.004,56.339]]],[[[-157.061,56.582],[-157.259,56.583],[-157.309,56.531],[-156.992,56.555],[-157.061,56.582]]],[[[-154.425,56.593],[-154.7,56.53],[-154.738,56.398],[-154.488,56.517],[-154.425,56.593]]],[[[-154.083,56.552],[-154.103,56.613],[-154.279,56.598],[-154.334,56.52],[-154.083,56.552]]],[[[-132.96,56.788],[-132.881,56.64],[-132.937,56.518],[-132.792,56.497],[-132.533,56.6],[-132.816,56.797],[-132.96,56.788]]],[[[-133.885,56.49],[-133.858,56.587],[-133.706,56.604],[-133.78,56.686],[-133.717,56.771],[-133.862,56.81],[-133.878,56.709],[-134.013,56.885],[-134.265,56.942],[-134.108,56.846],[-134.306,56.898],[-134.281,56.793],[-134.409,56.843],[-134.358,56.677],[-134.228,56.607],[-134.306,56.565],[-134.032,56.476],[-134.051,56.368],[-134.178,56.441],[-134.282,56.363],[-134.211,56.063],[-134.142,56.044],[-134.033,56.307],[-134.037,56.123],[-133.949,56.092],[-133.896,56.22],[-133.973,56.361],[-133.845,56.434],[-133.885,56.49]]],[[[-133.913,57.083],[-134.018,57.018],[-133.839,56.92],[-133.741,56.809],[-133.679,56.854],[-133.696,56.659],[-133.659,56.464],[-133.148,56.462],[-133.079,56.53],[-133.224,56.647],[-133.351,56.832],[-132.999,56.606],[-132.934,56.642],[-132.991,56.808],[-132.98,56.935],[-133.109,56.999],[-133.388,56.997],[-133.583,57.05],[-133.913,57.083]]],[[[-152.908,57.165],[-153.26,57.206],[-153.412,57.079],[-153.343,57.004],[-152.908,57.165]]],[[[-135.602,57.172],[-135.554,57.23],[-135.725,57.329],[-135.844,57.325],[-135.855,57.223],[-135.711,57.168],[-135.841,56.99],[-135.628,57.01],[-135.546,57.141],[-135.602,57.172]]],[[[-134.621,56.744],[-134.728,57.018],[-134.833,57.141],[-134.909,57.332],[-135.142,57.469],[-135.295,57.482],[-135.381,57.554],[-135.519,57.507],[-135.586,57.393],[-135.675,57.359],[-135.529,57.237],[-135.334,57.25],[-135.375,57.093],[-135.165,57.042],[-135.375,56.942],[-135.368,56.829],[-135.269,56.789],[-135.122,56.832],[-135.188,56.677],[-135.067,56.606],[-134.963,56.721],[-134.947,56.587],[-135.053,56.538],[-134.882,56.33],[-134.656,56.175],[-134.626,56.261],[-134.621,56.744]]],[[[-153.302,57.833],[-153.327,57.927],[-153.482,57.978],[-153.542,57.936],[-153.302,57.833]]],[[[-152.161,57.627],[-152.426,57.614],[-152.459,57.768],[-152.357,57.799],[-152.486,57.911],[-152.608,57.935],[-152.742,57.827],[-153.284,58.01],[-153.075,57.837],[-153.24,57.902],[-153.211,57.786],[-153.476,57.839],[-153.422,57.767],[-153.547,57.699],[-153.565,57.822],[-153.665,57.895],[-153.925,57.81],[-153.811,57.412],[-153.891,57.408],[-154.001,57.63],[-154.22,57.676],[-154.515,57.579],[-154.727,57.429],[-154.783,57.273],[-154.626,57.27],[-154.535,57.175],[-154.529,56.992],[-154.238,56.9],[-154.158,56.969],[-154.121,57.124],[-154.384,57.052],[-154.495,57.114],[-154.361,57.148],[-153.96,57.12],[-154.138,57.004],[-154.1,56.965],[-153.806,57.154],[-153.973,56.963],[-153.834,56.972],[-154.064,56.847],[-154.123,56.741],[-153.963,56.748],[-153.739,56.889],[-153.672,57.01],[-153.498,57.074],[-153.253,57.237],[-152.959,57.257],[-153.144,57.319],[-152.882,57.352],[-152.837,57.271],[-152.663,57.3],[-152.634,57.406],[-152.973,57.518],[-152.743,57.509],[-152.486,57.429],[-152.339,57.433],[-152.161,57.627]]],[[[-136.39,57.964],[-136.475,58.098],[-136.561,58.018],[-136.451,57.847],[-136.39,57.964]]],[[[-153.418,58.066],[-153.027,57.989],[-152.891,57.998],[-153.295,58.146],[-153.418,58.066]]],[[[-135.848,57.394],[-135.707,57.367],[-135.556,57.454],[-135.57,57.572],[-135.711,57.648],[-135.768,57.76],[-135.057,57.467],[-134.82,57.486],[-134.914,57.756],[-135.214,57.707],[-135.364,57.726],[-135.372,57.805],[-135.792,57.934],[-135.846,57.992],[-135.259,57.796],[-134.93,57.813],[-134.925,58.027],[-135.389,58.141],[-135.662,57.97],[-135.485,58.162],[-135.814,58.274],[-135.982,58.168],[-136.137,58.223],[-136.16,58.09],[-136.263,58.217],[-136.356,58.22],[-136.273,58.107],[-136.431,58.107],[-136.059,57.85],[-136.312,57.996],[-136.417,57.835],[-136.088,57.689],[-136.143,57.645],[-135.95,57.621],[-136.039,57.577],[-135.837,57.489],[-136.012,57.518],[-135.848,57.394]]],[[[-134.597,58.237],[-134.258,58.196],[-134.482,58.333],[-134.675,58.292],[-134.597,58.237]]],[[[-134.354,57.093],[-134.073,57.278],[-134.176,57.388],[-133.939,57.309],[-133.893,57.435],[-134.066,57.461],[-133.892,57.49],[-133.938,57.619],[-134.209,57.84],[-134.289,57.837],[-134.319,58.031],[-134.23,58.063],[-133.963,57.692],[-133.86,57.658],[-133.888,57.798],[-134.204,58.127],[-134.445,58.177],[-134.693,58.168],[-134.809,58.331],[-134.971,58.386],[-134.916,58.21],[-134.798,58.113],[-134.654,57.598],[-134.464,57.394],[-134.457,57.312],[-134.621,57.23],[-134.615,57.01],[-134.354,57.093]]],[[[-151.966,58.333],[-152.068,58.278],[-152.117,58.401],[-152.191,58.354],[-152.349,58.421],[-152.38,58.354],[-152.651,58.484],[-152.867,58.394],[-152.752,58.273],[-153.042,58.306],[-153.11,58.271],[-152.905,58.176],[-153.188,58.22],[-153.167,58.111],[-152.805,57.992],[-152.644,58.072],[-152.555,58.21],[-152.548,58.086],[-152.337,58.111],[-152.316,58.249],[-152.117,58.148],[-151.972,58.237],[-151.966,58.333]]],[[[-152.644,58.518],[-152.483,58.481],[-152.363,58.552],[-152.37,58.638],[-152.664,58.546],[-152.644,58.518]]],[[[-160.948,58.738],[-161.062,58.701],[-161.074,58.547],[-160.898,58.57],[-160.686,58.811],[-160.948,58.738]]],[[[-144.342,59.985],[-144.555,59.827],[-144.209,60.012],[-144.342,59.985]]],[[[-147.964,60.074],[-147.966,60.157],[-148.133,60.031],[-147.964,60.074]]],[[[-148.159,60.043],[-148.041,60.187],[-148.271,60.103],[-148.159,60.043]]],[[[-147.107,60.286],[-147.011,60.348],[-147.19,60.362],[-147.201,60.242],[-147.703,59.998],[-147.915,59.793],[-147.468,59.877],[-147.49,59.939],[-147.234,60.133],[-146.922,60.313],[-147.107,60.286]]],[[[-146.189,60.402],[-146.367,60.41],[-146.353,60.471],[-146.634,60.465],[-146.723,60.386],[-146.49,60.361],[-146.682,60.286],[-146.6,60.245],[-146.189,60.402]]],[[[-147.771,60.41],[-147.758,60.341],[-147.909,60.238],[-147.739,60.26],[-147.625,60.39],[-147.645,60.483],[-147.771,60.41]]],[[[-151.87,60.485],[-151.953,60.508],[-152.039,60.35],[-151.87,60.485]]],[[[-145.757,60.629],[-145.949,60.567],[-146.286,60.517],[-146.294,60.455],[-146.097,60.48],[-145.764,60.587],[-145.757,60.629]]],[[[-148.087,60.8],[-147.929,60.806],[-148.032,60.93],[-148.087,60.8]]],[[[-162.341,63.602],[-162.666,63.617],[-162.615,63.549],[-162.341,63.602]]],[[[-80.321,25.248],[-80.252,25.344],[-80.363,25.292],[-80.357,25.227],[-80.579,24.95],[-80.361,25.159],[-80.321,25.248]]],[[[-82.137,26.585],[-82.082,26.492],[-82.114,26.654],[-82.137,26.585]]],[[[-97.198,26.276],[-97.343,26.757],[-97.376,26.932],[-97.384,27.188],[-97.405,27.125],[-97.398,26.831],[-97.26,26.468],[-97.188,26.149],[-97.198,26.276]]],[[[-97.075,27.815],[-97.257,27.593],[-97.37,27.348],[-97.352,27.235],[-97.32,27.358],[-97.178,27.653],[-97.075,27.815]]],[[[-80.389,27.719],[-80.307,27.462],[-80.167,27.197],[-80.389,27.719]]],[[[-96.88,28.13],[-96.973,28.01],[-97.015,27.891],[-96.85,28.071],[-96.88,28.13]]],[[[-96.428,28.393],[-96.71,28.213],[-96.808,28.188],[-96.833,28.089],[-96.522,28.29],[-96.417,28.329],[-96.428,28.393]]],[[[-80.677,28.579],[-80.74,28.517],[-80.665,28.253],[-80.658,28.437],[-80.612,28.569],[-80.677,28.579]]],[[[-94.814,29.353],[-95.117,29.089],[-94.724,29.333],[-94.814,29.353]]],[[[-91.802,29.49],[-91.72,29.582],[-91.929,29.647],[-92.02,29.569],[-91.802,29.49]]],[[[-85.142,29.641],[-85.086,29.686],[-85.213,29.689],[-85.142,29.641]]],[[[-88.071,30.25],[-88.109,30.276],[-88.311,30.237],[-88.071,30.25]]],[[[-86.694,30.408],[-87.023,30.375],[-87.241,30.326],[-86.562,30.401],[-86.694,30.408]]],[[[-81.479,30.806],[-81.451,30.754],[-81.419,30.925],[-81.482,30.904],[-81.479,30.806]]],[[[-118.359,32.828],[-118.607,33.031],[-118.499,32.851],[-118.359,32.828]]],[[[-118.516,33.423],[-118.464,33.324],[-118.326,33.299],[-118.369,33.408],[-118.536,33.477],[-118.516,33.423]]],[[[-120.044,34.037],[-120.249,34.001],[-120.11,33.893],[-120,33.941],[-120.044,34.037]]],[[[-119.529,34.025],[-119.633,34.014],[-119.917,34.079],[-119.851,33.967],[-119.72,33.959],[-119.529,34.025]]],[[[-75.476,35.695],[-75.469,35.565],[-75.516,35.291],[-75.736,35.188],[-75.516,35.26],[-75.452,35.583],[-75.476,35.695]]],[[[-75.153,38.207],[-75.339,37.916],[-75.19,38.09],[-75.153,38.207]]],[[[-73.256,40.639],[-73.339,40.645],[-73.574,40.575],[-73.256,40.639]]],[[[-74.126,40.633],[-74.192,40.628],[-74.243,40.499],[-74.054,40.603],[-74.126,40.633]]],[[[-71.919,41.065],[-72.109,41.001],[-72.332,41.031],[-72.457,40.91],[-72.625,40.908],[-72.391,41.031],[-72.343,41.141],[-72.606,40.99],[-72.781,40.965],[-73.099,40.97],[-73.225,40.908],[-73.486,40.946],[-73.72,40.866],[-73.779,40.792],[-73.909,40.789],[-74.036,40.639],[-73.988,40.569],[-73.813,40.584],[-73.372,40.662],[-73.233,40.715],[-72.879,40.746],[-72.407,40.862],[-71.857,41.072],[-71.919,41.065]]],[[[-70.054,41.393],[-70.082,41.293],[-70.278,41.308],[-70.138,41.247],[-69.958,41.276],[-70.054,41.393]]],[[[-70.576,41.428],[-70.66,41.457],[-70.782,41.354],[-70.507,41.363],[-70.576,41.428]]],[[[-71.286,41.582],[-71.234,41.489],[-71.221,41.661],[-71.286,41.582]]],[[[-122.435,47.426],[-122.471,47.496],[-122.531,47.357],[-122.367,47.384],[-122.435,47.426]]],[[[-122.497,47.607],[-122.511,47.696],[-122.558,47.714],[-122.578,47.602],[-122.497,47.607]]],[[[-122.359,47.977],[-122.514,48.091],[-122.547,48.017],[-122.596,48.205],[-122.724,48.234],[-122.594,48.308],[-122.518,48.294],[-122.596,48.402],[-122.751,48.25],[-122.623,48.163],[-122.562,47.987],[-122.382,47.908],[-122.359,47.977]]],[[[-123.02,48.499],[-122.978,48.531],[-123.129,48.62],[-123.154,48.513],[-123.02,48.499]]],[[[-122.746,48.664],[-122.929,48.708],[-123.026,48.636],[-122.933,48.593],[-122.746,48.664]]],[[[-176.265,51.81],[-176.423,51.851],[-176.341,51.726],[-176.265,51.81]]],[[[-176.011,51.83],[-176.174,51.885],[-176.219,51.824],[-176.011,51.83]]],[[[-177.8,51.796],[-177.622,51.857],[-177.841,51.837],[-177.952,51.925],[-178.214,51.876],[-177.955,51.764],[-178.101,51.665],[-177.958,51.637],[-177.81,51.695],[-177.8,51.796]]],[[[-177.122,51.933],[-177.194,51.93],[-177.292,51.783],[-177.705,51.706],[-177.385,51.726],[-177.157,51.7],[-177.137,51.823],[-177.047,51.892],[-177.122,51.933]]],[[[-176.437,51.788],[-176.641,51.857],[-176.546,51.98],[-176.782,51.936],[-176.727,51.782],[-176.905,51.808],[-176.917,51.602],[-176.827,51.72],[-176.8,51.611],[-176.71,51.686],[-176.588,51.686],[-176.437,51.788]]],[[[-176.139,51.994],[-175.975,52.022],[-176.069,52.108],[-176.193,52.06],[-176.139,51.994]]],[[[-173.123,52.108],[-173.353,52.09],[-173.531,52.145],[-174.059,52.125],[-173.836,52.043],[-173.484,52.025],[-173.123,52.108]]],[[[-172.407,52.385],[-172.558,52.351],[-172.633,52.261],[-172.529,52.25],[-172.311,52.316],[-172.407,52.385]]],[[[-174.052,52.241],[-173.992,52.313],[-174.19,52.418],[-174.436,52.323],[-174.228,52.268],[-174.339,52.186],[-174.559,52.179],[-174.602,52.105],[-174.786,52.077],[-174.907,52.115],[-175.02,52.031],[-175.161,52.049],[-175.324,52.008],[-175.035,52.004],[-174.888,52.043],[-174.398,52.053],[-174.43,52.11],[-174.099,52.113],[-174.203,52.213],[-174.052,52.241]]],[[[-170.605,52.687],[-170.744,52.679],[-170.847,52.584],[-170.798,52.54],[-170.598,52.611],[-170.605,52.687]]],[[[-169.687,52.872],[-169.85,52.883],[-170.012,52.838],[-169.738,52.778],[-169.687,52.872]]],[[[-167.857,53.393],[-167.807,53.52],[-168.008,53.57],[-168.2,53.54],[-168.374,53.46],[-168.433,53.248],[-168.606,53.275],[-168.76,53.187],[-168.772,53.067],[-168.891,52.94],[-169.04,52.854],[-168.584,53.03],[-168.49,53.042],[-168.288,53.243],[-168.138,53.273],[-167.857,53.393]]],[[[-166.137,53.838],[-166.291,53.749],[-166.172,53.748],[-166.137,53.838]]],[[[-166.294,53.728],[-166.346,53.783],[-166.575,53.714],[-166.346,53.883],[-166.225,53.905],[-166.37,54.008],[-166.459,53.886],[-166.61,53.831],[-166.606,53.986],[-166.754,54.016],[-167.022,53.961],[-167.163,53.857],[-167.038,53.755],[-166.725,53.714],[-167.065,53.683],[-166.994,53.618],[-167.155,53.623],[-167.159,53.477],[-167.322,53.416],[-167.475,53.434],[-167.487,53.378],[-167.718,53.381],[-167.85,53.31],[-167.508,53.26],[-167.459,53.324],[-166.877,53.482],[-166.752,53.451],[-166.809,53.557],[-166.671,53.488],[-166.562,53.618],[-166.274,53.687],[-166.294,53.728]]],[[[-165.739,54.125],[-165.971,54.219],[-166.123,54.118],[-166.041,54.036],[-165.887,54.036],[-165.739,54.125]]],[[[-165.486,54.174],[-165.494,54.296],[-165.684,54.235],[-165.589,54.111],[-165.486,54.174]]],[[[-159.524,55.071],[-159.551,55.142],[-159.659,55.065],[-159.524,55.071]]],[[[-159.901,55.14],[-159.922,55.222],[-160.065,55.201],[-160.004,55.12],[-160.195,55.122],[-160.093,55.051],[-160.24,54.927],[-159.946,55.07],[-159.901,55.14]]],[[[-154.9,19.567],[-155.019,19.746],[-155.085,19.727],[-155.087,19.86],[-155.168,19.947],[-155.332,20.047],[-155.586,20.123],[-155.738,20.244],[-155.867,20.263],[-155.883,20.105],[-155.824,20.02],[-155.926,19.869],[-156.06,19.731],[-155.982,19.608],[-155.886,19.334],[-155.92,19.139],[-155.878,19.029],[-155.675,18.906],[-155.503,19.138],[-155.291,19.26],[-155.203,19.256],[-154.982,19.339],[-154.817,19.48],[-154.9,19.567]]],[[[-156.562,20.598],[-156.701,20.525],[-156.545,20.513],[-156.562,20.598]]],[[[-156.848,20.877],[-156.893,20.914],[-157.055,20.911],[-156.962,20.732],[-156.831,20.764],[-156.848,20.877]]],[[[-156.002,20.8],[-156.119,20.836],[-156.298,20.953],[-156.482,20.904],[-156.542,21.003],[-156.666,21.003],[-156.696,20.916],[-156.62,20.807],[-156.464,20.781],[-156.408,20.587],[-156.303,20.581],[-156.003,20.686],[-156.002,20.8]]],[[[-156.749,21.171],[-156.897,21.165],[-157.26,21.222],[-157.273,21.087],[-157.072,21.099],[-156.87,21.053],[-156.756,21.096],[-156.749,21.171]]],[[[-157.707,21.352],[-157.842,21.461],[-157.836,21.534],[-157.962,21.705],[-158.014,21.701],[-158.121,21.586],[-158.279,21.575],[-158.094,21.294],[-157.999,21.311],[-157.795,21.255],[-157.647,21.306],[-157.707,21.352]]],[[[-160.114,22],[-160.234,21.874],[-160.235,21.793],[-160.085,21.894],[-160.06,22.001],[-160.114,22]]],[[[-159.301,22.151],[-159.4,22.235],[-159.548,22.231],[-159.717,22.158],[-159.787,22.066],[-159.76,21.979],[-159.605,21.892],[-159.437,21.869],[-159.334,21.958],[-159.301,22.151]]],[[[179.4,51.408],[179.28,51.399],[178.887,51.621],[178.636,51.637],[178.941,51.55],[179.255,51.35],[179.4,51.408]]],[[[179.781,51.967],[179.637,52.035],[179.486,51.974],[179.642,51.874],[179.781,51.967]]],[[[177.643,52.125],[177.516,52.001],[177.224,51.892],[177.317,51.829],[177.366,51.912],[177.554,51.968],[177.69,52.09],[177.643,52.125]]],[[[173.791,52.502],[173.619,52.499],[173.402,52.397],[173.743,52.361],[173.713,52.451],[173.791,52.502]]],[[[173.377,52.83],[173.323,52.916],[173.127,52.995],[172.969,52.974],[172.66,53.009],[172.476,52.927],[172.64,52.928],[172.64,52.869],[172.811,52.888],[172.763,52.796],[172.944,52.75],[173.089,52.83],[173.377,52.83]]],[[[-164.973,54.125],[-165.226,54.091],[-164.965,54.077],[-164.973,54.125]]],[[[-162.587,54.441],[-162.827,54.502],[-162.796,54.423],[-162.633,54.372],[-162.587,54.441]]],[[[-162.375,54.954],[-162.436,54.928],[-162.309,54.837],[-162.229,54.921],[-162.375,54.954]]],[[[-163.074,54.688],[-163.144,54.77],[-163.373,54.793],[-163.423,54.912],[-163.572,55.057],[-163.917,55.036],[-164.157,54.957],[-164.225,54.895],[-164.4,54.928],[-164.547,54.883],[-164.701,54.678],[-164.958,54.585],[-164.845,54.423],[-164.653,54.392],[-164.406,54.436],[-164.33,54.535],[-164.133,54.623],[-163.79,54.638],[-163.623,54.612],[-163.431,54.68],[-163.369,54.765],[-163.238,54.683],[-163.074,54.688]]],[[[-161.731,55.161],[-161.906,55.135],[-161.751,55.058],[-161.641,55.12],[-161.731,55.161]]],[[[-160.325,55.359],[-160.531,55.325],[-160.336,55.249],[-160.325,55.359]]],[[[-160.497,55.195],[-160.582,55.286],[-160.536,55.364],[-160.703,55.318],[-160.696,55.407],[-160.854,55.332],[-160.819,55.12],[-160.683,55.211],[-160.538,55.133],[-160.497,55.195]]],[[[-169.581,56.61],[-169.789,56.62],[-169.587,56.541],[-169.581,56.61]]],[[[-170.242,57.216],[-170.396,57.202],[-170.255,57.141],[-170.242,57.216]]],[[[-165.582,59.951],[-165.726,60.066],[-165.684,60.3],[-165.788,60.341],[-166.076,60.334],[-166.131,60.431],[-166.38,60.349],[-166.792,60.292],[-166.874,60.211],[-167.288,60.239],[-167.436,60.195],[-167.19,60.028],[-166.613,59.856],[-166.406,59.855],[-166.199,59.762],[-166.157,59.827],[-165.582,59.951]]],[[[-172.297,60.351],[-172.534,60.392],[-172.907,60.528],[-172.925,60.607],[-173.038,60.506],[-172.572,60.327],[-172.297,60.351]]],[[[-168.741,63.281],[-168.715,63.312],[-169.55,63.363],[-169.597,63.424],[-170.085,63.486],[-170.082,63.615],[-170.297,63.696],[-170.646,63.685],[-170.937,63.572],[-171.616,63.694],[-171.739,63.791],[-171.853,63.521],[-171.736,63.376],[-171.439,63.32],[-171.084,63.445],[-170.856,63.46],[-170.235,63.284],[-170.16,63.185],[-169.867,63.144],[-169.715,63.061],[-169.756,62.966],[-169.543,62.994],[-169.526,63.091],[-169.287,63.193],[-168.812,63.17],[-168.741,63.281]]],[[[-68.642,44.26],[-68.725,44.219],[-68.623,44.171],[-68.642,44.26]]],[[[-68.245,44.425],[-68.376,44.404],[-68.435,44.3],[-68.326,44.226],[-68.199,44.309],[-68.245,44.425]]],[[[-81.251,31.505],[-81.262,31.388],[-81.175,31.521],[-81.251,31.505]]],[[[-75.904,37.129],[-75.816,37.186],[-75.883,37.219],[-75.904,37.129]]]]},"properties":{"NAME":"United States of America","ADMIN":"United States of America","ISO_A2":"US","ISO_A3":"USA","CONTINENT":"North America","SUBREGION":"Northern America","POP_EST":328239523,"GDP_MD":21433226,"LABEL_X":-97.482602,"LABEL_Y":39.538479,"ID":"USA"}},{"type":"Feature","geometry":{"type":"MultiPolygon","coordinates":[[[[-122.753,48.993],[-121.554,48.993],[-120.675,48.993],[-119.356,48.993],[-118.257,48.993],[-117.378,48.993],[-116.499,48.993],[-115.619,48.993],[-114.52,48.993],[-113.641,48.993],[-112.322,48.993],[-111.443,48.993],[-110.564,48.993],[-109.465,48.993],[-108.146,48.993],[-107.267,48.993],[-105.948,48.993],[-105.058,48.993],[-104.189,48.993],[-102.87,48.993],[-101.991,48.993],[-100.672,48.993],[-99.793,48.993],[-98.474,48.993],[-96.716,48.993],[-95.177,48.993],[-95.161,49.369],[-94.983,49.356],[-94.827,49.293],[-94.811,49.167],[-94.711,48.915],[-94.711,48.808],[-94.593,48.726],[-94.312,48.714],[-94.232,48.652],[-93.875,48.636],[-93.757,48.517],[-93.492,48.542],[-93.451,48.597],[-93.258,48.63],[-92.98,48.618],[-92.649,48.536],[-92.704,48.445],[-92.527,48.446],[-92.385,48.232],[-92.303,48.311],[-92.043,48.335],[-91.957,48.228],[-91.765,48.187],[-91.693,48.098],[-91.428,48.036],[-91.276,48.065],[-90.923,48.227],[-90.841,48.22],[-90.786,48.1],[-90.532,48.085],[-90.179,48.116],[-90.073,48.101],[-89.98,48.01],[-89.34,47.984],[-88.643,48.257],[-88.347,48.299],[-87.409,47.93],[-86.637,47.624],[-85.509,47.163],[-84.879,46.898],[-84.773,46.633],[-84.589,46.475],[-84.423,46.512],[-84.11,46.526],[-84.159,46.433],[-84.087,46.201],[-83.965,46.063],[-83.839,46.119],[-83.614,46.116],[-83.466,45.993],[-83.637,45.774],[-83.484,45.772],[-82.589,45.372],[-82.532,45.294],[-82.292,44.242],[-82.148,43.611],[-82.154,43.55],[-82.411,43.051],[-82.511,42.647],[-82.8,42.418],[-83.04,42.332],[-83.129,42.24],[-83.157,42],[-83.068,41.848],[-82.711,41.68],[-82.425,41.677],[-81.277,42.209],[-80.247,42.365],[-79.019,42.803],[-78.915,42.948],[-79.032,43.013],[-79.054,43.26],[-79.174,43.465],[-78.688,43.632],[-77.534,43.628],[-76.842,43.626],[-76.797,43.645],[-76.455,44.084],[-76.169,44.242],[-76.067,44.348],[-75.87,44.409],[-75.7,44.582],[-75.27,44.864],[-74.868,45.01],[-74.713,44.999],[-74.526,45.091],[-74.494,45.146],[-74.2,45.272],[-74.153,45.32],[-73.962,45.354],[-74.016,45.45],[-74.33,45.51],[-74.19,45.528],[-74.043,45.484],[-73.91,45.535],[-73.755,45.676],[-73.495,45.728],[-73.29,45.875],[-73.159,46.075],[-73.022,46.11],[-72.994,46.211],[-72.844,46.265],[-72.603,46.301],[-72.462,46.402],[-72.258,46.471],[-72.228,46.553],[-72.055,46.594],[-71.881,46.691],[-71.694,46.674],[-71.354,46.739],[-70.957,47.021],[-70.715,47.118],[-70.598,47.249],[-70.487,47.445],[-70.237,47.496],[-70.2,47.596],[-69.932,47.773],[-69.736,48.123],[-69.925,48.222],[-70.163,48.245],[-70.478,48.356],[-70.744,48.355],[-70.974,48.451],[-70.435,48.363],[-70.369,48.374],[-70.144,48.273],[-69.985,48.278],[-69.798,48.157],[-69.655,48.163],[-69.447,48.296],[-69.289,48.465],[-69.229,48.592],[-69.144,48.601],[-69.07,48.756],[-68.784,48.911],[-68.644,48.918],[-68.595,49.055],[-68.372,49.14],[-68.444,49.062],[-68.181,49.124],[-68.301,49.192],[-68.164,49.206],[-68.055,49.294],[-67.803,49.282],[-67.735,49.315],[-67.376,49.339],[-67.245,49.459],[-67.231,49.612],[-67.131,49.831],[-67.045,49.828],[-66.951,49.986],[-66.746,50.054],[-66.636,50.185],[-66.466,50.143],[-66.543,50.216],[-66.413,50.264],[-66.357,50.201],[-66.088,50.192],[-65.929,50.293],[-65.737,50.257],[-65.258,50.322],[-64.888,50.274],[-64.629,50.284],[-64.47,50.322],[-64.247,50.271],[-63.989,50.307],[-63.722,50.304],[-63.442,50.223],[-63.162,50.261],[-63.177,50.29],[-62.435,50.268],[-61.863,50.23],[-61.718,50.1],[-61.311,50.199],[-60.931,50.203],[-60.836,50.256],[-60.54,50.226],[-60.246,50.235],[-60.153,50.288],[-60.135,50.213],[-59.827,50.328],[-59.803,50.446],[-59.582,50.484],[-59.468,50.592],[-59.098,50.812],[-59.008,50.761],[-58.954,50.829],[-58.964,51.008],[-58.626,51.151],[-58.673,51.227],[-58.454,51.317],[-58.234,51.277],[-57.978,51.33],[-57.686,51.48],[-57.603,51.433],[-57.25,51.508],[-57.19,51.419],[-56.967,51.425],[-56.825,51.49],[-56.669,51.652],[-56.579,51.657],[-56.338,51.782],[-56.211,51.797],[-55.934,51.925],[-55.887,52.007],[-55.685,52.112],[-55.823,52.33],[-56.117,52.399],[-56.169,52.444],[-55.771,52.34],[-55.648,52.443],[-55.829,52.522],[-56.218,52.54],[-55.976,52.614],[-55.802,52.598],[-55.798,52.687],[-55.966,52.687],[-56.162,52.818],[-55.975,52.778],[-55.812,52.83],[-55.835,52.924],[-55.956,53.022],[-55.747,53.146],[-55.864,53.248],[-55.812,53.33],[-56.24,53.536],[-56.036,53.58],[-56.25,53.585],[-56.606,53.679],[-56.427,53.722],[-56.48,53.79],[-56.631,53.742],[-56.983,53.727],[-57.133,53.621],[-57.135,53.55],[-57.377,53.434],[-57.318,53.585],[-57.518,53.626],[-57.124,53.742],[-57.076,53.824],[-57.213,53.879],[-57.158,53.951],[-57.289,54.002],[-57.357,54.139],[-57.466,54.2],[-57.862,54.203],[-58.012,54.24],[-58.375,54.2],[-58.322,54.093],[-58.179,54.139],[-57.875,54.105],[-57.818,54.066],[-58.128,54.098],[-58.853,53.942],[-59.071,53.796],[-59.022,53.714],[-59.33,53.657],[-59.511,53.555],[-59.873,53.488],[-60.029,53.358],[-60.302,53.272],[-60.205,53.355],[-60.382,53.337],[-60.102,53.502],[-60.637,53.704],[-60.934,53.728],[-60.821,53.78],[-60.503,53.708],[-60.136,53.529],[-60.071,53.566],[-60.083,53.764],[-59.823,53.793],[-59.866,53.839],[-59.475,53.828],[-59.217,53.931],[-58.975,53.972],[-58.858,54.05],[-58.604,54.056],[-58.395,54.237],[-58.698,54.124],[-59.303,54.018],[-59.398,54.049],[-58.879,54.147],[-58.727,54.146],[-58.468,54.234],[-58.227,54.263],[-58.186,54.359],[-57.904,54.388],[-57.678,54.377],[-57.453,54.468],[-57.353,54.567],[-57.45,54.649],[-57.668,54.633],[-57.847,54.739],[-58.159,54.742],[-58.204,54.797],[-58.516,54.804],[-58.92,54.855],[-58.892,54.954],[-58.981,55.017],[-59.027,55.162],[-59.386,55.005],[-59.143,55.155],[-59.252,55.216],[-59.398,55.04],[-59.448,55.062],[-59.793,54.876],[-59.792,54.787],[-59.922,54.743],[-59.85,54.875],[-59.43,55.142],[-59.495,55.195],[-59.8,55.113],[-59.92,55.147],[-59.762,55.201],[-59.776,55.332],[-59.996,55.243],[-60.108,55.134],[-60.048,55.274],[-60.14,55.284],[-60.67,55.01],[-60.355,55.259],[-60.537,55.205],[-60.362,55.39],[-60.202,55.421],[-60.254,55.505],[-60.494,55.66],[-60.331,55.76],[-60.49,55.81],[-60.602,55.628],[-60.602,55.82],[-60.749,55.737],[-60.747,55.85],[-61.066,55.85],[-61.139,55.972],[-61.403,55.96],[-61.468,56.03],[-61.348,56.103],[-61.345,56.222],[-61.935,56.217],[-62.078,56.298],[-61.627,56.284],[-61.846,56.387],[-62.081,56.43],[-61.977,56.511],[-61.668,56.503],[-61.724,56.581],[-61.94,56.616],[-62.568,56.796],[-62.545,56.839],[-62.089,56.841],[-62.484,56.776],[-61.869,56.637],[-61.672,56.655],[-61.887,56.702],[-61.894,56.805],[-61.664,56.809],[-61.629,56.894],[-61.502,56.979],[-61.345,56.99],[-61.382,57.121],[-61.784,57.155],[-62.024,57.257],[-61.871,57.293],[-61.817,57.377],[-62.159,57.469],[-62.377,57.429],[-62.244,57.545],[-62.072,57.552],[-61.89,57.625],[-62.007,57.781],[-62.141,57.833],[-62.066,57.899],[-62.141,57.978],[-62.209,57.908],[-62.339,57.984],[-62.656,57.949],[-62.534,58.006],[-62.305,58.031],[-62.524,58.11],[-62.451,58.168],[-62.926,58.133],[-63.138,58],[-63.201,58.069],[-63.079,58.155],[-62.661,58.176],[-62.6,58.255],[-62.833,58.254],[-62.635,58.302],[-62.654,58.415],[-62.579,58.504],[-63.01,58.429],[-63.264,58.47],[-63.593,58.306],[-63.34,58.463],[-63.471,58.49],[-63.176,58.503],[-62.847,58.669],[-62.927,58.823],[-63.092,58.895],[-63.155,58.826],[-63.326,58.861],[-63.162,58.922],[-63.162,59.03],[-63.387,59.102],[-63.536,59.036],[-63.744,59.018],[-63.363,59.188],[-63.393,59.292],[-63.544,59.22],[-63.532,59.348],[-64.066,59.395],[-63.795,59.422],[-63.728,59.509],[-63.864,59.611],[-64.148,59.683],[-64.265,59.765],[-64.193,59.779],[-64.126,59.907],[-64.274,59.964],[-64.148,59.984],[-64.326,60.06],[-64.369,59.927],[-64.463,60.088],[-64.381,60.17],[-64.637,60.293],[-64.381,60.245],[-64.628,60.347],[-64.849,60.366],[-64.957,60.259],[-65.067,59.978],[-65.224,59.841],[-65.418,59.815],[-65.546,59.731],[-65.429,59.532],[-65.186,59.463],[-65.56,59.491],[-65.407,59.417],[-65.372,59.28],[-65.58,59.365],[-65.492,59.258],[-65.743,59.268],[-65.642,59.073],[-65.965,58.891],[-65.802,58.867],[-66.109,58.779],[-65.864,58.598],[-65.985,58.477],[-65.937,58.609],[-66.382,58.854],[-66.554,58.71],[-66.669,58.54],[-66.635,58.491],[-66.947,58.498],[-67.16,58.38],[-67.465,58.285],[-67.662,58.116],[-67.649,58.252],[-67.73,58.333],[-67.675,58.423],[-67.787,58.47],[-67.801,58.299],[-68.121,58.072],[-68.082,58.155],[-67.9,58.256],[-67.89,58.499],[-68.137,58.523],[-68.31,58.121],[-68.469,58.02],[-68.687,57.994],[-69.224,57.862],[-68.97,57.96],[-68.477,58.044],[-68.342,58.144],[-68.191,58.546],[-68.291,58.534],[-68.362,58.784],[-68.787,58.922],[-69.256,58.899],[-69.608,58.76],[-69.796,58.598],[-69.918,58.686],[-69.921,58.779],[-70.041,58.738],[-70.212,58.79],[-69.802,58.826],[-69.839,59.046],[-69.705,58.963],[-69.684,58.805],[-69.565,58.806],[-69.452,58.895],[-69.542,59.128],[-69.45,59.229],[-69.233,59.241],[-69.255,59.325],[-69.445,59.361],[-69.627,59.307],[-69.691,59.561],[-69.521,59.677],[-69.658,59.703],[-69.562,59.865],[-69.724,59.898],[-69.77,59.971],[-70.045,59.951],[-70.227,59.987],[-70.578,59.977],[-70.295,60.025],[-69.773,60.004],[-69.611,60.101],[-69.602,60.225],[-69.77,60.324],[-69.72,60.376],[-69.829,60.526],[-69.658,60.584],[-69.72,60.684],[-69.381,60.8],[-69.537,61.08],[-69.651,61.064],[-69.692,60.959],[-69.939,60.84],[-70.09,60.903],[-70.11,61.06],[-70.325,61.1],[-70.458,61.03],[-70.939,61.074],[-71.213,61.167],[-71.371,61.15],[-71.806,61.348],[-71.583,61.41],[-71.892,61.437],[-71.748,61.479],[-71.804,61.542],[-71.549,61.575],[-71.652,61.65],[-71.957,61.711],[-71.995,61.677],[-72.232,61.881],[-72.605,61.944],[-72.629,62.117],[-72.783,62.109],[-73.062,62.188],[-73.21,62.313],[-73.571,62.395],[-73.671,62.482],[-73.872,62.465],[-73.982,62.377],[-74.278,62.323],[-74.417,62.253],[-74.705,62.253],[-74.77,62.158],[-75.006,62.269],[-75.153,62.232],[-75.328,62.317],[-75.894,62.164],[-75.592,62.267],[-75.967,62.354],[-76.596,62.458],[-76.97,62.543],[-77.043,62.519],[-77.491,62.588],[-78.024,62.392],[-78.155,62.297],[-78.165,62.167],[-78.085,61.888],[-77.94,61.694],[-77.793,61.701],[-77.545,61.485],[-77.785,61.455],[-77.752,61.232],[-77.812,61.088],[-78.166,60.868],[-78.197,60.793],[-77.919,60.835],[-77.895,60.752],[-77.607,60.759],[-77.829,60.643],[-77.547,60.547],[-77.742,60.426],[-77.593,60.321],[-77.56,60.211],[-77.408,60.135],[-77.634,60.066],[-77.236,60.005],[-77.418,59.914],[-77.292,59.8],[-77.535,59.759],[-77.426,59.595],[-77.578,59.695],[-77.799,59.683],[-77.737,59.539],[-77.881,59.485],[-77.819,59.293],[-78.107,59.21],[-78.313,58.984],[-78.545,58.902],[-78.475,58.698],[-78.573,58.675],[-78.372,58.542],[-78.014,58.424],[-78.031,58.388],[-77.601,58.271],[-77.079,57.961],[-76.809,57.676],[-76.806,57.613],[-76.589,57.271],[-76.504,56.784],[-76.545,56.295],[-76.659,56.073],[-77.164,55.709],[-77.113,55.675],[-77.636,55.377],[-77.782,55.274],[-78.156,55.14],[-78.392,55.028],[-78.875,54.908],[-78.967,54.852],[-79.628,54.715],[-79.766,54.653],[-79.594,54.633],[-79.635,54.578],[-79.491,54.463],[-79.505,54.372],[-79.382,54.194],[-79.238,54.162],[-79.046,54.18],[-79.169,54.091],[-78.98,54.019],[-79.074,54.002],[-78.992,53.913],[-79.066,53.598],[-78.957,53.516],[-79.115,53.509],[-78.943,53.382],[-78.902,53.201],[-78.984,53.028],[-78.786,52.982],[-78.902,52.927],[-78.775,52.826],[-78.786,52.659],[-78.586,52.542],[-78.5,52.356],[-78.591,52.106],[-78.747,51.977],[-78.893,51.947],[-78.841,51.842],[-79.039,51.769],[-78.929,51.66],[-78.792,51.611],[-78.794,51.474],[-78.882,51.403],[-78.92,51.233],[-79.007,51.456],[-79.128,51.543],[-79.266,51.528],[-79.245,51.631],[-79.323,51.667],[-79.56,51.556],[-79.519,51.467],[-79.701,51.385],[-79.747,51.196],[-79.67,51.058],[-79.546,50.994],[-79.34,50.792],[-79.569,50.986],[-79.706,51.065],[-79.745,51.124],[-80.108,51.296],[-80.385,51.341],[-80.526,51.289],[-80.69,51.162],[-80.848,51.124],[-80.584,51.315],[-80.43,51.357],[-80.44,51.477],[-80.519,51.535],[-80.595,51.711],[-80.979,52.002],[-81.391,52.128],[-81.512,52.239],[-81.792,52.264],[-81.581,52.316],[-81.564,52.456],[-81.918,52.68],[-81.988,52.798],[-82.301,52.968],[-82.238,53.221],[-82.119,53.277],[-82.219,53.604],[-82.126,53.812],[-82.243,54.065],[-82.431,54.228],[-82.421,54.384],[-82.201,54.834],[-82.253,54.886],[-82.252,55.118],[-82.394,55.084],[-82.458,55.141],[-82.877,55.161],[-83.04,55.239],[-83.185,55.201],[-83.658,55.249],[-83.929,55.327],[-84.079,55.277],[-84.227,55.297],[-84.613,55.245],[-84.946,55.295],[-85.199,55.242],[-85.417,54.999],[-85.389,55.112],[-85.152,55.36],[-85.439,55.428],[-85.696,55.604],[-86.289,55.726],[-86.718,55.869],[-86.98,55.934],[-87.316,55.962],[-87.579,56.046],[-87.98,56.443],[-88.311,56.538],[-88.644,56.693],[-88.879,56.86],[-89.056,56.846],[-89.394,56.928],[-89.827,56.976],[-90.586,57.23],[-91.031,57.265],[-92.223,57.021],[-92.218,57.063],[-92.491,57.038],[-92.705,56.955],[-92.457,57.223],[-92.424,57.354],[-92.757,57.866],[-92.808,58.076],[-92.963,58.26],[-93.128,58.528],[-93.156,58.744],[-93.717,58.792],[-93.882,58.757],[-94.177,58.779],[-94.163,58.683],[-94.245,58.6],[-94.231,58.41],[-94.362,58.223],[-94.287,58.437],[-94.309,58.575],[-94.204,58.697],[-94.204,58.806],[-94.437,58.724],[-94.485,58.82],[-94.65,58.885],[-94.746,58.833],[-94.694,58.983],[-94.807,59.018],[-94.787,59.265],[-94.723,59.342],[-94.822,59.65],[-94.775,59.778],[-94.821,59.948],[-94.703,60.106],[-94.712,60.266],[-94.616,60.392],[-94.739,60.539],[-94.52,60.547],[-94.352,60.858],[-94.242,60.903],[-93.999,61.225],[-94.115,61.328],[-93.834,61.328],[-93.985,61.458],[-93.519,61.683],[-93.246,61.784],[-93.502,61.856],[-93.597,61.954],[-93.337,61.897],[-92.93,62.117],[-93.074,62.178],[-92.781,62.24],[-93.131,62.344],[-92.709,62.276],[-92.597,62.161],[-92.471,62.15],[-92.636,62.26],[-92.718,62.465],[-92.532,62.445],[-92.605,62.622],[-92.459,62.547],[-92.187,62.562],[-91.983,62.532],[-91.968,62.655],[-92.204,62.667],[-92.454,62.794],[-92.333,62.845],[-92.16,62.805],[-92.135,62.877],[-91.442,62.787],[-91.031,62.951],[-90.826,62.938],[-90.644,63.069],[-90.695,63.275],[-90.785,63.398],[-91.017,63.471],[-91.371,63.485],[-91.807,63.716],[-92.467,63.528],[-92.546,63.555],[-92.1,63.699],[-92.412,63.747],[-92.535,63.82],[-92.635,63.784],[-93.217,63.911],[-93.401,63.977],[-93.451,63.932],[-93.217,63.843],[-93.369,63.817],[-93.647,63.881],[-93.766,63.993],[-93.479,64.034],[-93.068,63.932],[-92.786,63.901],[-92.374,63.779],[-91.673,63.722],[-90.975,63.579],[-90.558,63.598],[-90.571,63.671],[-90.259,63.608],[-89.969,63.822],[-90.092,63.953],[-89.813,63.96],[-89.932,64.117],[-89.786,64.25],[-89.743,64.139],[-89.509,63.952],[-89.565,64.076],[-89.25,63.966],[-89.049,63.946],[-89.291,64.137],[-88.996,64.011],[-88.735,63.972],[-87.982,64.192],[-88.051,64.237],[-87.9,64.333],[-87.805,64.52],[-87.6,64.558],[-87.31,64.799],[-86.938,65.142],[-87.047,65.238],[-87.711,65.301],[-87.751,65.268],[-89.04,65.328],[-89.184,65.439],[-89.394,65.501],[-89.491,65.616],[-89.958,65.794],[-90.53,65.882],[-91.07,65.928],[-91.004,65.816],[-91.497,65.947],[-90.401,65.905],[-90.229,65.859],[-90.044,65.892],[-89.837,65.831],[-89.767,65.893],[-90.004,65.947],[-89.688,65.947],[-88.97,65.697],[-88.448,65.643],[-88.831,65.645],[-88.55,65.583],[-88.205,65.405],[-87.927,65.333],[-87.381,65.33],[-87.079,65.402],[-87.104,65.471],[-86.826,65.562],[-86.475,65.734],[-86.412,65.904],[-85.974,66.036],[-85.857,66.163],[-86.344,66.289],[-86.621,66.314],[-86.791,66.429],[-86.62,66.507],[-86.327,66.553],[-86.139,66.501],[-85.783,66.5],[-85.416,66.567],[-85.322,66.48],[-85.268,66.287],[-85.118,66.33],[-84.984,66.254],[-84.382,66.19],[-84.637,66.344],[-84.537,66.405],[-84.371,66.284],[-84.204,66.324],[-83.971,66.204],[-83.691,66.199],[-83.963,66.478],[-84.211,66.595],[-84.145,66.687],[-84.452,66.721],[-84.348,66.759],[-84.617,66.877],[-84.603,66.94],[-84.871,66.946],[-85.128,66.838],[-85.213,66.919],[-85.005,66.968],[-84.371,66.974],[-84.411,66.886],[-84.24,66.831],[-84.269,66.728],[-84.138,66.712],[-83.943,66.827],[-84.014,66.632],[-83.678,66.525],[-83.561,66.349],[-83.369,66.35],[-83.027,66.495],[-83.01,66.551],[-82.633,66.563],[-82.373,66.728],[-82.184,66.769],[-81.955,66.977],[-81.527,66.996],[-81.447,67.066],[-81.238,67.461],[-81.457,67.628],[-82.088,67.9],[-82.169,67.996],[-82.018,68.13],[-82.044,68.217],[-82.175,68.125],[-82.345,68.176],[-82.26,68.263],[-82.507,68.318],[-82.37,68.356],[-82.635,68.411],[-82.47,68.485],[-82.017,68.434],[-81.815,68.53],[-81.63,68.513],[-81.267,68.639],[-81.233,68.774],[-81.365,68.862],[-81.545,68.832],[-81.815,68.914],[-81.482,69.065],[-81.273,69.092],[-81.345,69.195],[-81.753,69.268],[-82.143,69.298],[-82.39,69.408],[-82.282,69.419],[-83.192,69.537],[-82.516,69.494],[-82.616,69.647],[-82.253,69.641],[-83.253,69.709],[-83.754,69.712],[-84.34,69.86],[-84.863,69.862],[-85.056,69.777],[-85.32,69.847],[-85.514,69.77],[-85.544,69.654],[-85.385,69.564],[-85.534,69.463],[-85.501,69.318],[-85.347,69.201],[-84.889,69.079],[-84.528,69.024],[-84.953,69.019],[-84.804,68.933],[-85.001,68.924],[-85.145,68.835],[-84.809,68.814],[-84.788,68.736],[-85.364,68.763],[-85.668,68.727],[-85.734,68.639],[-85.706,68.413],[-85.844,68.324],[-85.805,68.203],[-85.902,68.054],[-86.098,67.984],[-86.529,67.687],[-86.453,67.606],[-86.502,67.379],[-86.779,67.419],[-86.961,67.331],[-86.961,67.255],[-87.228,67.228],[-87.516,67.119],[-87.373,67.242],[-87.484,67.363],[-88.249,67.776],[-88.38,68.03],[-88.283,68.126],[-88.407,68.277],[-88.18,68.359],[-88.17,68.239],[-87.944,68.201],[-87.792,68.331],[-88.023,68.809],[-88.25,68.932],[-88.729,69.084],[-88.942,69.234],[-89.332,69.249],[-89.672,69.045],[-89.747,68.916],[-89.716,68.646],[-89.809,68.713],[-89.945,68.616],[-89.821,68.545],[-90,68.379],[-90.271,68.242],[-90.319,68.379],[-90.604,68.441],[-90.49,68.592],[-90.564,68.799],[-90.441,68.87],[-90.771,69.109],[-91.254,69.299],[-90.94,69.303],[-90.805,69.256],[-90.798,69.366],[-90.437,69.493],[-90.654,69.537],[-91.11,69.513],[-91.219,69.614],[-91.426,69.668],[-91.798,69.49],[-92.103,69.558],[-92.263,69.666],[-92.539,69.715],[-92.868,69.702],[-92.265,69.875],[-91.943,70.024],[-92.112,70.089],[-92.531,70.078],[-92.211,70.183],[-91.995,70.123],[-91.511,70.161],[-91.688,70.228],[-91.744,70.359],[-91.959,70.258],[-92.042,70.421],[-92.416,70.668],[-92.946,70.817],[-92.859,71.15],[-92.991,71.357],[-93.216,71.469],[-93.821,71.655],[-93.721,71.765],[-94.211,71.792],[-94.403,71.665],[-94.492,71.826],[-94.404,71.946],[-94.549,72.002],[-95.225,71.95],[-95.302,71.721],[-95.492,71.723],[-95.944,71.552],[-95.465,71.484],[-95.658,71.291],[-95.986,71.415],[-96.447,71.299],[-96.376,71.103],[-96.616,70.826],[-96.19,70.625],[-96.562,70.315],[-96.486,70.097],[-96.256,69.97],[-96.206,69.866],[-95.976,69.786],[-95.83,69.808],[-95.411,69.686],[-94.875,69.572],[-94.63,69.688],[-94.322,69.453],[-93.93,69.435],[-93.558,69.531],[-93.451,69.474],[-93.588,69.366],[-93.386,69.38],[-93.84,69.169],[-93.882,69.249],[-93.526,69.441],[-93.885,69.345],[-94.238,69.336],[-94.324,69.156],[-94.15,69.065],[-94.403,68.962],[-94.602,68.968],[-94.636,68.756],[-94.413,68.723],[-94.11,68.759],[-94.074,68.886],[-93.909,68.996],[-93.635,68.962],[-93.577,68.862],[-93.752,68.619],[-93.546,68.564],[-93.95,68.476],[-94.203,68.374],[-94.341,68.244],[-94.861,68.031],[-95.095,68.091],[-95.45,68.072],[-95.582,67.9],[-95.545,67.808],[-95.696,67.711],[-95.463,67.639],[-95.325,67.511],[-95.414,67.457],[-95.175,67.29],[-95.344,67.159],[-95.295,66.904],[-96.092,66.927],[-95.864,66.766],[-96.112,66.841],[-96.398,66.995],[-96.298,67.076],[-96.222,66.984],[-95.882,66.947],[-95.602,66.988],[-95.348,66.974],[-95.387,67.161],[-95.522,67.22],[-95.835,67.166],[-95.585,67.301],[-95.735,67.376],[-96.075,67.226],[-96.253,67.248],[-96.068,67.441],[-96.46,67.475],[-96.344,67.689],[-96.197,67.627],[-96.212,67.831],[-96.024,68.116],[-96.082,68.146],[-95.897,68.297],[-96.398,68.171],[-96.802,68.027],[-96.489,68.218],[-96.641,68.189],[-96.69,68.286],[-97.081,68.266],[-97.01,68.35],[-97.26,68.469],[-97.98,68.547],[-98.01,68.499],[-97.748,68.369],[-98.213,68.304],[-98.46,68.365],[-98.718,68.368],[-98.316,68.167],[-98.384,67.999],[-98.049,67.838],[-98.059,67.917],[-97.693,68.023],[-97.327,67.876],[-97.263,67.922],[-97.12,67.779],[-97.275,67.667],[-97.558,67.595],[-98.092,67.76],[-98.241,67.914],[-98.568,68.088],[-98.743,68.06],[-98.727,67.958],[-98.361,67.811],[-98.732,67.754],[-99.227,67.715],[-99.424,67.794],[-100.08,67.817],[-100.413,67.851],[-100.59,67.796],[-100.717,67.847],[-100.957,67.749],[-101.252,67.77],[-101.529,67.68],[-101.798,67.708],[-101.981,67.792],[-102.306,67.723],[-102.451,67.782],[-102.763,67.815],[-102.948,67.927],[-103.364,68.011],[-103.443,68.167],[-103.544,68.071],[-103.879,68.023],[-104.317,68.057],[-104.484,68.034],[-104.676,68.14],[-104.602,68.235],[-104.885,68.229],[-104.894,68.351],[-105.095,68.27],[-105.527,68.41],[-105.409,68.531],[-105.545,68.667],[-105.47,68.722],[-105.751,68.866],[-106.197,68.944],[-106.272,68.907],[-107.753,68.646],[-108.281,68.622],[-108.815,68.274],[-108.732,68.235],[-108.453,68.313],[-108.338,68.155],[-107.641,68.166],[-107.889,68.269],[-107.847,68.333],[-107.547,68.352],[-107.141,68.272],[-107.009,68.371],[-106.787,68.415],[-106.604,68.307],[-106.488,68.407],[-106.522,68.527],[-105.879,68.639],[-105.648,68.639],[-105.779,68.551],[-105.748,68.421],[-105.971,68.428],[-106.122,68.366],[-106.446,68.351],[-106.443,68.153],[-106.6,68.246],[-106.813,68.208],[-106.758,68.105],[-107.147,68.132],[-107.429,68.043],[-107.88,68.093],[-107.919,68.006],[-107.687,67.911],[-107.942,67.854],[-107.99,67.693],[-107.586,67.501],[-107.651,67.4],[-107.527,67.212],[-107.203,67.125],[-107.403,67.041],[-107.135,66.892],[-107.401,66.974],[-107.409,66.817],[-107.697,66.954],[-107.484,66.919],[-107.524,67.02],[-107.759,67.009],[-107.69,66.769],[-107.564,66.595],[-107.202,66.378],[-107.242,66.349],[-107.725,66.632],[-107.832,66.748],[-108.136,66.86],[-108.164,66.965],[-108.527,67.041],[-108.622,67.16],[-108.303,67.04],[-108.139,67.08],[-107.885,67.048],[-107.993,67.282],[-108.324,67.435],[-108.51,67.392],[-108.599,67.625],[-108.738,67.593],[-108.824,67.357],[-109.023,67.488],[-108.929,67.532],[-109.075,67.722],[-109.404,67.742],[-109.539,67.689],[-109.717,67.719],[-109.698,67.81],[-109.952,67.886],[-110.131,68.01],[-110.13,67.927],[-110.343,67.968],[-110.822,67.817],[-111.212,67.762],[-111.167,67.846],[-111.546,67.721],[-111.88,67.764],[-112.328,67.746],[-112.421,67.682],[-113.042,67.674],[-113.316,67.711],[-113.859,67.696],[-114.398,67.742],[-114.789,67.817],[-115.118,67.804],[-115.534,67.934],[-115.112,68.016],[-115.249,68.043],[-115.242,68.187],[-114.896,68.151],[-114.755,68.194],[-114.969,68.283],[-114.337,68.236],[-114.015,68.253],[-113.905,68.4],[-114.111,68.413],[-114.08,68.494],[-114.375,68.607],[-114.523,68.717],[-114.742,68.755],[-115.035,68.875],[-115.588,68.975],[-115.941,69.003],[-115.77,68.94],[-116.16,68.984],[-116.311,68.948],[-115.971,68.809],[-116.962,68.914],[-117.165,68.894],[-117.371,68.951],[-118.041,69.025],[-118.477,69.129],[-118.666,69.225],[-120.279,69.408],[-120.807,69.624],[-121.428,69.767],[-122.036,69.819],[-122.481,69.802],[-122.951,69.839],[-123.157,69.77],[-123.1,69.675],[-123.178,69.496],[-123.443,69.477],[-123.383,69.414],[-123.677,69.361],[-123.998,69.404],[-124.159,69.348],[-124.438,69.37],[-124.429,69.473],[-124.269,69.537],[-124.075,69.729],[-124.48,69.721],[-124.404,69.86],[-124.541,69.97],[-124.39,70.02],[-124.408,70.155],[-124.702,70.151],[-124.417,70.051],[-124.671,70.079],[-125.006,70.02],[-124.639,69.974],[-124.897,69.942],[-125.075,69.798],[-125.24,69.771],[-124.926,69.753],[-124.822,69.715],[-124.937,69.65],[-125.032,69.747],[-125.37,69.695],[-125.416,69.603],[-125.117,69.49],[-125.484,69.514],[-125.624,69.421],[-125.304,69.474],[-125.089,69.454],[-125.161,69.386],[-125.43,69.399],[-125.425,69.318],[-125.939,69.414],[-126.245,69.525],[-126.702,69.767],[-126.867,70.002],[-127.136,70.253],[-127.445,70.406],[-127.992,70.593],[-128.119,70.536],[-128.178,70.38],[-128.032,70.294],[-127.582,70.251],[-128.111,70.189],[-128.37,70.097],[-128.31,69.989],[-128.994,69.679],[-129.159,69.715],[-129.174,69.832],[-128.933,69.845],[-128.886,69.976],[-129.123,69.856],[-130.338,69.702],[-130.457,69.579],[-130.75,69.454],[-130.687,69.418],[-130.955,69.263],[-130.945,69.532],[-131.126,69.375],[-131.317,69.494],[-131.428,69.435],[-131.649,69.473],[-131.88,69.285],[-132.145,69.25],[-132.431,69.143],[-132.874,69.058],[-132.833,68.921],[-132.676,68.849],[-132.55,68.92],[-132.394,68.866],[-132.726,68.791],[-133.205,68.859],[-133.388,68.845],[-133.066,68.694],[-133.451,68.791],[-133.203,69.038],[-132.968,69.063],[-132.827,69.224],[-132.62,69.29],[-132.497,69.16],[-132.387,69.311],[-132.114,69.361],[-131.984,69.537],[-131.503,69.572],[-131.048,69.644],[-130.941,69.566],[-130.527,69.784],[-129.6,69.991],[-129.42,70.134],[-129.633,70.168],[-129.674,70.27],[-129.886,70.086],[-130.338,70.086],[-130.647,70.142],[-131.007,70.036],[-131.188,69.825],[-131.257,69.942],[-131.408,69.961],[-131.84,69.77],[-132.1,69.728],[-132.548,69.743],[-132.53,69.632],[-132.887,69.661],[-133.007,69.487],[-133.216,69.402],[-133.632,69.399],[-133.885,69.301],[-134.263,69.241],[-133.788,69.491],[-134.121,69.544],[-134.32,69.724],[-134.512,69.538],[-134.476,69.444],[-134.806,69.503],[-135.127,69.482],[-135.284,69.415],[-135.176,69.262],[-135.433,69.334],[-135.838,69.309],[-135.954,69.048],[-135.868,68.907],[-135.606,68.911],[-135.368,68.782],[-135.379,68.674],[-136.068,68.885],[-136.501,68.916],[-136.663,68.876],[-136.993,68.948],[-137.191,68.948],[-138.096,69.14],[-138.956,69.407],[-139.144,69.514],[-139.918,69.621],[-140.223,69.599],[-141.006,69.651],[-141.005,68.63],[-141.005,67.756],[-141.004,66.59],[-141.004,65.569],[-141.003,64.549],[-141.003,63.382],[-141.002,62.654],[-141.002,61.633],[-141.001,60.321],[-140.534,60.219],[-140.424,60.293],[-140.016,60.187],[-139.628,60.334],[-139.102,60.347],[-139.073,60.3],[-139.182,60.073],[-139.004,59.977],[-138.692,59.887],[-138.599,59.754],[-137.611,59.239],[-137.423,58.908],[-137.282,58.987],[-136.841,59.148],[-136.613,59.154],[-136.467,59.288],[-136.468,59.462],[-136.275,59.486],[-136.35,59.592],[-135.924,59.667],[-135.483,59.792],[-135.26,59.698],[-135.016,59.543],[-135.096,59.419],[-134.932,59.271],[-134.706,59.24],[-134.398,59.052],[-134.399,58.975],[-134.222,58.843],[-133.871,58.736],[-133.626,58.546],[-133.392,58.404],[-133.375,58.291],[-133.166,58.147],[-133.075,58.008],[-132.917,57.88],[-132.552,57.499],[-132.231,57.197],[-132.341,57.08],[-132.032,57.028],[-132.107,56.859],[-131.872,56.793],[-131.799,56.588],[-131.586,56.595],[-131.101,56.408],[-130.839,56.372],[-130.646,56.262],[-130.496,56.232],[-130.404,56.122],[-130.117,56.106],[-130.019,56.002],[-130.02,55.908],[-130.116,55.78],[-130.1,55.587],[-129.958,55.274],[-130.167,55.085],[-130.064,55.003],[-129.784,55.366],[-129.825,55.619],[-129.694,55.414],[-129.753,55.287],[-130.001,55.022],[-129.825,54.995],[-130.064,54.954],[-130.174,54.845],[-130.202,54.729],[-130.372,54.664],[-130.053,54.337],[-130.383,54.623],[-130.481,54.419],[-130.458,54.349],[-130.272,54.358],[-130.195,54.263],[-130.293,54.237],[-130.05,54.156],[-130.105,53.947],[-129.67,53.618],[-129.335,53.397],[-129.242,53.447],[-129.228,53.633],[-129.002,53.762],[-128.984,53.898],[-128.933,53.776],[-128.622,54.032],[-128.694,53.906],[-128.479,53.837],[-128.678,53.859],[-128.789,53.781],[-128.8,53.608],[-128.516,53.434],[-128.374,53.504],[-128.133,53.484],[-128.106,53.443],[-128.352,53.482],[-128.493,53.381],[-128.813,53.573],[-128.974,53.557],[-128.881,53.448],[-128.875,53.306],[-128.547,53.136],[-128.497,52.895],[-128.433,52.824],[-128.276,52.8],[-128.138,52.927],[-128.126,52.753],[-128.243,52.559],[-128.226,52.461],[-128.392,52.296],[-128.235,52.326],[-128.092,52.513],[-127.878,52.584],[-128.053,52.485],[-128.064,52.406],[-127.861,52.216],[-127.617,52.299],[-127.452,52.412],[-127.286,52.459],[-127.259,52.553],[-126.987,52.711],[-127.076,52.885],[-126.926,52.734],[-126.982,52.645],[-127.228,52.523],[-127.159,52.356],[-127.002,52.339],[-126.785,52.397],[-126.939,52.306],[-126.885,52.195],[-126.751,52.128],[-126.7,52.035],[-127.043,52.31],[-127.186,52.309],[-127.284,52.238],[-127.638,52.084],[-127.685,51.95],[-127.85,51.92],[-127.874,51.673],[-127.728,51.46],[-127.623,51.478],[-127.477,51.675],[-127.35,51.714],[-126.699,51.665],[-127.316,51.656],[-127.521,51.589],[-127.552,51.471],[-127.78,51.331],[-127.221,51.289],[-127.571,51.301],[-127.79,51.233],[-127.777,51.167],[-127.635,51.097],[-127.503,51.12],[-127.531,51.004],[-127.33,50.916],[-127.022,50.822],[-126.922,50.872],[-127.156,50.915],[-126.899,50.907],[-126.846,50.943],[-126.674,50.878],[-126.484,50.965],[-126.223,50.905],[-126.499,50.922],[-126.489,50.817],[-126.184,50.868],[-126.152,50.774],[-126.227,50.693],[-125.743,50.717],[-125.644,50.799],[-125.679,50.87],[-125.512,50.961],[-125.699,50.689],[-126.277,50.626],[-126.16,50.598],[-126.242,50.501],[-125.955,50.476],[-125.836,50.528],[-125.644,50.448],[-125.517,50.651],[-125.577,50.471],[-125.432,50.466],[-125.357,50.543],[-125.208,50.427],[-124.934,50.602],[-124.9,50.735],[-124.986,50.808],[-124.861,50.927],[-124.787,50.885],[-124.909,50.798],[-124.824,50.735],[-124.87,50.583],[-125.057,50.477],[-125.082,50.325],[-124.967,50.412],[-124.941,50.326],[-124.83,50.318],[-124.672,50.431],[-124.425,50.466],[-124.713,50.331],[-124.605,50.233],[-124.705,50.103],[-124.685,49.986],[-124.82,50.071],[-124.732,49.954],[-124.404,49.767],[-124.082,49.808],[-124.037,49.925],[-124.009,49.821],[-123.911,49.87],[-123.989,49.934],[-123.936,50.007],[-123.882,49.847],[-123.934,49.783],[-123.76,49.61],[-123.939,49.744],[-124.061,49.631],[-123.964,49.521],[-123.555,49.39],[-123.489,49.515],[-123.249,49.598],[-123.27,49.335],[-123.021,49.307],[-123.247,49.275],[-123.143,49.207],[-123.212,49.13],[-123.123,49.116],[-123.091,48.993],[-123.035,48.992],[-122.951,49.083],[-122.753,48.993]]],[[[-67.176,45.179],[-67.04,45.076],[-66.943,45.19],[-66.848,45.128],[-66.889,45.061],[-66.66,45.085],[-66.491,45.156],[-66.429,45.084],[-66.249,45.185],[-66.202,45.159],[-66.06,45.258],[-66.197,45.334],[-66.002,45.399],[-66.136,45.313],[-65.909,45.21],[-65.545,45.33],[-65.315,45.459],[-64.994,45.559],[-64.883,45.634],[-64.756,45.628],[-64.572,45.861],[-64.481,45.728],[-64.322,45.878],[-64.306,45.827],[-64.649,45.559],[-64.902,45.43],[-64.929,45.326],[-64.697,45.326],[-64.576,45.416],[-64.388,45.367],[-64.312,45.402],[-63.593,45.395],[-63.36,45.361],[-63.801,45.311],[-64.115,45.216],[-64.199,45.149],[-64.152,45.05],[-64.306,45.149],[-64.368,45.108],[-64.349,45.319],[-64.511,45.229],[-64.863,45.14],[-65.232,44.955],[-65.723,44.727],[-65.742,44.668],[-65.537,44.737],[-65.749,44.607],[-65.786,44.696],[-65.999,44.58],[-66.187,44.395],[-65.943,44.583],[-65.848,44.557],[-66.033,44.437],[-66.114,44.343],[-66.21,44.086],[-66.149,44.003],[-66.17,43.86],[-66.122,43.744],[-66.028,43.702],[-65.909,43.819],[-65.719,43.509],[-65.566,43.574],[-65.475,43.471],[-65.457,43.593],[-65.363,43.575],[-65.327,43.696],[-65.194,43.724],[-65.129,43.675],[-64.839,43.83],[-64.847,43.929],[-64.667,43.998],[-64.717,44.059],[-64.561,44.08],[-64.333,44.299],[-64.275,44.415],[-64.354,44.456],[-64.306,44.566],[-64.041,44.523],[-64.066,44.634],[-63.888,44.696],[-63.929,44.511],[-63.793,44.468],[-63.549,44.473],[-63.588,44.664],[-63.439,44.596],[-63.285,44.627],[-63.103,44.784],[-63.059,44.675],[-62.93,44.74],[-62.476,44.901],[-62.467,44.841],[-62.234,44.959],[-62.058,44.975],[-61.81,45.101],[-61.64,45.087],[-61.702,45.169],[-61.389,45.164],[-61.279,45.254],[-61.12,45.213],[-60.969,45.272],[-60.999,45.333],[-61.451,45.349],[-61.483,45.375],[-61.267,45.443],[-61.471,45.683],[-61.62,45.614],[-61.894,45.704],[-61.924,45.889],[-62.47,45.614],[-62.613,45.691],[-62.657,45.628],[-62.784,45.662],[-62.633,45.717],[-62.777,45.765],[-63.101,45.811],[-63.065,45.759],[-63.288,45.724],[-63.492,45.883],[-63.806,45.889],[-63.905,45.98],[-64.093,46.033],[-63.906,46.058],[-63.771,46.115],[-63.946,46.179],[-64.151,46.166],[-64.253,46.234],[-64.514,46.239],[-64.717,46.556],[-64.751,46.67],[-64.906,46.887],[-64.806,46.985],[-64.825,47.089],[-65.368,47.088],[-65.123,47.203],[-64.96,47.345],[-64.868,47.486],[-64.892,47.562],[-64.786,47.739],[-64.826,47.815],[-65.073,47.78],[-64.978,47.842],[-65.209,47.82],[-65.477,47.684],[-65.629,47.671],[-65.818,47.907],[-65.971,47.924],[-66.319,48.011],[-66.386,48.075],[-66.732,47.987],[-66.834,47.993],[-66.543,48.059],[-66.515,48.108],[-66.096,48.097],[-65.896,48.226],[-65.784,48.116],[-65.503,48.052],[-65.432,48.003],[-65.181,48.043],[-64.909,48.177],[-64.779,48.204],[-64.723,48.335],[-64.36,48.413],[-64.189,48.527],[-64.279,48.561],[-64.162,48.63],[-64.53,48.882],[-64.303,48.83],[-64.169,48.762],[-64.221,48.894],[-64.553,49.097],[-64.963,49.219],[-65.566,49.266],[-65.883,49.225],[-66.219,49.208],[-66.622,49.123],[-67.425,48.874],[-67.547,48.862],[-67.962,48.702],[-68.206,48.642],[-68.726,48.376],[-68.806,48.372],[-69.054,48.232],[-69.324,48.031],[-69.445,47.992],[-69.55,47.844],[-69.802,47.622],[-70.031,47.47],[-70.076,47.369],[-70.195,47.315],[-70.388,47.116],[-70.535,47.011],[-70.902,46.903],[-70.974,46.862],[-71.158,46.841],[-71.302,46.745],[-71.714,46.632],[-71.846,46.668],[-72.007,46.571],[-72.19,46.526],[-72.274,46.421],[-72.496,46.361],[-72.731,46.177],[-72.933,46.144],[-73.14,46.058],[-73.259,45.854],[-73.413,45.752],[-73.557,45.414],[-73.687,45.431],[-74.048,45.233],[-74.146,45.234],[-74.4,45.145],[-74.474,45.067],[-74.713,44.999],[-73.399,45.004],[-72.302,45.01],[-71.504,45.014],[-71.334,45.289],[-71.142,45.252],[-71.017,45.343],[-70.907,45.246],[-70.834,45.393],[-70.723,45.471],[-70.687,45.573],[-70.407,45.732],[-70.417,45.794],[-70.263,45.957],[-70.311,46.072],[-70.281,46.212],[-70.188,46.358],[-70.074,46.42],[-70.008,46.704],[-69.268,47.44],[-69.07,47.432],[-69.04,47.249],[-68.906,47.19],[-68.644,47.245],[-68.54,47.3],[-68.386,47.302],[-68.348,47.359],[-68.197,47.341],[-67.962,47.198],[-67.805,47.036],[-67.785,45.96],[-67.8,45.7],[-67.66,45.637],[-67.45,45.611],[-67.493,45.493],[-67.429,45.387],[-67.475,45.282],[-67.356,45.166],[-67.176,45.179]]],[[[-54.123,47.643],[-54.351,47.403],[-54.244,47.408],[-54.123,47.643]]],[[[-55.925,47.677],[-56.098,47.63],[-55.877,47.616],[-55.924,47.639],[-55.925,47.677]]],[[[-53.568,48.191],[-53.649,48.157],[-53.704,48.152],[-53.841,48.171],[-53.921,48.217],[-53.875,48.107],[-53.565,48.082],[-53.568,48.191]]],[[[-54.883,49.555],[-54.736,49.524],[-54.546,49.585],[-54.539,49.661],[-54.733,49.555],[-54.883,49.555]]],[[[-54.277,49.576],[-54.03,49.657],[-54.15,49.754],[-54.307,49.672],[-54.277,49.576]]],[[[-55.51,50.805],[-55.646,50.733],[-55.582,50.699],[-55.51,50.805]]],[[[-52.629,47.527],[-52.704,47.756],[-52.798,47.788],[-52.861,47.608],[-53.122,47.437],[-53.195,47.437],[-53.184,47.561],[-53.252,47.625],[-53.054,47.933],[-52.903,48.095],[-52.923,48.171],[-53.03,48.071],[-53.276,48.016],[-53.499,47.746],[-53.554,47.539],[-53.654,47.552],[-53.847,47.707],[-53.895,47.859],[-53.792,47.775],[-53.609,48.054],[-53.776,47.999],[-53.684,48.08],[-53.905,48.085],[-53.925,48.237],[-53.845,48.191],[-53.639,48.169],[-53.541,48.24],[-53.388,48.286],[-53.362,48.383],[-53.187,48.355],[-53.058,48.436],[-52.983,48.604],[-53.085,48.7],[-53.244,48.526],[-53.414,48.624],[-53.547,48.492],[-53.7,48.528],[-53.853,48.384],[-53.855,48.475],[-53.711,48.561],[-53.903,48.568],[-53.66,48.647],[-53.75,48.712],[-53.894,48.632],[-53.918,48.801],[-54.021,48.815],[-53.896,48.981],[-53.609,49.044],[-53.623,49.109],[-53.454,49.242],[-53.664,49.359],[-54.041,49.481],[-54.219,49.417],[-54.373,49.422],[-54.463,49.301],[-54.431,49.473],[-54.534,49.445],[-54.451,49.548],[-54.545,49.529],[-54.817,49.276],[-55.054,49.294],[-55.273,49.21],[-55.225,49.368],[-55.128,49.466],[-55.156,49.549],[-55.315,49.535],[-55.236,49.39],[-55.445,49.356],[-55.332,49.443],[-55.445,49.494],[-55.569,49.363],[-55.521,49.494],[-55.645,49.39],[-55.774,49.513],[-55.952,49.5],[-56.131,49.429],[-55.877,49.596],[-55.836,49.692],[-56.069,49.698],[-55.495,49.919],[-55.493,50.014],[-55.767,49.939],[-55.893,50.031],[-56.01,50.031],[-56.149,49.96],[-56.067,50.096],[-56.149,50.156],[-56.317,50.039],[-56.363,49.898],[-56.548,49.854],[-56.838,49.556],[-56.782,49.729],[-56.905,49.754],[-56.741,49.877],[-56.739,50.027],[-56.523,50.196],[-56.428,50.376],[-56.096,50.679],[-56.158,50.707],[-56.172,50.857],[-56.081,50.721],[-55.743,51.07],[-55.719,51.184],[-55.848,51.231],[-56.018,51.218],[-56.035,51.384],[-55.617,51.304],[-55.516,51.369],[-55.409,51.579],[-55.514,51.604],[-55.738,51.555],[-55.643,51.473],[-55.89,51.501],[-55.823,51.624],[-56.494,51.412],[-56.72,51.319],[-56.795,51.138],[-56.98,50.988],[-56.926,50.918],[-57.069,50.802],[-57.329,50.713],[-57.198,50.597],[-57.355,50.607],[-57.495,50.425],[-57.61,50.166],[-57.94,49.705],[-57.871,49.527],[-58.023,49.554],[-58.186,49.443],[-58.229,49.268],[-58.036,49.218],[-58.08,49.147],[-57.926,49.192],[-57.934,49.126],[-58.127,49.135],[-58.069,48.979],[-58.213,49.074],[-58.37,49.072],[-58.398,49.137],[-58.502,49.006],[-58.545,48.872],[-58.667,48.726],[-58.685,48.602],[-58.893,48.554],[-58.947,48.651],[-58.803,48.771],[-59.226,48.54],[-59.262,48.473],[-59.078,48.515],[-58.703,48.555],[-58.406,48.497],[-58.674,48.373],[-58.723,48.306],[-59.002,48.123],[-59.242,48.016],[-59.399,47.88],[-59.283,47.759],[-59.301,47.614],[-59.112,47.561],[-58.922,47.602],[-58.703,47.602],[-58.57,47.643],[-58.227,47.656],[-58.042,47.699],[-57.768,47.616],[-57.376,47.63],[-57.315,47.584],[-56.984,47.587],[-56.851,47.532],[-56.638,47.588],[-56.7,47.622],[-56.39,47.606],[-56.158,47.643],[-56.111,47.704],[-55.86,47.791],[-55.829,47.739],[-55.904,47.7],[-55.914,47.659],[-55.843,47.622],[-55.733,47.664],[-55.808,47.609],[-56.169,47.504],[-56.106,47.467],[-55.747,47.588],[-55.917,47.457],[-55.774,47.458],[-55.589,47.512],[-55.664,47.437],[-55.438,47.471],[-55.391,47.596],[-55.47,47.627],[-55.356,47.732],[-55.329,47.671],[-55.131,47.584],[-54.983,47.751],[-55.072,47.597],[-54.774,47.671],[-54.892,47.536],[-55.184,47.46],[-55.255,47.411],[-55.301,47.268],[-55.487,47.14],[-55.87,47.075],[-55.98,46.97],[-55.95,46.904],[-55.739,46.854],[-55.466,46.931],[-55.418,46.867],[-55.251,46.919],[-55.075,47.081],[-55.097,47.172],[-54.838,47.419],[-54.76,47.363],[-54.603,47.41],[-54.417,47.609],[-54.606,47.352],[-54.506,47.403],[-54.249,47.73],[-54.179,47.879],[-54.013,47.807],[-53.886,47.527],[-53.893,47.393],[-53.989,47.263],[-54.198,46.886],[-54.189,46.828],[-54.05,46.808],[-53.883,46.909],[-53.767,47.04],[-53.573,47.162],[-53.499,47.136],[-53.643,46.985],[-53.521,46.945],[-53.645,46.801],[-53.623,46.656],[-53.555,46.618],[-53.266,46.739],[-53.211,46.635],[-53.067,46.666],[-52.941,46.791],[-52.814,47.273],[-52.657,47.437],[-52.629,47.527]]],[[[-127.919,51.522],[-128.01,51.724],[-128.157,51.628],[-128.086,51.487],[-127.943,51.422],[-127.919,51.522]]],[[[-55.353,51.885],[-55.27,52.006],[-55.383,51.96],[-55.353,51.885]]],[[[-128.138,51.864],[-128.135,51.747],[-128.033,51.764],[-127.953,51.987],[-127.999,52.066],[-128.159,52.035],[-128.248,51.864],[-128.138,51.864]]],[[[-130.997,52.112],[-131.109,52.154],[-131.113,52.002],[-130.997,52.112]]],[[[-127.947,52.166],[-128.123,52.152],[-128.052,52.076],[-127.94,52.09],[-127.947,52.166]]],[[[-128.248,52.022],[-128.155,52.094],[-128.16,52.199],[-128.296,52.106],[-128.248,52.022]]],[[[-128.228,52.213],[-128.447,52.238],[-128.522,52.158],[-128.358,52.145],[-128.34,52.079],[-128.228,52.213]]],[[[-128.097,52.241],[-128.071,52.182],[-127.908,52.201],[-127.961,52.296],[-128.097,52.241]]],[[[-127.241,52.426],[-127.447,52.378],[-127.512,52.313],[-127.751,52.25],[-127.878,52.084],[-127.888,51.953],[-127.698,52.004],[-127.642,52.138],[-127.207,52.351],[-127.241,52.426]]],[[[-128.618,52.454],[-128.755,52.467],[-128.68,52.268],[-128.618,52.454]]],[[[-128.563,52.611],[-128.725,52.598],[-128.757,52.49],[-128.534,52.436],[-128.472,52.488],[-128.563,52.611]]],[[[-131.565,52.727],[-131.702,52.721],[-131.619,52.606],[-131.467,52.636],[-131.469,52.734],[-131.565,52.727]]],[[[-128.31,52.429],[-128.282,52.489],[-128.372,52.796],[-128.452,52.631],[-128.379,52.378],[-128.31,52.429]]],[[[-128.93,52.614],[-129.257,52.828],[-129.276,52.727],[-128.981,52.454],[-128.93,52.614]]],[[[-128.31,52.727],[-128.275,52.603],[-128.173,52.824],[-128.31,52.727]]],[[[-128.533,52.727],[-128.456,52.789],[-128.51,52.863],[-128.533,52.727]]],[[[-129.304,53.036],[-129.461,53.187],[-129.552,53.143],[-129.395,53],[-129.304,53.036]]],[[[-131.113,52.172],[-131.024,52.235],[-131.184,52.318],[-131.318,52.282],[-131.449,52.392],[-131.469,52.508],[-131.661,52.542],[-131.73,52.701],[-131.84,52.714],[-131.771,52.783],[-131.881,52.841],[-131.619,52.92],[-131.626,52.998],[-131.837,53.05],[-131.922,52.987],[-132.004,53.064],[-131.829,53.077],[-131.596,53.042],[-131.784,53.166],[-131.794,53.252],[-132.065,53.161],[-132.566,53.146],[-132.47,53.028],[-132.114,53.001],[-132.141,52.933],[-132.334,52.923],[-132.134,52.755],[-132.086,52.858],[-131.939,52.773],[-132.086,52.734],[-131.883,52.576],[-131.658,52.478],[-131.38,52.203],[-131.263,52.125],[-131.277,52.241],[-131.175,52.124],[-131.113,52.172]]],[[[-128.804,52.701],[-128.749,52.913],[-128.669,52.908],[-128.749,52.745],[-128.755,52.604],[-128.606,52.611],[-128.532,52.847],[-128.539,53.02],[-128.635,53.163],[-128.905,53.293],[-129.078,53.303],[-129.079,53.111],[-129.19,53.023],[-129.057,52.741],[-128.856,52.659],[-128.804,52.701]]],[[[-129.294,53.108],[-129.134,53.12],[-129.184,53.314],[-129.324,53.221],[-129.294,53.108]]],[[[-128.914,53.406],[-128.997,53.544],[-129.148,53.364],[-128.928,53.328],[-128.914,53.406]]],[[[-129.743,53.235],[-129.883,53.398],[-130.261,53.581],[-130.496,53.639],[-130.531,53.56],[-130.404,53.51],[-130.315,53.393],[-130.086,53.312],[-129.939,53.169],[-129.748,53.17],[-129.743,53.235]]],[[[-129.166,53.385],[-129.094,53.509],[-128.981,53.585],[-128.884,53.576],[-128.842,53.716],[-129.061,53.684],[-129.16,53.627],[-129.166,53.385]]],[[[-130.406,53.687],[-130.332,53.624],[-130.092,53.57],[-130.138,53.703],[-130.217,53.718],[-130.222,53.776],[-130.406,53.687]]],[[[-130.253,53.892],[-130.291,53.838],[-130.204,53.801],[-130.202,53.73],[-130.098,53.708],[-130.05,53.588],[-129.886,53.585],[-129.897,53.478],[-129.499,53.216],[-129.503,53.317],[-129.337,53.361],[-129.675,53.593],[-129.831,53.735],[-130.196,53.917],[-130.253,53.892]]],[[[-130.447,53.982],[-130.349,53.999],[-130.491,53.878],[-130.341,53.846],[-130.232,53.974],[-130.422,54.1],[-130.674,53.989],[-130.472,53.91],[-130.447,53.982]]],[[[-132.579,53.207],[-132.47,53.152],[-132.228,53.157],[-132.224,53.231],[-132.008,53.254],[-131.908,53.358],[-131.943,53.522],[-131.871,53.783],[-131.693,53.992],[-131.668,54.153],[-131.916,54.04],[-132.13,54.011],[-132.079,53.892],[-132.194,53.774],[-132.202,53.655],[-132.484,53.577],[-132.353,53.673],[-132.497,53.646],[-132.525,53.704],[-132.241,53.777],[-132.114,53.881],[-132.149,53.992],[-132.297,54.112],[-132.545,54.04],[-132.576,54.118],[-133.041,54.165],[-133.038,54.044],[-133.144,53.897],[-133.11,53.787],[-132.936,53.701],[-132.929,53.523],[-132.842,53.469],[-132.518,53.413],[-132.4,53.33],[-132.703,53.378],[-132.758,53.317],[-132.569,53.337],[-132.71,53.262],[-132.579,53.207]]],[[[-130.654,54.118],[-130.756,54.215],[-130.805,54.174],[-130.654,54.118]]],[[[-130.743,54.606],[-130.931,54.623],[-130.962,54.455],[-130.743,54.606]]],[[[-130.592,54.742],[-130.462,54.712],[-130.51,54.805],[-130.592,54.742]]],[[[-130.208,54.811],[-130.378,54.698],[-130.24,54.731],[-130.208,54.811]]],[[[-57.871,54.818],[-57.988,54.804],[-57.941,54.926],[-58.225,54.853],[-58.157,54.764],[-58.022,54.756],[-57.871,54.818]]],[[[-130.431,54.79],[-130.259,54.843],[-130.15,54.969],[-130.182,55.032],[-130.462,54.832],[-130.431,54.79]]],[[[-61.01,56.044],[-60.961,56.105],[-61.098,56.175],[-61.232,56.1],[-61.174,56.032],[-61.01,56.044]]],[[[-61.414,56.373],[-61.797,56.421],[-61.709,56.363],[-61.462,56.319],[-61.414,56.373]]],[[[-61.229,56.455],[-61.33,56.515],[-61.594,56.56],[-61.633,56.47],[-61.229,56.455]]],[[[-61.216,56.586],[-61.071,56.661],[-61.165,56.692],[-61.216,56.586]]],[[[-61.63,56.846],[-61.647,56.736],[-61.388,56.623],[-61.375,56.758],[-61.498,56.788],[-61.339,56.935],[-61.52,56.949],[-61.63,56.846]]],[[[-61.613,57.415],[-61.75,57.445],[-61.723,57.538],[-61.9,57.449],[-61.613,57.415]]],[[[-61.853,57.586],[-61.998,57.573],[-61.929,57.456],[-61.794,57.507],[-61.853,57.586]]],[[[-61.9,57.764],[-61.745,57.713],[-61.654,57.79],[-61.8,57.845],[-61.9,57.764]]],[[[-61.931,57.795],[-61.921,57.909],[-62.106,57.839],[-61.931,57.795]]],[[[-69.102,59.131],[-69.354,59.141],[-69.286,59.07],[-69.364,58.963],[-69.082,59.061],[-69.102,59.131]]],[[[-64.079,59.8],[-64.13,59.842],[-64.203,59.745],[-64.107,59.703],[-63.963,59.752],[-64.079,59.8]]],[[[-107.417,67.119],[-107.609,67.21],[-107.517,67.082],[-107.417,67.119]]],[[[-108.006,67.372],[-107.902,67.486],[-108.128,67.397],[-108.006,67.372]]],[[[-108.287,67.536],[-108.458,67.574],[-108.382,67.467],[-108.287,67.536]]],[[[-108.129,67.646],[-108.071,67.532],[-107.923,67.55],[-107.985,67.646],[-108.129,67.646]]],[[[-108.911,67.92],[-109.198,67.995],[-108.941,67.876],[-108.911,67.92]]],[[[-110.836,68.551],[-111.082,68.475],[-110.699,68.489],[-110.836,68.551]]],[[[-104.49,68.516],[-104.681,68.579],[-105.062,68.55],[-104.655,68.398],[-104.429,68.445],[-104.49,68.516]]],[[[-101.694,68.77],[-101.98,68.826],[-102.352,68.687],[-101.866,68.572],[-101.68,68.674],[-101.694,68.77]]],[[[-100.207,68.804],[-100.18,68.893],[-100.404,69.03],[-100.631,68.996],[-100.631,68.797],[-100.364,68.722],[-100.207,68.804]]],[[[-100.042,69.085],[-100.139,69.147],[-100.227,69],[-100.035,68.941],[-100.042,69.085]]],[[[-135.567,69.386],[-135.308,69.309],[-135.353,69.397],[-135.567,69.386]]],[[[-100.981,69.482],[-101.277,69.585],[-101.379,69.54],[-101.187,69.482],[-101.199,69.406],[-100.981,69.482]]],[[[-96.555,69.479],[-96.143,69.353],[-96.148,69.563],[-96.74,69.578],[-96.555,69.479]]],[[[-95.944,69.421],[-95.885,69.344],[-95.722,69.556],[-95.712,69.322],[-95.413,69.386],[-95.381,69.523],[-95.63,69.62],[-95.923,69.591],[-95.944,69.421]]],[[[-139.113,69.654],[-139.26,69.585],[-139.11,69.537],[-138.87,69.592],[-139.113,69.654]]],[[[-95.215,68.862],[-95.396,68.899],[-95.571,68.835],[-95.846,68.891],[-95.925,69.085],[-96.068,69.235],[-96.253,69.16],[-96.22,69.314],[-96.534,69.428],[-96.893,69.498],[-97.297,69.698],[-97.377,69.598],[-97.493,69.674],[-97.342,69.709],[-97.925,69.896],[-98.219,69.798],[-98.37,69.606],[-98.001,69.448],[-98.549,69.585],[-98.608,69.443],[-98.393,69.318],[-98.653,69.301],[-98.713,69.202],[-99.007,69.139],[-99.309,69.159],[-99.492,69.121],[-99.591,69.015],[-99.417,68.89],[-99.182,68.831],[-98.993,68.954],[-98.82,68.928],[-98.863,68.834],[-98.522,68.75],[-98.425,68.849],[-98.255,68.826],[-98.268,68.74],[-97.761,68.652],[-97.464,68.535],[-97.037,68.554],[-96.52,68.448],[-96.296,68.48],[-96,68.626],[-95.842,68.62],[-95.807,68.729],[-95.595,68.756],[-95.53,68.678],[-95.215,68.862]]],[[[-100.351,70.49],[-100.229,70.465],[-100.486,70.682],[-100.715,70.681],[-100.656,70.552],[-100.351,70.49]]],[[[-100.872,69.808],[-100.961,69.938],[-100.976,70.147],[-101.061,70.196],[-101.529,70.113],[-101.693,70.309],[-101.953,70.27],[-102.409,70.426],[-102.851,70.516],[-102.86,70.597],[-103.132,70.682],[-103.139,70.511],[-103.272,70.591],[-103.538,70.6],[-103.843,70.743],[-103.97,70.751],[-104.105,70.898],[-104.648,71.12],[-104.459,71.213],[-104.497,71.326],[-104.282,71.364],[-104.38,71.6],[-105.039,72.114],[-104.96,72.178],[-105.305,72.457],[-105.29,72.654],[-105.457,72.703],[-105.367,72.792],[-105.831,73.013],[-106.234,73.087],[-106.873,73.316],[-107.172,73.195],[-107.662,73.328],[-108.088,73.354],[-108.157,73.306],[-107.868,73.19],[-108.165,73.206],[-108.298,73.134],[-108.157,73.052],[-108.084,72.76],[-107.875,72.573],[-107.985,72.518],[-107.727,72.288],[-107.779,72.141],[-107.605,72.011],[-107.272,71.909],[-107.472,71.87],[-107.252,71.806],[-107.564,71.775],[-107.725,71.635],[-107.985,71.635],[-108.287,71.799],[-108.188,71.95],[-108.417,71.99],[-108.402,72.149],[-108.663,72.361],[-108.633,72.566],[-109.376,72.771],[-110.076,72.996],[-110.704,73.009],[-110.484,72.839],[-109.8,72.731],[-109.876,72.676],[-110.171,72.689],[-109.788,72.504],[-110.259,72.559],[-109.803,72.451],[-110.05,72.439],[-110.381,72.56],[-110.729,72.571],[-111.086,72.408],[-111.028,72.285],[-111.37,72.408],[-111.665,72.292],[-111.855,72.381],[-111.564,72.441],[-111.289,72.566],[-111.22,72.724],[-111.466,72.752],[-112.077,72.898],[-113.015,73.016],[-113.391,72.912],[-113.604,72.762],[-113.413,72.73],[-113.734,72.614],[-114.126,72.637],[-114.339,72.564],[-114.604,72.607],[-114.248,72.689],[-114.356,72.746],[-114.023,72.798],[-114.049,72.971],[-113.962,73.123],[-114.265,73.336],[-114.584,73.385],[-116.644,73.035],[-116.895,72.967],[-117.369,72.918],[-117.867,72.701],[-118.19,72.635],[-118.593,72.429],[-118.429,72.347],[-118.125,72.31],[-118.128,72.227],[-118.678,72.142],[-118.748,72.053],[-119.054,71.935],[-119.138,71.774],[-119.051,71.627],[-118.489,71.658],[-118.429,71.58],[-118.076,71.665],[-117.695,71.668],[-117.969,71.622],[-117.654,71.572],[-118.127,71.539],[-118.308,71.47],[-118.162,71.379],[-117.551,71.374],[-117.048,71.437],[-115.824,71.548],[-115.455,71.539],[-115.419,71.452],[-115.742,71.511],[-116.206,71.426],[-115.765,71.368],[-116.103,71.377],[-117.475,71.185],[-117.798,71.17],[-118.386,71.022],[-118.187,70.839],[-117.709,70.695],[-117.585,70.606],[-116.989,70.602],[-116.233,70.64],[-116.039,70.579],[-115.581,70.58],[-114.183,70.668],[-113.988,70.716],[-113.561,70.643],[-113.491,70.682],[-112.867,70.543],[-112.725,70.569],[-112.144,70.494],[-112.069,70.415],[-111.809,70.352],[-111.567,70.36],[-111.549,70.27],[-112.527,70.245],[-112.586,70.2],[-113.477,70.284],[-113.643,70.262],[-114.185,70.316],[-116.033,70.22],[-116.965,70.129],[-117.358,70.046],[-117.442,69.989],[-117.252,69.764],[-116.62,69.572],[-116.633,69.462],[-115.975,69.3],[-115.189,69.243],[-114.397,69.288],[-113.944,69.259],[-113.693,69.195],[-113.55,69.044],[-113.672,68.91],[-113.656,68.8],[-113.35,68.592],[-113.039,68.495],[-113.244,68.454],[-112.749,68.463],[-112.583,68.51],[-111.531,68.544],[-111.251,68.52],[-111.362,68.587],[-110.98,68.548],[-110.605,68.617],[-110.376,68.576],[-110.229,68.628],[-109.625,68.642],[-108.952,68.742],[-108.565,68.876],[-108.539,68.947],[-107.941,68.941],[-107.335,69.026],[-106.926,69.239],[-106.963,69.363],[-106.767,69.376],[-106.584,69.504],[-106.32,69.405],[-106.274,69.288],[-106.412,69.188],[-106.204,69.15],[-105.886,69.176],[-105.548,69.154],[-105.458,69.101],[-104.917,69.048],[-105.278,68.955],[-105.123,68.896],[-104.594,68.864],[-104.447,68.942],[-103.447,68.789],[-103.164,68.843],[-103.015,68.802],[-102.523,68.866],[-102.386,68.927],[-101.965,68.97],[-101.772,69.194],[-101.949,69.261],[-102.067,69.189],[-102.222,69.229],[-102.038,69.288],[-102.173,69.353],[-101.939,69.421],[-102.055,69.484],[-102.464,69.481],[-102.547,69.414],[-102.837,69.387],[-103.183,69.116],[-103.195,69.21],[-103.038,69.257],[-102.989,69.421],[-103.221,69.555],[-103.51,69.619],[-103.437,69.708],[-102.784,69.537],[-102.51,69.564],[-102.582,69.743],[-102.349,69.763],[-102.179,69.902],[-101.92,69.732],[-101.673,69.647],[-101.475,69.894],[-101.329,69.679],[-100.964,69.664],[-100.872,69.808]]],[[[-72.949,66.735],[-73.332,66.663],[-73.456,66.551],[-74.472,66.149],[-74.42,66.083],[-74.012,65.855],[-73.653,65.72],[-73.474,65.46],[-73.739,65.517],[-74.051,65.537],[-74.287,65.481],[-74.345,65.412],[-74.609,65.336],[-74.715,65.44],[-74.801,65.385],[-75.11,65.394],[-75.106,65.279],[-75.215,65.254],[-75.949,65.322],[-75.562,65.169],[-75.363,65.008],[-75.199,65.106],[-75.263,64.957],[-75.371,64.985],[-75.556,64.879],[-75.346,64.925],[-75.294,64.751],[-75.407,64.726],[-75.633,64.954],[-75.414,64.98],[-75.452,65.079],[-75.739,65.159],[-75.757,65.214],[-76.677,65.411],[-76.966,65.412],[-77.436,65.46],[-77.314,65.362],[-77.514,65.326],[-77.313,65.2],[-77.629,65.148],[-77.964,65.052],[-78.144,64.957],[-78.073,64.816],[-78.197,64.651],[-77.854,64.37],[-77.546,64.315],[-77.351,64.241],[-77.133,64.301],[-76.689,64.192],[-76.73,64.276],[-76.188,64.301],[-76.286,64.351],[-75.978,64.406],[-75.716,64.384],[-75.922,64.487],[-75.633,64.46],[-75.815,64.531],[-75.793,64.617],[-74.972,64.418],[-74.681,64.378],[-74.506,64.462],[-74.625,64.549],[-74.469,64.562],[-74.849,64.751],[-74.725,64.864],[-74.544,64.899],[-74.708,64.74],[-74.394,64.577],[-74.311,64.686],[-74.232,64.645],[-74.05,64.726],[-74.131,64.59],[-74.051,64.469],[-74.174,64.37],[-73.996,64.329],[-73.962,64.48],[-73.817,64.468],[-73.933,64.603],[-73.664,64.564],[-73.45,64.616],[-73.464,64.508],[-73.33,64.531],[-73.352,64.638],[-73.18,64.576],[-73.482,64.405],[-73.308,64.255],[-73.243,64.336],[-72.906,64.166],[-72.942,64.068],[-72.714,63.966],[-72.687,64.079],[-72.591,64.028],[-72.666,63.856],[-72.406,63.828],[-72.242,63.959],[-72.221,63.869],[-72.318,63.679],[-72.201,63.78],[-72.023,63.676],[-71.55,63.712],[-71.583,63.593],[-71.277,63.566],[-71.418,63.487],[-71.686,63.424],[-72.142,63.448],[-71.747,63.349],[-71.713,63.178],[-71.207,63.017],[-71.152,63.102],[-71.029,63.079],[-71.142,62.985],[-70.804,62.934],[-70.83,62.897],[-70.493,62.867],[-70.24,62.754],[-69.939,62.801],[-69.391,62.752],[-69.587,62.658],[-69.027,62.38],[-68.554,62.25],[-67.981,62.212],[-67.674,62.158],[-67.338,62.14],[-67.088,62.034],[-66.746,62.013],[-66.662,61.938],[-66.274,61.858],[-65.95,61.897],[-66.142,62.013],[-66.129,62.089],[-65.93,62.198],[-66.155,62.248],[-66.358,62.452],[-66.76,62.684],[-67.006,62.657],[-67.04,62.774],[-67.394,62.964],[-67.65,62.969],[-67.537,63.045],[-67.714,63.061],[-67.917,63.143],[-68.147,63.161],[-68.5,63.431],[-68.863,63.61],[-68.99,63.74],[-68.731,63.777],[-68.441,63.716],[-68.23,63.597],[-68.12,63.602],[-67.731,63.37],[-67.67,63.395],[-67.82,63.592],[-67.69,63.633],[-67.501,63.443],[-66.773,63.099],[-66.574,63.165],[-66.418,63.008],[-66.104,62.952],[-65.866,63.032],[-65.963,62.937],[-65.788,62.873],[-65.666,62.912],[-65.604,62.825],[-65.245,62.78],[-65.35,62.707],[-65.17,62.568],[-64.94,62.631],[-64.991,62.725],[-65.285,62.984],[-65.147,62.981],[-64.887,62.869],[-64.628,62.911],[-64.772,62.986],[-64.792,63.13],[-65.06,63.178],[-65.149,63.288],[-64.902,63.239],[-65.099,63.55],[-64.95,63.639],[-64.772,63.329],[-64.642,63.239],[-64.537,63.255],[-64.505,63.644],[-64.707,63.762],[-64.93,63.778],[-64.895,63.897],[-64.647,63.975],[-64.762,64.009],[-65.193,64.022],[-65.053,64.069],[-65.526,64.329],[-65.269,64.296],[-65.265,64.384],[-65.094,64.42],[-65.114,64.515],[-65.274,64.472],[-65.691,64.488],[-65.752,64.59],[-65.586,64.649],[-65.583,64.757],[-65.952,64.885],[-65.896,64.732],[-66.048,64.742],[-66.019,64.858],[-66.218,64.692],[-66.15,64.871],[-66.537,64.958],[-66.682,65.044],[-66.684,64.81],[-66.937,65.241],[-67.098,65.203],[-67.146,65.366],[-67.084,65.468],[-67.336,65.451],[-67.459,65.501],[-67.273,65.645],[-67.455,65.679],[-67.736,65.638],[-68.033,65.487],[-67.869,65.645],[-68.008,65.781],[-68.205,65.796],[-68.137,65.927],[-68.312,65.913],[-68.334,66.049],[-68.053,66.008],[-68.222,66.128],[-68.261,66.081],[-68.524,66.207],[-68.258,66.219],[-68.216,66.146],[-67.973,66.083],[-68.026,65.995],[-67.923,65.903],[-67.753,65.95],[-67.473,65.894],[-67.17,65.933],[-67.314,66.001],[-67.163,66.036],[-67.753,66.255],[-67.704,66.293],[-67.877,66.464],[-67.575,66.419],[-67.39,66.299],[-67.129,66.317],[-67.143,66.44],[-67.379,66.549],[-67.703,66.56],[-67.352,66.598],[-67.195,66.538],[-66.862,66.543],[-66.766,66.385],[-66.472,66.35],[-66.54,66.245],[-66.281,66.242],[-66.148,66.141],[-65.959,66.115],[-65.682,66.191],[-65.477,66.392],[-65.56,66.235],[-65.96,66.053],[-65.899,65.954],[-65.393,65.982],[-64.85,66.12],[-64.71,66.283],[-64.43,66.31],[-64.717,66.225],[-64.854,66.029],[-65.353,65.914],[-65.491,65.74],[-65.454,65.679],[-65.184,65.657],[-65.294,65.56],[-64.929,65.529],[-65.17,65.487],[-65.01,65.369],[-64.871,65.428],[-64.409,65.481],[-64.915,65.343],[-64.689,65.252],[-64.731,65.159],[-64.557,65.093],[-64.436,65.33],[-64.336,65.154],[-64.079,65.206],[-64.278,65.104],[-64.11,65.052],[-64.073,65.12],[-63.802,65.164],[-63.871,65.045],[-63.655,64.918],[-63.524,64.903],[-63.436,65.104],[-63.518,65.193],[-63.324,65.222],[-63.373,65.33],[-63.655,65.467],[-63.319,65.597],[-63.623,65.674],[-63.347,65.673],[-63.432,65.847],[-63.196,65.634],[-62.863,65.655],[-62.747,65.59],[-62.594,65.664],[-62.846,65.769],[-62.589,65.724],[-62.792,65.867],[-62.51,65.793],[-62.291,65.823],[-62.429,65.979],[-62.823,66.022],[-62.827,66.054],[-62.411,66.023],[-62.302,65.981],[-61.954,66.02],[-62.137,66.155],[-62.539,66.227],[-62.319,66.303],[-62.627,66.44],[-62.22,66.397],[-62.212,66.324],[-61.935,66.289],[-61.462,66.371],[-61.565,66.419],[-61.99,66.419],[-61.582,66.478],[-61.822,66.629],[-61.576,66.55],[-61.27,66.605],[-61.301,66.678],[-61.606,66.872],[-61.839,66.974],[-62.106,66.919],[-62.004,67.037],[-62.271,67.047],[-62.284,66.946],[-62.425,66.928],[-62.311,66.728],[-62.607,66.954],[-62.771,66.913],[-62.823,66.801],[-62.905,66.973],[-63.349,66.891],[-63.456,66.707],[-63.436,66.907],[-63.285,66.947],[-63.25,67.132],[-62.977,67.222],[-63.164,67.338],[-63.412,67.218],[-63.758,67.218],[-64.497,67.139],[-64.7,67.009],[-64.609,67.14],[-64.021,67.213],[-64.012,67.282],[-64.298,67.238],[-64.789,67.222],[-64.231,67.296],[-64.762,67.363],[-63.923,67.296],[-63.997,67.454],[-64.327,67.454],[-64.046,67.53],[-64.076,67.618],[-64.379,67.772],[-64.741,67.83],[-64.773,67.711],[-64.913,67.794],[-65.047,67.728],[-65.107,67.845],[-64.72,67.985],[-64.965,68.052],[-65.419,67.914],[-65.602,67.769],[-65.447,67.994],[-65.828,67.968],[-65.771,67.898],[-65.959,67.817],[-66.032,67.961],[-65.855,68.081],[-65.949,68.165],[-65.968,68.033],[-66.265,67.965],[-66.367,67.782],[-66.746,67.879],[-66.431,67.865],[-66.24,68.082],[-66.314,68.129],[-66.693,68.145],[-66.907,68.065],[-66.766,68.242],[-67.033,68.327],[-67.357,68.357],[-67.794,68.338],[-67.335,68.402],[-67.053,68.362],[-66.894,68.422],[-67.129,68.482],[-67.63,68.493],[-67.492,68.53],[-68.379,68.601],[-68.459,68.564],[-68.644,68.665],[-68.106,68.63],[-68.048,68.687],[-68.876,68.768],[-69.151,68.831],[-68.493,68.797],[-68.401,68.845],[-67.878,68.771],[-67.773,68.784],[-68.275,68.875],[-67.999,68.856],[-68.043,68.972],[-67.735,69.04],[-68.373,69.18],[-68.864,69.092],[-68.507,69.201],[-68.138,69.203],[-68.171,69.277],[-68.417,69.276],[-69.014,69.359],[-68.346,69.298],[-68.198,69.311],[-67.678,69.177],[-66.978,69.177],[-66.782,69.133],[-66.669,69.185],[-66.788,69.34],[-67.228,69.464],[-68.005,69.462],[-68.587,69.591],[-68.766,69.592],[-69.291,69.509],[-68.726,69.647],[-68.349,69.633],[-68.013,69.776],[-67.747,69.783],[-67.347,69.717],[-67.115,69.729],[-67.25,69.963],[-67.546,70.148],[-68.055,70.325],[-68.323,70.223],[-68.191,70.127],[-68.671,69.983],[-69.212,69.888],[-69.367,69.79],[-69.48,69.819],[-69.085,69.985],[-68.865,70.019],[-68.644,70.147],[-68.707,70.209],[-69.037,70.168],[-69.209,70.193],[-69.683,70.14],[-69.758,69.973],[-70.224,69.946],[-69.877,70.044],[-70.089,70.068],[-69.47,70.248],[-68.72,70.322],[-68.673,70.423],[-68.487,70.369],[-68.298,70.497],[-68.362,70.584],[-69.098,70.723],[-69.203,70.779],[-69.59,70.773],[-70.041,70.597],[-70.48,70.613],[-69.957,70.735],[-69.774,70.856],[-69.915,70.88],[-70.985,70.634],[-71.353,70.123],[-71.542,70.024],[-71.275,70.27],[-71.32,70.305],[-71.183,70.543],[-71.515,70.579],[-71.754,70.315],[-71.727,70.497],[-71.526,70.621],[-71.264,70.584],[-70.806,70.724],[-70.516,70.937],[-70.638,71.079],[-70.787,71.115],[-71.151,71.038],[-71.323,70.887],[-71.591,70.873],[-71.953,70.791],[-72.337,70.758],[-72.164,70.83],[-72.356,70.879],[-72.045,71.085],[-71.861,71.113],[-71.445,71.073],[-71.117,71.27],[-71.582,71.515],[-72.473,71.647],[-72.639,71.545],[-72.838,71.511],[-72.755,71.436],[-72.995,71.408],[-72.97,71.287],[-73.169,71.227],[-73.287,71.072],[-73.276,71.223],[-73.05,71.27],[-73.441,71.347],[-73.764,71.069],[-73.688,71.244],[-73.483,71.374],[-73.653,71.442],[-73.564,71.558],[-73.866,71.535],[-74.097,71.283],[-74.016,71.49],[-73.596,71.764],[-73.906,71.776],[-74.217,71.621],[-74.102,71.733],[-74.523,71.663],[-74.728,71.544],[-74.631,71.39],[-74.893,71.247],[-75.099,71.195],[-74.705,71.387],[-74.928,71.456],[-74.635,71.655],[-74.957,71.653],[-75.085,71.703],[-74.263,71.82],[-74.118,71.967],[-74.237,72.076],[-75.282,72.124],[-74.942,72.257],[-75.198,72.498],[-75.735,72.583],[-75.99,72.587],[-76.127,72.491],[-76.197,72.599],[-76.652,72.639],[-76.889,72.743],[-77.601,72.756],[-78.443,72.587],[-78.532,72.426],[-77.785,72.244],[-78.409,72.329],[-78.52,72.235],[-78.57,72.356],[-78.817,72.323],[-78.875,72.231],[-78.388,72.097],[-78.385,71.94],[-78.504,72.1],[-78.83,72.173],[-78.916,72.031],[-78.719,71.923],[-79.231,71.976],[-79.03,72.086],[-78.951,72.276],[-79.283,72.394],[-79.768,72.222],[-79.594,72.341],[-79.819,72.506],[-80.16,72.34],[-79.937,72.165],[-80.245,72.3],[-80.238,72.21],[-80.483,72.181],[-80.397,72.05],[-80.759,71.984],[-81.026,72.093],[-80.572,72.091],[-80.972,72.203],[-80.512,72.382],[-80.556,72.516],[-80.889,72.436],[-81.242,72.261],[-80.984,72.444],[-80.526,72.58],[-80.558,72.628],[-80.245,72.738],[-80.64,72.928],[-80.55,73.095],[-80.643,73.17],[-81.134,73.247],[-81.229,73.54],[-81.528,73.716],[-82.831,73.737],[-83.641,73.595],[-84.008,73.505],[-83.665,73.456],[-83.605,73.302],[-83.781,73.436],[-84.182,73.478],[-84.658,73.395],[-84.399,73.225],[-84.837,73.389],[-85.113,73.322],[-85.193,73.231],[-84.569,73.115],[-83.861,73.037],[-84.459,73.062],[-85.175,73.149],[-85.125,73.052],[-85.393,73.14],[-85.536,73.026],[-85.172,73.012],[-84.238,72.801],[-85.159,72.948],[-85.543,72.976],[-85.682,72.894],[-85.702,72.635],[-85.515,72.463],[-85.008,72.374],[-84.769,72.46],[-84.939,72.292],[-84.165,72.025],[-85.036,72.255],[-85.476,72.266],[-85.495,72.086],[-85.987,72.031],[-85.96,71.984],[-85.573,71.907],[-85.583,71.792],[-85.258,71.668],[-84.892,71.633],[-84.713,71.682],[-84.528,71.473],[-84.701,71.433],[-84.799,71.288],[-84.665,71.223],[-84.826,71.1],[-84.753,70.976],[-84.968,70.924],[-84.857,71.16],[-85.484,71.175],[-85.769,71.149],[-86.285,71.006],[-86.803,71],[-86.207,71.079],[-85.975,71.175],[-85.543,71.181],[-85.172,71.278],[-84.858,71.276],[-84.96,71.429],[-85.497,71.514],[-86.128,71.794],[-86.408,72.006],[-86.46,72.203],[-86.253,72.395],[-86.326,72.504],[-86.68,72.646],[-86.699,72.816],[-86.283,73.087],[-86.03,73.302],[-85.577,73.512],[-84.952,73.668],[-84.837,73.745],[-85.106,73.812],[-86.019,73.855],[-86.714,73.847],[-87.764,73.717],[-88.687,73.423],[-89.051,73.252],[-89.312,73.046],[-89.294,72.753],[-89.578,72.792],[-89.587,72.617],[-89.784,72.573],[-89.963,72.257],[-89.901,72.19],[-89.578,72.162],[-89.993,72.072],[-90.105,71.916],[-89.798,71.765],[-89.997,71.61],[-90.004,71.456],[-89.813,71.329],[-88.616,71.237],[-88.067,71.213],[-87.818,71.257],[-87.749,71.141],[-87.282,71.009],[-87.359,70.95],[-87.893,70.935],[-88.325,70.958],[-88.642,71.055],[-89.126,71.032],[-89.558,71.093],[-89.209,70.942],[-89.449,70.908],[-89.298,70.777],[-89.076,70.7],[-88.907,70.545],[-88.694,70.465],[-88.141,70.396],[-87.879,70.318],[-88.263,70.332],[-87.853,70.238],[-87.612,70.284],[-87.78,70.332],[-87.005,70.283],[-86.974,70.353],[-87.249,70.394],[-87.031,70.468],[-86.858,70.325],[-86.566,70.355],[-86.55,70.236],[-86.27,70.113],[-85.783,69.995],[-85.255,69.989],[-85.8,70.1],[-85.369,70.109],[-84.695,70.007],[-84.077,69.986],[-83.673,69.946],[-83.052,70.01],[-82.441,69.844],[-82.144,69.825],[-81.712,69.935],[-82.246,70.113],[-82.815,70.208],[-82.845,70.257],[-82.118,70.117],[-81.753,69.973],[-81.6,69.977],[-80.929,69.715],[-80.78,69.756],[-81.193,70.001],[-81.445,70.005],[-81.762,70.123],[-81.072,70.099],[-81.009,70.063],[-80.55,70.048],[-80.367,69.994],[-79.906,69.983],[-79.681,69.849],[-79.432,69.884],[-78.888,69.894],[-78.665,70.014],[-78.767,70.191],[-78.971,70.325],[-79.128,70.309],[-79.565,70.39],[-79.424,70.492],[-79.16,70.443],[-79.143,70.511],[-79.003,70.619],[-78.8,70.609],[-79.08,70.538],[-79.074,70.477],[-78.897,70.417],[-78.745,70.456],[-78.389,70.216],[-78.152,70.202],[-77.892,70.264],[-77.683,70.184],[-77.683,69.825],[-77.546,69.754],[-77.491,69.863],[-77.293,69.868],[-76.889,69.802],[-76.835,69.695],[-77.203,69.647],[-76.703,69.565],[-76.415,69.702],[-76.63,69.546],[-76.391,69.405],[-76.217,69.417],[-75.687,69.287],[-75.572,69.157],[-75.621,69.088],[-75.99,69.011],[-76.422,69.06],[-76.638,69.016],[-76.534,68.881],[-76.673,68.766],[-76.625,68.682],[-76.326,68.698],[-75.935,68.825],[-75.607,68.886],[-75.486,69.022],[-75.139,68.889],[-75.052,69.009],[-74.809,69.083],[-74.668,69.048],[-74.926,69.002],[-75.001,68.928],[-74.755,68.94],[-74.685,68.88],[-74.959,68.811],[-74.718,68.774],[-74.523,68.611],[-74.22,68.516],[-73.885,68.555],[-74.188,68.729],[-73.708,68.66],[-73.729,68.54],[-73.947,68.413],[-73.728,68.314],[-73.352,68.25],[-73.303,68.291],[-72.995,68.236],[-72.899,68.023],[-72.944,67.932],[-72.619,67.795],[-72.673,67.703],[-72.436,67.531],[-72.37,67.331],[-72.193,67.276],[-72.351,67.119],[-72.803,67.043],[-73.005,66.779],[-72.949,66.735]]],[[[-115.324,73.509],[-115.646,73.677],[-115.923,73.73],[-116.867,74.088],[-117.416,74.232],[-118.066,74.281],[-118.725,74.221],[-118.983,74.007],[-119.189,73.992],[-119.069,74.091],[-119.144,74.209],[-119.48,74.226],[-119.722,74.11],[-119.662,74.225],[-120.157,74.279],[-120.935,74.424],[-121.132,74.51],[-121.581,74.556],[-122.623,74.463],[-123.304,74.449],[-124.756,74.349],[-124.603,74.314],[-124.466,74.074],[-124.145,73.851],[-123.774,73.766],[-124.056,73.662],[-124.068,73.54],[-124.445,73.419],[-124.666,73.154],[-124.86,73.09],[-124.49,72.925],[-124.951,72.857],[-125.068,72.884],[-124.946,72.703],[-124.952,72.57],[-125.299,72.489],[-125.651,72.257],[-125.79,71.949],[-125.253,71.956],[-124.662,71.805],[-124.065,71.7],[-123.624,71.462],[-123.436,71.249],[-123.1,71.085],[-122.798,71.088],[-122.63,71.175],[-122.156,71.261],[-121.701,71.468],[-121.423,71.38],[-120.635,71.491],[-120.383,71.701],[-120.434,71.964],[-120.153,72.14],[-120.261,72.242],[-119.773,72.23],[-119.34,72.347],[-119.164,72.63],[-118.718,72.749],[-118.042,72.886],[-117.39,73.055],[-117.215,73.066],[-116.459,73.261],[-115.754,73.357],[-115.324,73.509]]],[[[-123.369,48.774],[-123.582,48.931],[-123.496,48.716],[-123.369,48.774]]],[[[-123.654,49.034],[-123.369,48.862],[-123.334,48.903],[-123.654,49.034]]],[[[-126.083,49.315],[-126.132,49.397],[-126.231,49.379],[-126.224,49.277],[-126.09,49.254],[-126.083,49.315]]],[[[-123.452,49.445],[-123.322,49.486],[-123.453,49.508],[-123.452,49.445]]],[[[-124.109,49.678],[-124.02,49.781],[-124.205,49.705],[-124.109,49.678]]],[[[-124.664,49.747],[-124.123,49.5],[-124.348,49.704],[-124.658,49.802],[-124.664,49.747]]],[[[-126.659,49.788],[-126.769,49.883],[-126.987,49.815],[-126.864,49.773],[-126.974,49.736],[-126.807,49.627],[-126.618,49.631],[-126.659,49.788]]],[[[-125.027,50.144],[-125.005,50.018],[-124.891,50.069],[-124.986,50.226],[-125.027,50.144]]],[[[-125.199,50.041],[-125.18,50.229],[-125.336,50.274],[-125.324,50.143],[-125.199,50.041]]],[[[-124.891,50.193],[-124.843,50.122],[-124.754,50.168],[-124.816,50.212],[-124.812,50.269],[-124.964,50.262],[-124.891,50.193]]],[[[-124.803,50.229],[-124.726,50.163],[-124.651,50.224],[-124.749,50.304],[-124.803,50.229]]],[[[-125.336,50.302],[-125.211,50.318],[-125.136,50.232],[-125.154,50.134],[-125.049,50.219],[-125.167,50.385],[-125.288,50.437],[-125.336,50.302]]],[[[-125.368,50.461],[-125.545,50.378],[-125.448,50.354],[-125.368,50.461]]],[[[-125.749,50.422],[-125.806,50.475],[-125.965,50.438],[-125.749,50.422]]],[[[-126.337,50.603],[-126.625,50.535],[-126.448,50.519],[-126.235,50.557],[-126.337,50.603]]],[[[-126.859,50.646],[-127.107,50.671],[-127.15,50.64],[-126.859,50.646]]],[[[-126.618,50.672],[-126.288,50.655],[-126.186,50.742],[-126.272,50.83],[-126.398,50.808],[-126.618,50.672]]],[[[-126.782,50.775],[-126.603,50.808],[-126.634,50.848],[-126.905,50.829],[-126.782,50.775]]],[[[-123.321,48.496],[-123.399,48.682],[-123.472,48.685],[-123.535,48.54],[-123.531,48.685],[-123.594,48.837],[-123.835,49],[-123.751,49.028],[-123.813,49.119],[-123.931,49.144],[-123.955,49.229],[-124.36,49.357],[-124.545,49.377],[-124.838,49.517],[-124.973,49.685],[-124.882,49.725],[-125.178,49.925],[-125.388,50.199],[-125.436,50.314],[-125.589,50.371],[-125.74,50.356],[-126.117,50.455],[-126.46,50.475],[-127.199,50.621],[-127.505,50.773],[-127.882,50.867],[-128.077,50.87],[-128.417,50.772],[-128.32,50.61],[-128.06,50.453],[-127.593,50.544],[-127.447,50.377],[-127.591,50.486],[-127.916,50.466],[-127.964,50.364],[-127.755,50.259],[-127.898,50.114],[-127.796,50.083],[-127.65,50.178],[-127.488,50.13],[-127.363,50.033],[-127.292,50.144],[-127.148,50.084],[-127.229,49.946],[-127.122,49.858],[-126.945,49.864],[-126.783,49.942],[-126.65,49.898],[-126.605,49.732],[-126.324,49.648],[-126.563,49.587],[-126.573,49.414],[-126.51,49.378],[-126.432,49.473],[-126.288,49.363],[-126.055,49.445],[-126.028,49.274],[-125.956,49.233],[-125.741,49.267],[-125.747,49.109],[-125.872,49.09],[-125.461,48.921],[-125.333,49.042],[-125.336,48.972],[-125.221,48.955],[-124.847,49.02],[-125.185,48.801],[-125.094,48.73],[-124.816,48.647],[-124.665,48.573],[-124.389,48.518],[-123.891,48.367],[-123.551,48.313],[-123.437,48.445],[-123.287,48.424],[-123.321,48.496]]],[[[-64.477,60.334],[-64.641,60.492],[-64.862,60.466],[-64.75,60.374],[-64.477,60.334]]],[[[-67.881,60.497],[-67.999,60.586],[-68.241,60.586],[-68.439,60.259],[-68.321,60.197],[-67.973,60.29],[-67.847,60.416],[-67.881,60.497]]],[[[-78.244,60.835],[-78.604,60.78],[-78.691,60.72],[-78.336,60.759],[-78.244,60.835]]],[[[-64.841,61.352],[-64.675,61.508],[-64.717,61.663],[-65.047,61.698],[-65.429,61.662],[-65.486,61.599],[-65.076,61.419],[-64.841,61.352]]],[[[-65.703,61.793],[-65.791,61.873],[-65.946,61.801],[-65.703,61.793]]],[[[-93.025,61.917],[-93.194,61.925],[-93.088,61.835],[-93.025,61.917]]],[[[-65.241,61.92],[-65.147,61.784],[-64.901,61.727],[-64.892,61.833],[-65.067,61.93],[-65.241,61.92]]],[[[-79.282,62.27],[-79.559,62.42],[-79.831,62.411],[-80.215,62.138],[-80.286,61.93],[-80.18,61.774],[-79.95,61.683],[-79.834,61.573],[-79.75,61.586],[-79.548,61.76],[-79.518,61.848],[-79.326,61.988],[-79.282,62.27]]],[[[-64.381,62.527],[-64.756,62.567],[-64.932,62.489],[-64.923,62.42],[-64.594,62.37],[-64.395,62.465],[-64.381,62.527]]],[[[-74.016,62.671],[-74.376,62.685],[-74.542,62.751],[-74.653,62.719],[-74.376,62.634],[-73.965,62.609],[-74.016,62.671]]],[[[-70.241,62.616],[-70.492,62.767],[-70.789,62.842],[-71.208,62.889],[-70.778,62.75],[-70.925,62.746],[-70.741,62.558],[-70.362,62.527],[-70.241,62.616]]],[[[-82.191,62.986],[-82.42,62.928],[-82.739,62.938],[-83.119,62.847],[-83.296,62.931],[-83.52,62.826],[-83.553,62.7],[-83.713,62.568],[-83.907,62.491],[-83.91,62.395],[-83.751,62.31],[-83.673,62.145],[-83.281,62.253],[-83.135,62.177],[-82.747,62.311],[-82.425,62.472],[-82.296,62.585],[-81.957,62.698],[-81.965,62.801],[-81.862,62.925],[-82.191,62.986]]],[[[-77.538,63.288],[-77.683,63.439],[-78.186,63.493],[-78.38,63.455],[-78.441,63.519],[-78.532,63.39],[-77.941,63.087],[-77.56,63.185],[-77.538,63.288]]],[[[-64.086,63.335],[-64.293,63.439],[-64.326,63.644],[-64.498,63.617],[-64.259,63.327],[-64.086,63.335]]],[[[-76.689,63.486],[-76.709,63.568],[-77.12,63.685],[-77.397,63.693],[-77.418,63.591],[-76.982,63.407],[-76.702,63.37],[-76.545,63.467],[-76.689,63.486]]],[[[-64.888,63.795],[-64.703,63.787],[-64.429,63.678],[-64.388,63.733],[-64.613,63.788],[-64.553,63.897],[-64.729,63.903],[-64.888,63.795]]],[[[-77.973,63.966],[-77.71,63.942],[-77.596,64.041],[-77.949,64.014],[-77.973,63.966]]],[[[-73.53,64.504],[-73.684,64.525],[-73.654,64.323],[-73.556,64.315],[-73.53,64.504]]],[[[-65.546,64.548],[-65.228,64.625],[-65.293,64.74],[-65.688,64.548],[-65.546,64.548]]],[[[-62.257,65.748],[-62.47,65.749],[-62.47,65.665],[-62.127,65.679],[-62.257,65.748]]],[[[-83.503,65.81],[-83.29,65.835],[-83.545,65.871],[-83.503,65.81]]],[[[-80.183,63.768],[-80.193,63.808],[-80.644,63.882],[-80.522,63.97],[-80.889,64.123],[-80.904,64.011],[-81.373,64.074],[-81.779,64.002],[-82,64.011],[-81.627,64.124],[-81.714,64.254],[-81.771,64.512],[-82.123,64.692],[-82.366,64.768],[-82.715,64.781],[-82.884,64.88],[-83.208,64.948],[-83.398,65.137],[-83.843,65.165],[-84.098,65.21],[-84.233,65.282],[-84.152,65.332],[-84.577,65.489],[-84.848,65.214],[-85.077,65.456],[-85.316,65.541],[-85.052,65.614],[-85.201,65.809],[-85.488,65.797],[-85.487,65.924],[-85.61,65.911],[-85.939,65.763],[-86.028,65.665],[-86.174,65.287],[-86.159,64.939],[-86.419,64.597],[-86.365,64.309],[-86.193,64.103],[-86.896,63.93],[-87.177,63.73],[-87.175,63.585],[-86.868,63.562],[-86.661,63.658],[-86.285,63.646],[-85.794,63.713],[-85.617,63.675],[-85.655,63.418],[-85.635,63.243],[-85.51,63.129],[-85.274,63.123],[-84.954,63.194],[-84.59,63.315],[-84.48,63.393],[-84.405,63.555],[-84.284,63.627],[-84.064,63.621],[-83.784,63.769],[-83.649,63.765],[-83.605,63.93],[-83.685,64.014],[-83.539,64.111],[-83.204,64.122],[-83.014,64.192],[-82.98,64.117],[-83.138,64.007],[-83.059,63.954],[-82.842,63.987],[-82.534,63.973],[-82.356,63.853],[-82.518,63.797],[-82.482,63.685],[-82.075,63.692],[-81.73,63.631],[-81.636,63.575],[-81.019,63.45],[-80.931,63.521],[-80.598,63.637],[-80.466,63.727],[-80.183,63.768]]],[[[-85.001,66.008],[-85.186,65.947],[-85.113,65.762],[-84.713,65.555],[-84.574,65.636],[-84.715,65.835],[-85.001,66.008]]],[[[-84.474,66.09],[-84.125,65.907],[-84.143,65.767],[-83.685,65.748],[-83.761,65.673],[-83.367,65.619],[-83.212,65.706],[-83.536,65.717],[-83.802,65.823],[-83.693,65.926],[-84.069,66.063],[-84.474,66.139],[-84.474,66.09]]],[[[-83.274,66.309],[-83.293,66.268],[-83.007,66.199],[-82.904,66.268],[-83.274,66.309]]],[[[-62.407,67.187],[-62.902,67.063],[-62.808,67.02],[-62.374,67.166],[-62.407,67.187]]],[[[-63.518,67.324],[-63.833,67.29],[-63.461,67.27],[-63.518,67.324]]],[[[-63.757,67.523],[-63.955,67.655],[-64.038,67.53],[-63.757,67.523]]],[[[-73.358,67.838],[-73.522,68.01],[-73.804,67.997],[-74.277,68.078],[-74.309,68.175],[-74.477,68.07],[-74.756,68.063],[-74.64,67.857],[-74.402,67.779],[-73.409,67.776],[-73.358,67.838]]],[[[-66.296,68.269],[-66.653,68.198],[-66.271,68.161],[-66.296,68.269]]],[[[-86.577,68.291],[-86.687,68.31],[-86.913,68.173],[-86.986,68.067],[-86.848,68.022],[-86.954,67.925],[-86.837,67.792],[-86.598,67.728],[-86.413,67.845],[-86.374,67.959],[-86.408,68.208],[-86.577,68.291]]],[[[-75.034,68.173],[-75.138,68.236],[-75.911,68.345],[-76.082,68.298],[-76.299,68.335],[-76.689,68.263],[-76.877,68.153],[-77.212,67.87],[-77.323,67.708],[-77.178,67.426],[-76.982,67.243],[-76.634,67.228],[-76.243,67.27],[-75.889,67.258],[-75.39,67.358],[-75.065,67.552],[-75.044,67.817],[-75.161,67.953],[-75.007,68.111],[-75.034,68.173]]],[[[-78.909,68.324],[-79.146,68.348],[-79.183,68.222],[-79.044,68.166],[-78.81,68.284],[-78.909,68.324]]],[[[-74.369,68.389],[-74.154,68.256],[-74.084,68.343],[-74.298,68.464],[-74.369,68.389]]],[[[-78.614,68.506],[-78.463,68.62],[-78.902,68.653],[-78.669,68.585],[-78.936,68.522],[-78.784,68.446],[-78.614,68.506]]],[[[-74.845,68.579],[-74.538,68.555],[-74.793,68.676],[-74.845,68.579]]],[[[-74.838,68.42],[-74.774,68.486],[-74.989,68.669],[-75.239,68.725],[-75.411,68.523],[-74.811,68.324],[-74.838,68.42]]],[[[-68.006,68.77],[-68.418,68.818],[-67.915,68.711],[-67.663,68.701],[-68.006,68.77]]],[[[-90.497,69.243],[-90.66,69.381],[-90.691,69.272],[-90.497,69.243]]],[[[-79.08,68.879],[-78.83,68.917],[-78.552,69.102],[-78.457,69.229],[-78.214,69.303],[-78.313,69.387],[-78.607,69.373],[-78.976,69.104],[-79.204,69.085],[-79.423,68.927],[-79.228,68.831],[-79.08,68.879]]],[[[-90.25,69.298],[-90.209,69.435],[-90.49,69.38],[-90.328,69.239],[-90.25,69.298]]],[[[-76.692,69.411],[-77.113,69.448],[-77.327,69.417],[-77.387,69.267],[-77.265,69.147],[-76.922,69.127],[-76.944,69.208],[-76.675,69.311],[-76.692,69.411]]],[[[-67.444,69.592],[-67.753,69.523],[-67.308,69.558],[-67.444,69.592]]],[[[-67.91,69.534],[-67.731,69.659],[-67.881,69.711],[-68.308,69.592],[-67.91,69.534]]],[[[-78.395,69.647],[-78.566,69.647],[-78.855,69.504],[-78.517,69.485],[-78.092,69.578],[-77.942,69.647],[-78.141,69.75],[-78.395,69.647]]],[[[-79.971,69.633],[-79.533,69.633],[-79.327,69.709],[-79.455,69.801],[-79.672,69.82],[-79.974,69.731],[-80.232,69.804],[-80.501,69.787],[-80.424,69.702],[-80.718,69.756],[-80.761,69.668],[-80.497,69.668],[-80.334,69.558],[-79.936,69.537],[-79.971,69.633]]],[[[-83.836,69.75],[-83.528,69.791],[-83.856,69.832],[-83.836,69.75]]],[[[-91.463,69.777],[-91.504,69.839],[-91.737,69.798],[-91.557,69.729],[-91.463,69.777]]],[[[-87.084,69.989],[-86.777,69.971],[-86.46,70.017],[-86.651,70.121],[-87.379,70.106],[-87.084,69.989]]],[[[-71.508,71.017],[-72.012,71.052],[-72.046,70.946],[-72.228,70.935],[-72.118,70.825],[-71.439,70.91],[-71.508,71.017]]],[[[-72.954,71.518],[-73.352,71.534],[-73.267,71.364],[-73.063,71.326],[-73.012,71.42],[-72.817,71.449],[-72.954,71.518]]],[[[-72.738,71.662],[-73.044,71.586],[-72.765,71.529],[-72.738,71.662]]],[[[-95.328,71.847],[-95.492,71.743],[-95.318,71.742],[-95.328,71.847]]],[[[-96.918,72.738],[-96.651,72.779],[-96.759,72.896],[-97.014,72.779],[-96.918,72.738]]],[[[-97.072,73.138],[-97.1,72.992],[-96.934,72.924],[-96.655,72.964],[-96.651,73.142],[-96.904,73.19],[-97.072,73.138]]],[[[-108.088,73.591],[-107.994,73.547],[-107.628,73.574],[-107.676,73.625],[-108.088,73.591]]],[[[-104.681,73.63],[-105.167,73.757],[-106.6,73.711],[-107.039,73.484],[-106.509,73.414],[-106.046,73.224],[-105.298,72.853],[-105.333,72.916],[-104.981,73.036],[-104.573,73.332],[-104.501,73.567],[-104.681,73.63]]],[[[-80.903,73.607],[-80.771,73.279],[-80.164,73.233],[-80.176,73.046],[-79.949,72.847],[-79.568,72.76],[-79.175,72.755],[-78.642,72.852],[-78.171,72.899],[-77.423,72.883],[-77.319,72.856],[-76.319,72.817],[-76.058,72.902],[-76.266,72.944],[-76.243,73.093],[-76.634,73.17],[-76.702,73.306],[-77.04,73.359],[-77.213,73.511],[-78.139,73.669],[-79.45,73.635],[-80.022,73.734],[-80.126,73.698],[-80.446,73.774],[-80.862,73.751],[-80.903,73.607]]],[[[-96.321,72.467],[-96.616,72.752],[-97.069,72.614],[-97.031,72.724],[-97.266,72.854],[-97.256,72.962],[-97.661,73.037],[-97.985,73.044],[-98.384,72.912],[-98.494,73.018],[-98.349,73.044],[-97.733,73.306],[-97.15,73.395],[-97.432,73.532],[-96.995,73.626],[-96.956,73.737],[-97.26,73.861],[-97.905,73.902],[-98.097,73.818],[-99.218,73.739],[-99.701,73.848],[-99.803,73.937],[-100.214,73.92],[-100.086,73.832],[-99.846,73.888],[-100.029,73.766],[-100.415,73.844],[-100.886,73.832],[-101.048,73.683],[-100.549,73.601],[-100.694,73.478],[-100.919,73.603],[-101.23,73.606],[-101.626,73.491],[-101.289,73.36],[-100.858,73.263],[-100.337,73.326],[-100.344,73.395],[-100.039,73.194],[-100.381,73.29],[-100.611,73.148],[-100.458,73.086],[-100.228,73.134],[-100.05,72.964],[-100.135,72.896],[-100.42,72.875],[-100.448,72.738],[-100.858,72.758],[-100.875,72.696],[-101.296,72.719],[-101.536,72.889],[-102.046,73.08],[-102.485,73.041],[-102.756,72.812],[-102.614,72.661],[-101.967,72.497],[-101.84,72.326],[-101.449,72.242],[-101.229,72.335],[-100.952,72.179],[-100.637,72.186],[-100.447,72.059],[-100.035,71.868],[-99.864,71.859],[-99.412,71.545],[-99.235,71.35],[-98.946,71.374],[-98.718,71.272],[-98.215,71.409],[-98.042,71.531],[-98.5,71.723],[-98.295,71.902],[-98.359,71.734],[-98.22,71.659],[-97.461,71.617],[-97.083,71.703],[-96.962,71.807],[-96.56,71.84],[-96.516,72.042],[-96.555,72.264],[-96.664,72.318],[-96.321,72.467]]],[[[-99.247,73.855],[-98.951,73.807],[-98.143,73.878],[-97.643,74.072],[-97.725,74.122],[-98.753,74.034],[-99.44,73.909],[-99.247,73.855]]],[[[-90.291,73.923],[-90.994,74.006],[-91.572,74.033],[-92.271,73.992],[-92.8,74.132],[-93.273,74.178],[-93.668,74.173],[-93.757,74.077],[-93.919,74.14],[-94.721,74.101],[-95.249,74.01],[-95.318,73.892],[-94.84,73.692],[-95.021,73.671],[-95.246,73.76],[-95.662,73.731],[-95.725,73.642],[-95.602,73.389],[-95.582,73.162],[-95.719,73.012],[-95.669,72.802],[-95.198,72.523],[-95.143,72.436],[-95.212,72.197],[-95.079,72.13],[-95.145,71.966],[-94.75,72.015],[-94.129,72.025],[-93.811,72.316],[-93.464,72.463],[-93.56,72.566],[-93.876,72.71],[-94.156,72.771],[-93.403,72.794],[-92.385,72.71],[-92.169,72.73],[-91.858,72.848],[-91.377,73.213],[-90.373,73.792],[-90.291,73.923]]],[[[-97.737,74.471],[-97.377,74.512],[-97.26,74.598],[-97.503,74.623],[-97.737,74.471]]],[[[-95.362,74.591],[-95.563,74.643],[-95.87,74.581],[-95.35,74.496],[-95.362,74.591]]],[[[-103.638,75.2],[-103.821,75.367],[-104.403,75.433],[-104.677,75.346],[-104.906,75.124],[-104.229,75.019],[-103.867,75.064],[-103.638,75.2]]],[[[-93.437,74.944],[-93.522,75.039],[-93.499,75.268],[-94.394,75.604],[-94.9,75.645],[-95.791,75.501],[-95.68,75.414],[-95.921,75.39],[-96.469,75.194],[-96.616,74.992],[-96.349,75.009],[-96.231,74.914],[-95.898,74.826],[-95.305,74.805],[-95.089,74.69],[-94.724,74.632],[-93.608,74.654],[-93.457,74.718],[-93.437,74.944]]],[[[-96.575,75.438],[-96.515,75.55],[-96.206,75.458],[-95.91,75.561],[-96.375,75.66],[-96.417,75.595],[-97.055,75.499],[-96.873,75.357],[-96.575,75.438]]],[[[-120.998,75.931],[-121.059,75.739],[-120.914,75.81],[-120.998,75.931]]],[[[-102.873,75.766],[-102.505,75.799],[-102.389,75.89],[-101.981,75.952],[-102.215,75.993],[-103.045,75.906],[-103.327,75.751],[-102.873,75.766]]],[[[-94.485,75.978],[-94.91,75.937],[-94.658,75.746],[-94.317,75.764],[-94.485,75.978]]],[[[-102.572,75.993],[-102.444,76.09],[-103.319,76.023],[-103.976,75.944],[-103.692,75.889],[-102.572,75.993]]],[[[-117.785,75.896],[-117.463,76.088],[-117.66,76.126],[-118.209,75.969],[-118.621,75.922],[-119.409,75.602],[-118.614,75.504],[-117.932,75.74],[-117.785,75.896]]],[[[-78.895,76.123],[-79.068,76.125],[-79.723,75.862],[-79.425,75.796],[-79.279,75.877],[-78.875,75.856],[-79.148,75.925],[-78.861,76.047],[-78.895,76.123]]],[[[-103.811,76.034],[-102.838,76.081],[-102.531,76.157],[-102.727,76.316],[-103.857,76.257],[-104.312,76.212],[-104.368,76.076],[-103.811,76.034]]],[[[-104.398,76.469],[-104.378,76.325],[-103.336,76.332],[-103.07,76.465],[-103.58,76.527],[-104.025,76.67],[-104.652,76.602],[-104.398,76.469]]],[[[-97.425,75.52],[-97.378,75.68],[-97.939,75.746],[-97.57,75.865],[-97.651,75.952],[-97.5,76.157],[-97.789,76.322],[-97.665,76.486],[-98.368,76.571],[-98.422,76.625],[-98.905,76.624],[-99.056,76.541],[-98.857,76.466],[-99.139,76.455],[-99.641,76.637],[-100.27,76.65],[-100.988,76.507],[-100.675,76.381],[-100.321,76.389],[-100.022,76.308],[-100.479,76.234],[-99.994,76.205],[-99.684,76.124],[-100.221,76.136],[-99.866,75.908],[-100.152,75.917],[-100.354,76.066],[-100.625,76.081],[-100.717,76.174],[-101.132,76.245],[-101.086,76.342],[-101.413,76.438],[-101.811,76.459],[-102.195,76.294],[-102.103,76.221],[-101.385,76.253],[-101.742,76.184],[-101.909,76.087],[-101.71,75.99],[-101.414,76.004],[-101.589,75.925],[-101.359,75.78],[-101.833,75.906],[-102.262,75.87],[-102.247,75.724],[-102.688,75.678],[-102.776,75.545],[-102.633,75.498],[-101.449,75.608],[-101.361,75.578],[-100.553,75.65],[-98.931,75.714],[-98.96,75.684],[-99.823,75.656],[-99.83,75.548],[-100.283,75.527],[-100.041,75.457],[-100.721,75.438],[-100.427,75.383],[-100.782,75.355],[-100.406,75.273],[-100.33,75.014],[-99.645,74.976],[-99.331,75.121],[-99.374,74.989],[-98.75,74.988],[-98.035,75.026],[-97.973,75.112],[-97.569,75.15],[-98.165,75.334],[-97.819,75.416],[-97.724,75.572],[-97.281,75.403],[-97.425,75.52]]],[[[-101.16,76.582],[-100.248,76.739],[-100.972,76.736],[-101.243,76.647],[-101.687,76.589],[-101.16,76.582]]],[[[-89.675,76.733],[-89.982,76.842],[-90.53,76.792],[-90.568,76.716],[-90.065,76.486],[-89.675,76.507],[-89.859,76.616],[-89.675,76.733]]],[[[-105.395,75.674],[-105.512,75.891],[-105.76,75.99],[-106.607,76.062],[-106.891,75.941],[-106.882,75.766],[-107.046,75.889],[-107.367,75.919],[-107.721,75.886],[-107.979,75.781],[-107.897,75.901],[-107.648,75.973],[-107.858,76.066],[-108.499,76.04],[-108.081,76.287],[-108.485,76.459],[-108.732,76.643],[-108.469,76.686],[-108.776,76.864],[-109.184,76.822],[-109.494,76.723],[-109.808,76.492],[-110.384,76.431],[-110.384,76.301],[-109.927,76.2],[-109.832,76.241],[-109.308,76.103],[-109.433,76.004],[-110.055,75.896],[-109.728,75.882],[-109.692,75.807],[-109.102,75.75],[-108.835,75.623],[-108.896,75.492],[-110.514,75.573],[-111.251,75.522],[-111.411,75.616],[-111.459,75.842],[-112.186,75.848],[-111.769,75.947],[-112.365,76.034],[-112.432,76.171],[-112.994,76.273],[-113.354,76.266],[-113.963,76.191],[-114.206,76.471],[-114.451,76.501],[-115.512,76.456],[-115.913,76.349],[-115.779,76.237],[-115.279,76.237],[-114.975,76.177],[-116.163,76.204],[-116.526,76.16],[-116.706,76.058],[-116.485,75.972],[-116.708,75.9],[-116.203,75.868],[-114.858,75.911],[-114.875,75.867],[-116.885,75.789],[-117.228,75.633],[-117.198,75.576],[-116.116,75.578],[-115.052,75.71],[-115.263,75.602],[-115.59,75.588],[-116.042,75.485],[-117.202,75.481],[-117.554,75.358],[-117.671,75.245],[-117.51,75.201],[-116.668,75.127],[-116.256,75.211],[-116.256,75.067],[-115.715,74.97],[-115.233,75.174],[-115.196,75.002],[-114.958,74.971],[-114.441,75.068],[-114.303,75.182],[-114.549,75.312],[-114.196,75.225],[-114.046,75.366],[-113.376,75.416],[-113.784,75.34],[-113.958,75.074],[-113.023,75.095],[-112.295,75.205],[-112.346,75.122],[-111.372,75.187],[-111.244,75.267],[-110.951,75.252],[-111.152,75.138],[-111.555,75.013],[-112.798,74.985],[-113.496,74.839],[-114.234,74.759],[-114.44,74.684],[-114.173,74.567],[-113.693,74.444],[-113.024,74.396],[-112.437,74.414],[-111.658,74.501],[-111.001,74.616],[-110.589,74.725],[-110.671,74.773],[-109.582,74.858],[-108.824,75.072],[-108.417,74.917],[-108.057,74.937],[-107.976,75.02],[-107.684,75.05],[-107.513,74.943],[-107.005,74.924],[-106.76,75.003],[-106.009,75.057],[-106.047,75.124],[-105.661,75.355],[-105.395,75.674]]],[[[-114.837,76.76],[-113.673,76.704],[-113.453,76.774],[-113.846,76.899],[-114.435,76.882],[-114.837,76.76]]],[[[-79.56,74.992],[-79.78,75.032],[-80.177,74.985],[-80.443,75.04],[-79.969,75.097],[-79.628,75.18],[-79.444,75.287],[-79.65,75.47],[-80.376,75.465],[-79.995,75.524],[-80.503,75.662],[-81.015,75.636],[-81.286,75.664],[-81.113,75.779],[-82.331,75.844],[-83.089,75.74],[-83.736,75.827],[-84.29,75.713],[-84.665,75.691],[-84.576,75.624],[-85.045,75.656],[-85.323,75.574],[-85.592,75.597],[-86.152,75.509],[-85.792,75.43],[-86.618,75.369],[-86.395,75.431],[-86.778,75.476],[-87.111,75.595],[-87.366,75.616],[-87.496,75.492],[-87.751,75.581],[-88.213,75.474],[-88.58,75.659],[-88.9,75.609],[-88.753,75.482],[-88.917,75.43],[-89.208,75.586],[-89.541,75.554],[-89.647,75.622],[-89.257,75.636],[-89.198,75.796],[-89.515,75.859],[-89.777,75.794],[-89.688,75.903],[-89.928,76.006],[-90.114,75.937],[-90.798,75.999],[-90.932,75.923],[-91.105,76.035],[-90.291,76.032],[-90.188,76.068],[-91.244,76.164],[-91.161,76.198],[-90.456,76.178],[-89.38,76.184],[-89.298,76.301],[-90.99,76.451],[-91.401,76.459],[-91.349,76.517],[-90.653,76.457],[-90.572,76.564],[-91.011,76.657],[-91.441,76.694],[-92.155,76.619],[-92.693,76.596],[-93.079,76.628],[-93.381,76.467],[-93.656,76.445],[-93.299,76.555],[-93.197,76.753],[-93.919,76.939],[-94.114,76.888],[-94.508,76.971],[-95.192,77.004],[-95.771,77.077],[-96.39,77.034],[-96.267,76.987],[-96.802,76.987],[-96.785,76.866],[-96.314,76.808],[-96.643,76.753],[-96.89,76.812],[-96.871,76.703],[-96.476,76.69],[-96.027,76.555],[-96.109,76.5],[-95.823,76.399],[-94.841,76.34],[-95.29,76.288],[-95.087,76.226],[-94.749,76.315],[-94.068,76.259],[-93.128,76.37],[-92.647,76.12],[-92.63,76.02],[-92.185,75.895],[-92.176,75.753],[-92.004,75.602],[-92.3,75.513],[-92.463,75.376],[-92.472,75.215],[-92.114,75.136],[-92.224,75.032],[-92.061,74.963],[-92.018,74.777],[-91.621,74.712],[-91.513,74.645],[-91.099,74.629],[-91.228,74.725],[-90.771,74.888],[-91.025,74.704],[-90.764,74.718],[-90.701,74.646],[-89.949,74.533],[-89.434,74.553],[-89.147,74.608],[-88.94,74.795],[-88.869,74.663],[-88.528,74.899],[-88.416,74.731],[-88.518,74.501],[-87.644,74.458],[-87.464,74.484],[-86.604,74.471],[-86.801,74.549],[-86.316,74.498],[-86.238,74.601],[-86.125,74.484],[-85.333,74.496],[-85.035,74.539],[-84.975,74.697],[-84.915,74.512],[-84.258,74.506],[-83.494,74.578],[-83.332,74.782],[-83.562,74.892],[-83.128,74.832],[-83.13,74.708],[-82.92,74.552],[-81.789,74.458],[-81.32,74.562],[-80.542,74.564],[-80.162,74.624],[-80.245,74.759],[-79.395,74.876],[-79.56,74.992]]],[[[-119.317,76.2],[-119.095,76.088],[-118.86,76.285],[-118.569,76.345],[-118.646,76.432],[-118.976,76.492],[-118.535,76.504],[-118.302,76.568],[-118.497,76.719],[-118.34,76.771],[-117.736,76.78],[-117.919,76.693],[-118.007,76.402],[-117.819,76.325],[-117.352,76.26],[-116.934,76.356],[-117.075,76.526],[-116.325,76.582],[-115.893,76.698],[-116.04,76.828],[-116.357,76.908],[-116.024,76.899],[-115.754,76.965],[-116.222,77.042],[-116.379,77.128],[-115.393,77.308],[-115.448,77.349],[-116.407,77.562],[-117.154,77.459],[-116.647,77.39],[-117.231,77.286],[-117.852,77.39],[-118.821,77.361],[-119.29,77.289],[-119.387,77.193],[-120.091,77.006],[-120.368,76.815],[-121.089,76.671],[-121.554,76.437],[-122.381,76.409],[-122.832,76.237],[-122.979,76.109],[-122.67,76.178],[-122.483,76.102],[-122.642,75.988],[-122.426,75.933],[-122.125,76.041],[-121.847,76.045],[-121.3,75.911],[-120.88,76.199],[-120.662,76.144],[-120.684,76.006],[-120.388,75.972],[-120.489,75.847],[-120.161,75.898],[-119.863,75.859],[-119.492,76.037],[-119.711,76.267],[-119.481,76.355],[-119.317,76.2]]],[[[-85.162,77.459],[-84.816,77.5],[-85.018,77.583],[-85.162,77.459]]],[[[-89.661,77.356],[-89.776,77.486],[-90.304,77.629],[-90.882,77.658],[-91.169,77.617],[-91.2,77.408],[-90.924,77.307],[-90.094,77.204],[-89.661,77.356]]],[[[-104.395,77.193],[-104.421,77.308],[-104.792,77.422],[-105.001,77.412],[-104.996,77.537],[-105.503,77.721],[-106.077,77.739],[-105.536,77.304],[-104.754,77.111],[-104.395,77.193]]],[[[-93.252,77.644],[-93.208,77.723],[-93.608,77.781],[-94.948,77.791],[-95.402,77.747],[-95.444,77.811],[-96.235,77.706],[-96.302,77.593],[-95.988,77.479],[-94.331,77.477],[-93.958,77.438],[-93.502,77.464],[-93.252,77.644]]],[[[-102.449,77.74],[-101.791,77.679],[-101.558,77.731],[-100.961,77.729],[-101.214,77.841],[-101.645,77.89],[-102.398,77.889],[-102.449,77.74]]],[[[-113.686,77.867],[-114.327,78.081],[-115.118,77.96],[-114.301,77.713],[-113.722,77.769],[-113.686,77.867]]],[[[-109.604,78.074],[-110.712,78.104],[-112.271,78.015],[-113.241,77.905],[-113.2,77.528],[-112.637,77.464],[-112.469,77.371],[-112.109,77.326],[-111.281,77.431],[-110.881,77.412],[-110.235,77.504],[-110.041,77.644],[-110.13,77.781],[-110.72,77.766],[-110.841,77.87],[-110.225,77.898],[-109.686,77.971],[-109.604,78.074]]],[[[-102.901,78.274],[-103.247,78.195],[-103.047,78.127],[-102.778,78.215],[-102.901,78.274]]],[[[-88.057,78.452],[-88.208,78.438],[-88.379,78.245],[-88.057,78.452]]],[[[-109.26,78.459],[-109.505,78.59],[-110.427,78.766],[-111.164,78.699],[-111.816,78.549],[-112.355,78.54],[-113.214,78.407],[-113.336,78.336],[-113.062,78.274],[-112.176,78.377],[-111.778,78.27],[-111.434,78.275],[-111.155,78.391],[-110.84,78.315],[-110.332,78.286],[-110.013,78.329],[-109.424,78.308],[-109.26,78.459]]],[[[-74.558,78.781],[-74.692,78.722],[-74.167,78.727],[-74.558,78.781]]],[[[-96.91,77.795],[-96.74,77.87],[-95.809,77.903],[-95.061,77.973],[-94.889,78.109],[-95.37,78.247],[-94.828,78.364],[-95.119,78.455],[-95.7,78.526],[-96.274,78.535],[-96.164,78.624],[-97.451,78.797],[-98.149,78.819],[-98.356,78.774],[-98.316,78.646],[-98.028,78.569],[-98.411,78.494],[-98.035,78.399],[-97.83,78.227],[-96.869,78.137],[-96.938,78.081],[-97.657,78.097],[-97.774,78.042],[-96.993,77.925],[-96.91,77.795]]],[[[-105.607,79.104],[-105.402,79.013],[-104.953,79.054],[-104.679,79.011],[-105.032,78.826],[-104.835,78.8],[-104.456,78.957],[-104.078,78.986],[-103.856,78.883],[-104.223,78.788],[-103.818,78.74],[-103.498,78.788],[-103.483,78.672],[-104.011,78.62],[-103.439,78.625],[-103.497,78.507],[-104.038,78.521],[-104.641,78.583],[-105.018,78.524],[-104.82,78.362],[-104.466,78.275],[-103.947,78.243],[-103.659,78.321],[-102.744,78.381],[-102.765,78.274],[-102.161,78.288],[-101.092,78.206],[-100.762,78.083],[-100.61,77.864],[-99.939,77.783],[-99.182,77.844],[-99.017,77.894],[-99.045,78.082],[-99.571,78.295],[-99.803,78.308],[-99.872,78.439],[-99.558,78.599],[-100.063,78.638],[-99.892,78.699],[-100.399,78.83],[-100.906,78.774],[-101.208,78.822],[-100.988,78.932],[-101.648,79.081],[-102.421,79.014],[-102.537,78.878],[-102.627,79.103],[-102.879,79.233],[-103.722,79.363],[-105.157,79.3],[-105.408,79.334],[-105.607,79.104]]],[[[-100.152,79.998],[-100.07,79.878],[-99.584,79.899],[-99.3,79.759],[-98.803,79.676],[-98.651,79.792],[-98.706,79.967],[-99.12,80.134],[-99.779,80.151],[-100.152,79.998]]],[[[-95.852,80.653],[-95.187,80.613],[-95.164,80.7],[-96.056,80.694],[-95.852,80.653]]],[[[-96.623,80.044],[-96.616,79.885],[-95.854,79.652],[-95.193,79.647],[-94.293,79.759],[-94.728,79.611],[-95.611,79.559],[-95.755,79.406],[-95.164,79.35],[-95.239,79.289],[-94.53,79.342],[-94.48,79.427],[-93.841,79.399],[-94.144,79.337],[-93.93,79.259],[-93.495,79.36],[-92.606,79.451],[-92.58,79.385],[-91.83,79.343],[-92.564,79.31],[-92.627,79.245],[-92.086,79.206],[-91.044,79.252],[-90.388,79.24],[-92.29,79.153],[-93.229,79.171],[-93.594,79.063],[-94.272,78.968],[-93.875,78.834],[-93.038,78.768],[-93.813,78.768],[-93.216,78.59],[-92.811,78.638],[-91.737,78.559],[-92.882,78.507],[-92.991,78.466],[-92.614,78.336],[-92.004,78.213],[-90.884,78.145],[-90.353,78.145],[-90.373,78.288],[-90.139,78.325],[-89.901,78.221],[-89.455,78.164],[-89.787,78.398],[-89.976,78.439],[-90.006,78.614],[-89.05,78.182],[-88.77,78.186],[-88.551,78.433],[-88.767,78.618],[-88.57,78.613],[-88.229,78.464],[-87.934,78.617],[-88.16,78.678],[-88.217,78.953],[-87.989,78.96],[-87.859,78.693],[-87.537,78.672],[-86.94,78.919],[-86.988,79.052],[-86.747,78.959],[-86.504,79.069],[-85.51,79.166],[-84.919,79.296],[-85.394,79.453],[-85.564,79.58],[-86.042,79.569],[-86.62,79.652],[-87.159,79.577],[-86.962,79.909],[-87.239,80.07],[-87.935,80.068],[-88.025,80.138],[-87.576,80.18],[-87.701,80.413],[-88.469,80.44],[-88.709,80.29],[-88.146,80.097],[-89.04,80.194],[-89.26,80.304],[-89.058,80.468],[-89.325,80.537],[-90.731,80.567],[-90.71,80.703],[-91.147,80.813],[-91.915,81.077],[-91.829,81.162],[-92.237,81.256],[-93.258,81.373],[-94.188,81.367],[-94.396,81.262],[-93.777,81.207],[-93.217,81.215],[-93.156,81.098],[-94.36,81.105],[-93.97,81.058],[-94.371,80.975],[-94.863,81.065],[-95.485,80.906],[-95.15,80.886],[-95.5,80.808],[-94.514,80.726],[-94.521,80.605],[-94.005,80.591],[-93.935,80.522],[-94.982,80.604],[-96.027,80.584],[-96.102,80.495],[-95.484,80.39],[-95.949,80.392],[-96.568,80.276],[-95.969,80.201],[-95.612,80.248],[-95.402,80.127],[-94.96,80.142],[-94.617,80.223],[-94.087,80.18],[-94.807,80.097],[-94.846,80.045],[-96.019,80.072],[-96.711,80.148],[-96.623,80.044]]],[[[-61.085,82.331],[-61.579,82.489],[-62.841,82.518],[-63.652,82.718],[-63.447,82.827],[-64.136,82.837],[-64.443,82.76],[-64.697,82.91],[-65.132,82.899],[-65.445,82.777],[-65.852,82.842],[-67.442,82.658],[-68.618,82.63],[-68.428,82.685],[-67.247,82.77],[-66.363,82.894],[-66.403,82.943],[-68.172,82.999],[-69.617,82.99],[-69.688,83.117],[-70.817,83.111],[-71.481,83.022],[-70.837,82.886],[-71.583,82.948],[-71.628,83.103],[-72.972,83.073],[-73.653,82.927],[-73.114,82.791],[-73.828,82.866],[-74.2,83.002],[-76.135,83.054],[-77.387,82.99],[-76.668,82.88],[-76.106,82.688],[-75.44,82.63],[-76.174,82.456],[-75.894,82.599],[-76.557,82.675],[-77.139,82.867],[-77.852,82.926],[-78.99,82.878],[-79.34,82.976],[-80.158,82.939],[-80.352,82.864],[-79.676,82.831],[-79.895,82.765],[-78.504,82.688],[-79.126,82.669],[-80.315,82.786],[-81.474,82.83],[-81.576,82.791],[-80.601,82.559],[-80.887,82.535],[-82.07,82.674],[-82.294,82.584],[-81.5,82.498],[-82.497,82.509],[-82.712,82.381],[-80.934,82.104],[-79.864,82.027],[-79.923,81.989],[-79.231,81.818],[-79.529,81.824],[-80.021,81.968],[-81.581,82.12],[-82.97,82.298],[-82.584,82.095],[-82.952,82.126],[-83.675,82.349],[-84.946,82.427],[-84.708,82.483],[-85.762,82.467],[-85.351,82.29],[-85.673,82.245],[-86.848,82.221],[-86.728,82.137],[-84.752,81.991],[-85.734,81.989],[-85.429,81.86],[-86.162,82.046],[-86.965,82.052],[-87.29,81.964],[-87.373,82.077],[-87.999,82.105],[-88.681,82.058],[-89.37,81.82],[-89.765,81.922],[-91.014,81.842],[-91.949,81.632],[-91.417,81.544],[-90.962,81.563],[-90.683,81.677],[-89.586,81.632],[-90.834,81.464],[-90.492,81.371],[-88.404,81.587],[-87.941,81.536],[-88.889,81.5],[-89.243,81.411],[-89.924,81.342],[-89.387,81.252],[-89.984,81.25],[-90.353,81.174],[-89.826,81.013],[-87.86,81.08],[-87.388,81.069],[-86.522,81.125],[-85.245,81.299],[-84.734,81.284],[-86.699,81.005],[-87.619,80.981],[-88.413,80.999],[-89.272,80.953],[-89.386,80.879],[-88.101,80.681],[-87.276,80.632],[-87.064,80.734],[-86.112,80.993],[-85.393,81.06],[-84.204,81.096],[-82.385,81.185],[-82.753,81.136],[-85.196,81.023],[-85.798,80.946],[-86.552,80.716],[-86.749,80.604],[-86.118,80.537],[-85.121,80.504],[-84.397,80.51],[-83.802,80.56],[-83.706,80.749],[-83.302,80.698],[-82.579,80.742],[-81.97,80.837],[-82.149,80.727],[-83.05,80.653],[-82.913,80.539],[-81.217,80.628],[-79.614,80.828],[-79.171,80.974],[-79.347,81.002],[-78.192,81.305],[-76.854,81.455],[-77.624,81.321],[-78.886,81.012],[-78.848,80.858],[-77.998,80.906],[-76.589,80.902],[-76.569,80.846],[-77.507,80.834],[-78.532,80.781],[-79.964,80.611],[-78.018,80.597],[-80.051,80.528],[-80.352,80.473],[-81.989,80.404],[-83.206,80.317],[-82.169,80.018],[-81.457,79.954],[-81.662,79.908],[-81.503,79.715],[-80.881,79.654],[-79.752,79.707],[-79.92,79.649],[-80.62,79.604],[-81.378,79.643],[-81.652,79.594],[-82.171,79.869],[-83.113,80.074],[-83.788,80.251],[-85.316,80.269],[-85.893,80.338],[-86.438,80.32],[-86.643,80.153],[-86.441,80.008],[-85.254,79.926],[-86.312,79.974],[-86.49,79.77],[-85.628,79.709],[-85.021,79.618],[-84.879,79.487],[-84.487,79.413],[-84.33,79.192],[-84,79.223],[-83.961,79.128],[-83.447,79.029],[-83.982,79.051],[-84.506,79.147],[-84.752,79.039],[-84.279,78.955],[-82.968,78.941],[-82.535,78.885],[-82.122,78.916],[-81.881,79.019],[-81.479,79.049],[-81.772,78.866],[-82.401,78.829],[-83.209,78.851],[-83.211,78.804],[-82.596,78.706],[-82.343,78.569],[-82.788,78.693],[-83.746,78.839],[-84.706,78.871],[-85.246,78.917],[-85.757,78.832],[-86.61,78.809],[-86.94,78.714],[-87.157,78.549],[-87.482,78.452],[-87.488,78.127],[-86.77,78.12],[-86.529,78.207],[-86.224,78.166],[-86.228,78.062],[-85.488,78.117],[-84.96,78.35],[-84.761,78.343],[-85.063,78.063],[-85.661,77.95],[-85.164,77.806],[-85.282,77.66],[-84.835,77.591],[-84.761,77.52],[-83.918,77.494],[-83.423,77.607],[-82.936,77.882],[-82.784,78.018],[-82.513,77.96],[-82.881,77.728],[-83.425,77.507],[-83.804,77.473],[-83.466,77.349],[-84.062,77.404],[-84.617,77.384],[-84.466,77.302],[-85.001,77.384],[-85.402,77.401],[-85.782,77.504],[-85.974,77.713],[-86.216,77.793],[-87.192,77.905],[-88.181,77.801],[-88.188,77.64],[-87.647,77.487],[-87.681,77.353],[-86.913,77.267],[-87.616,77.101],[-88.294,77.136],[-88.72,77.014],[-89.537,76.857],[-89.419,76.687],[-89.681,76.575],[-88.911,76.41],[-88.736,76.596],[-88.489,76.507],[-88.709,76.712],[-88.539,76.816],[-88.404,76.394],[-87.63,76.336],[-87.401,76.456],[-86.722,76.348],[-86.659,76.466],[-86.232,76.549],[-86.405,76.407],[-85.249,76.316],[-85.203,76.284],[-84.41,76.309],[-84.942,76.422],[-85.035,76.575],[-84.717,76.454],[-84.235,76.447],[-84.197,76.618],[-83.695,76.431],[-82.801,76.39],[-82.282,76.4],[-82.082,76.568],[-82.512,76.662],[-82.062,76.617],[-81.935,76.495],[-80.969,76.48],[-80.776,76.387],[-81.095,76.219],[-80.667,76.164],[-79.55,76.317],[-79.348,76.297],[-79.009,76.424],[-78.774,76.577],[-78.566,76.568],[-78.5,76.459],[-78.141,76.527],[-78.013,76.637],[-77.771,76.664],[-77.716,76.822],[-77.915,76.966],[-78.333,77.013],[-78.964,76.842],[-78.868,76.924],[-79.376,76.926],[-79.006,77.105],[-79.432,77.239],[-80.026,77.189],[-81.103,77.287],[-81.753,77.167],[-81.849,77.29],[-81.2,77.323],[-81.737,77.435],[-81.582,77.517],[-80.78,77.336],[-79.971,77.281],[-79.646,77.322],[-79.133,77.291],[-78.289,77.378],[-77.737,77.601],[-78.052,77.733],[-77.981,77.817],[-78.43,77.911],[-78.183,77.966],[-77.154,77.949],[-76.881,77.905],[-76.232,78.021],[-75.934,77.959],[-75.582,78.113],[-76.823,78.186],[-76.605,78.255],[-75.626,78.2],[-75.108,78.375],[-76.079,78.466],[-76.501,78.547],[-75.398,78.516],[-74.802,78.589],[-74.774,78.835],[-75.305,78.885],[-76.441,78.871],[-75.828,78.926],[-75.781,78.982],[-76.733,79.037],[-77.718,78.97],[-78.299,78.796],[-77.956,78.96],[-77.915,79.056],[-77.534,79.024],[-76.133,79.124],[-78.059,79.179],[-76.089,79.205],[-75.894,79.104],[-75.087,79.032],[-74.492,79.037],[-74.783,79.193],[-74.469,79.227],[-75.948,79.237],[-76.153,79.275],[-77.326,79.267],[-77.787,79.354],[-77.225,79.325],[-77.402,79.453],[-77.125,79.469],[-76.835,79.356],[-75.914,79.347],[-76.195,79.494],[-75.512,79.396],[-75.028,79.373],[-75.065,79.494],[-74.696,79.45],[-74.03,79.45],[-73.174,79.539],[-73.383,79.776],[-73.584,79.761],[-74.845,79.85],[-74.228,79.896],[-73.064,79.809],[-72.92,79.71],[-72.232,79.663],[-71.142,79.789],[-70.912,79.893],[-71.376,79.942],[-70.705,79.992],[-70.648,80.143],[-71.524,80.068],[-72.168,80.056],[-70.748,80.207],[-70.211,80.188],[-69.959,80.262],[-70.453,80.344],[-70.37,80.413],[-70.788,80.571],[-70.334,80.477],[-70.309,80.358],[-69.374,80.397],[-69.133,80.536],[-68.279,80.76],[-66.672,81.04],[-65.989,81.228],[-65.4,81.27],[-64.692,81.391],[-64.546,81.55],[-65.736,81.493],[-67.787,81.317],[-69.482,81.185],[-70.071,81.162],[-68.441,81.311],[-66.654,81.5],[-67.269,81.571],[-68.581,81.516],[-68.389,81.567],[-65.858,81.627],[-65.374,81.681],[-66.047,81.694],[-65.375,81.763],[-64.373,81.725],[-62.258,82.024],[-62.031,82.139],[-61.312,82.197],[-61.085,82.331]]],[[[-79.95,53.352],[-80.086,53.33],[-79.923,53.275],[-79.95,53.352]]],[[[-79.978,56.202],[-79.716,56.309],[-79.674,56.385],[-79.86,56.386],[-80.06,56.304],[-80.105,56.201],[-79.978,56.202]]],[[[-79.594,56.771],[-79.565,56.621],[-79.488,56.664],[-79.511,56.784],[-79.594,56.771]]],[[[-79.793,57.429],[-79.723,57.502],[-79.807,57.569],[-79.793,57.429]]],[[[-80.225,59.731],[-80.342,59.62],[-80.156,59.683],[-80.225,59.731]]],[[[-80.108,59.765],[-79.882,59.861],[-80.005,59.889],[-80.108,59.765]]],[[[-59.794,43.965],[-60.117,43.943],[-59.908,43.916],[-59.794,43.965]]],[[[-66.861,44.727],[-66.906,44.606],[-66.754,44.657],[-66.761,44.755],[-66.861,44.727]]],[[[-60.914,45.567],[-61.112,45.549],[-60.948,45.498],[-60.914,45.567]]],[[[-73.857,45.549],[-73.731,45.557],[-73.573,45.686],[-73.759,45.653],[-73.857,45.549]]],[[[-73.499,45.71],[-73.668,45.576],[-73.974,45.445],[-73.795,45.467],[-73.619,45.443],[-73.541,45.483],[-73.499,45.71]]],[[[-70.843,47.033],[-71.125,46.877],[-71.031,46.863],[-70.862,46.946],[-70.843,47.033]]],[[[-60.081,45.792],[-60.127,45.869],[-59.976,45.875],[-59.862,45.936],[-59.921,45.995],[-59.811,46.17],[-60.136,46.252],[-60.284,46.328],[-60.475,46.233],[-60.607,46.076],[-60.401,46.218],[-60.297,46.238],[-60.49,46.102],[-60.782,45.954],[-60.71,45.89],[-60.4,45.998],[-60.715,45.792],[-60.73,45.691],[-60.948,45.752],[-61.082,45.691],[-61.103,45.779],[-60.914,45.854],[-60.962,45.915],[-60.815,45.937],[-60.747,46.066],[-60.884,46.035],[-61.01,45.941],[-61.126,45.93],[-60.873,46.053],[-60.612,46.128],[-60.427,46.284],[-60.578,46.264],[-60.35,46.616],[-60.309,46.803],[-60.339,46.876],[-60.496,46.895],[-60.383,47.017],[-60.603,47.034],[-60.77,46.844],[-60.869,46.8],[-61.095,46.454],[-61.289,46.243],[-61.459,46.145],[-61.541,46.04],[-61.455,45.71],[-61.335,45.566],[-61.131,45.56],[-61.01,45.608],[-60.727,45.566],[-60.395,45.643],[-60.081,45.792]]],[[[-62.004,46.464],[-62.185,46.487],[-62.517,46.476],[-62.953,46.424],[-63.238,46.407],[-63.332,46.499],[-63.639,46.567],[-63.711,46.558],[-63.697,46.457],[-63.813,46.456],[-63.881,46.522],[-63.834,46.612],[-64.093,46.78],[-63.975,46.894],[-63.997,47.067],[-64.231,46.903],[-64.417,46.683],[-64.383,46.628],[-64.131,46.599],[-64.073,46.642],[-64.125,46.41],[-63.737,46.396],[-63.785,46.32],[-63.628,46.224],[-63.481,46.22],[-63.284,46.147],[-63.134,46.238],[-62.866,46.136],[-62.997,46.062],[-62.846,45.978],[-62.545,45.972],[-62.456,46.025],[-62.476,46.121],[-62.607,46.183],[-62.437,46.216],[-62.36,46.361],[-62.228,46.346],[-62.031,46.415],[-62.004,46.464]]],[[[-61.671,47.547],[-61.527,47.622],[-61.534,47.552],[-61.386,47.644],[-61.562,47.627],[-61.839,47.437],[-61.941,47.403],[-62.017,47.246],[-61.671,47.547]]],[[[-64.505,47.89],[-64.697,47.842],[-64.649,47.732],[-64.505,47.89]]],[[[-64.319,49.791],[-63.925,49.675],[-63.641,49.513],[-63.587,49.39],[-63.278,49.315],[-63.093,49.233],[-62.682,49.149],[-62.506,49.139],[-62.248,49.068],[-61.707,49.098],[-61.661,49.151],[-61.883,49.354],[-62.204,49.414],[-62.386,49.49],[-62.534,49.605],[-62.893,49.697],[-62.962,49.741],[-63.375,49.829],[-63.945,49.896],[-64.133,49.95],[-64.451,49.909],[-64.511,49.868],[-64.319,49.791]]],[[[-79.395,52.084],[-79.656,51.987],[-79.62,51.92],[-79.336,51.963],[-79.252,52.077],[-79.395,52.084]]],[[[-80.759,52.919],[-81.123,53.202],[-81.424,53.229],[-81.883,53.18],[-82.063,53.023],[-81.952,52.974],[-81.469,52.861],[-81.286,52.844],[-81.027,52.753],[-80.7,52.7],[-80.678,52.78],[-80.759,52.919]]],[[[-79.286,54.914],[-79.654,54.854],[-79.758,54.78],[-79.019,54.941],[-79.286,54.914]]],[[[-78.758,56.168],[-78.676,56.182],[-78.671,56.443],[-78.758,56.435],[-78.936,56.119],[-78.758,56.168]]],[[[-79.546,56.044],[-79.767,55.818],[-79.645,55.897],[-79.469,55.879],[-79.355,55.978],[-79.156,56.236],[-79.128,56.161],[-79.219,55.952],[-79.052,56.229],[-79.056,56.349],[-78.936,56.43],[-79.058,56.437],[-79.131,56.544],[-79.235,56.551],[-79.285,56.661],[-79.299,56.48],[-79.409,56.233],[-79.515,56.233],[-79.416,56.497],[-79.551,56.266],[-79.737,56.161],[-80.026,55.9],[-79.909,55.825],[-79.584,56.111],[-79.546,56.044]]],[[[-79.906,56.867],[-79.939,56.76],[-79.817,56.832],[-79.906,56.867]]],[[[-125.862,49.237],[-125.923,49.197],[-125.801,49.144],[-125.862,49.237]]],[[[-55.928,53.492],[-55.983,53.442],[-55.786,53.394],[-55.767,53.476],[-55.928,53.492]]],[[[-67.558,58.411],[-67.662,58.327],[-67.531,58.297],[-67.558,58.411]]],[[[-66.925,63.065],[-67.074,63.098],[-66.793,62.925],[-66.925,63.065]]],[[[-64.217,63.843],[-64.334,63.845],[-64.261,63.724],[-64.217,63.843]]],[[[-64.965,64.31],[-65.075,64.307],[-64.991,64.193],[-64.878,64.23],[-64.965,64.31]]],[[[-136.212,69.179],[-136.222,69.106],[-136.022,69.108],[-136.212,69.179]]],[[[-81.643,69.414],[-81.897,69.417],[-81.486,69.347],[-81.643,69.414]]]]},"properties":{"NAME":"Canada","ADMIN":"Canada","ISO_A2":"CA","ISO_A3":"CAN","CONTINENT":"North America","SUBREGION":"Northern America","POP_EST":37589262,"GDP_MD":1736425,"LABEL_X":-101.9107,"LABEL_Y":60.324287,"ID":"CAN"}},{"type":"Feature","geometry":{"type":"MultiPolygon","coordinates":[[[[-97.139,25.966],[-97.266,25.961],[-97.425,25.855],[-97.623,26.009],[-97.802,26.064],[-98.223,26.075],[-98.369,26.194],[-98.582,26.262],[-98.641,26.242],[-98.796,26.368],[-99.085,26.408],[-99.165,26.54],[-99.248,26.827],[-99.462,27.057],[-99.432,27.208],[-99.521,27.311],[-99.473,27.427],[-99.507,27.574],[-99.6,27.646],[-99.7,27.659],[-99.863,27.805],[-99.879,27.902],[-99.977,27.992],[-100.075,28.154],[-100.198,28.207],[-100.284,28.297],[-100.397,28.593],[-100.494,28.708],[-100.519,28.805],[-100.624,28.925],[-100.669,29.116],[-100.763,29.174],[-100.816,29.271],[-101.016,29.39],[-101.038,29.46],[-101.312,29.598],[-101.405,29.778],[-101.522,29.766],[-102.109,29.802],[-102.321,29.894],[-102.406,29.777],[-102.683,29.744],[-102.78,29.592],[-102.899,29.276],[-102.859,29.229],[-103.105,29.058],[-103.148,28.985],[-103.302,29.002],[-103.479,29.082],[-103.542,29.149],[-103.673,29.174],[-103.794,29.278],[-104.057,29.339],[-104.267,29.527],[-104.349,29.538],[-104.531,29.668],[-104.57,29.788],[-104.68,29.942],[-104.682,30.193],[-104.853,30.412],[-104.887,30.552],[-105.008,30.677],[-105.229,30.81],[-105.364,30.85],[-105.556,31.003],[-105.591,31.071],[-105.768,31.18],[-106.005,31.397],[-106.164,31.448],[-106.286,31.58],[-106.358,31.718],[-106.517,31.774],[-107.284,31.776],[-108.215,31.778],[-108.215,31.327],[-109.582,31.327],[-110.522,31.327],[-111.067,31.334],[-112.325,31.728],[-113.143,31.981],[-113.962,32.234],[-114.822,32.5],[-114.724,32.713],[-115.794,32.632],[-117.125,32.532],[-117.118,32.455],[-117.025,32.277],[-116.948,32.247],[-116.842,31.987],[-116.62,31.858],[-116.676,31.553],[-116.53,31.44],[-116.342,31.22],[-116.309,31.149],[-116.335,30.956],[-116.25,30.957],[-116.176,30.86],[-116.068,30.813],[-116.037,30.73],[-116.049,30.48],[-115.837,30.346],[-115.783,30.093],[-115.807,29.956],[-115.7,29.898],[-115.698,29.756],[-115.499,29.611],[-115.286,29.53],[-115.187,29.429],[-114.972,29.378],[-114.722,29.118],[-114.631,29.094],[-114.592,28.965],[-114.477,28.929],[-114.272,28.659],[-114.166,28.647],[-114.043,28.458],[-114.125,28.256],[-114.057,28.206],[-114.262,27.944],[-114.168,27.951],[-114.173,27.827],[-114.105,27.708],[-114.025,27.75],[-113.919,27.719],[-113.953,27.656],[-114.043,27.668],[-114.103,27.602],[-114.282,27.736],[-114.325,27.875],[-114.499,27.774],[-114.604,27.774],[-115.056,27.86],[-115.034,27.759],[-114.9,27.664],[-114.853,27.682],[-114.734,27.521],[-114.597,27.477],[-114.506,27.406],[-114.488,27.238],[-114.294,27.125],[-114.237,27.153],[-114.114,27.105],[-114.005,26.977],[-113.816,26.949],[-113.725,26.8],[-113.637,26.726],[-113.543,26.719],[-113.504,26.793],[-113.364,26.795],[-113.286,26.75],[-113.146,26.97],[-113.164,26.789],[-113.057,26.65],[-113.061,26.599],[-112.728,26.37],[-112.498,26.235],[-112.443,26.261],[-112.343,26.178],[-112.293,26.05],[-112.198,25.995],[-112.063,25.625],[-112.078,25.259],[-112.131,25.172],[-112.145,24.874],[-112.088,24.773],[-111.967,24.778],[-111.849,24.654],[-111.803,24.546],[-111.699,24.536],[-111.444,24.324],[-111.04,24.104],[-110.577,23.682],[-110.307,23.541],[-110.167,23.321],[-110.098,23.018],[-109.954,22.872],[-109.895,22.874],[-109.713,23.031],[-109.532,23.108],[-109.426,23.297],[-109.426,23.459],[-109.476,23.56],[-109.68,23.648],[-109.698,23.798],[-109.824,23.91],[-109.828,24.063],[-109.988,24.046],[-110.007,24.159],[-110.173,24.253],[-110.233,24.343],[-110.339,24.316],[-110.301,24.217],[-110.35,24.114],[-110.562,24.213],[-110.682,24.361],[-110.739,24.555],[-110.724,24.681],[-110.657,24.807],[-110.758,25.012],[-110.904,25.143],[-111.025,25.447],[-111.019,25.515],[-111.114,25.526],[-111.213,25.702],[-111.307,25.779],[-111.36,25.964],[-111.318,26.074],[-111.462,26.4],[-111.442,26.518],[-111.569,26.576],[-111.56,26.696],[-111.818,26.896],[-111.851,26.88],[-111.815,26.715],[-111.677,26.582],[-111.784,26.572],[-111.905,26.734],[-111.871,26.828],[-112.017,26.979],[-111.95,27.093],[-112.089,27.132],[-112.213,27.21],[-112.373,27.564],[-112.598,27.654],[-112.773,27.864],[-112.799,28.017],[-112.786,28.196],[-112.872,28.284],[-112.846,28.441],[-113.002,28.456],[-113.103,28.505],[-113.194,28.744],[-113.26,28.84],[-113.354,28.8],[-113.435,28.96],[-113.525,28.892],[-113.536,29.051],[-113.657,29.218],[-113.623,29.253],[-113.771,29.408],[-114.046,29.596],[-114.208,29.745],[-114.392,29.783],[-114.428,29.907],[-114.533,29.968],[-114.66,30.183],[-114.63,30.425],[-114.698,30.637],[-114.72,30.941],[-114.832,31.007],[-114.889,31.163],[-114.853,31.527],[-114.781,31.656],[-114.828,31.79],[-114.934,31.909],[-114.677,31.764],[-114.585,31.761],[-114.494,31.677],[-114.159,31.495],[-114.029,31.492],[-113.94,31.6],[-113.775,31.563],[-113.66,31.498],[-113.549,31.296],[-113.229,31.245],[-113.049,31.157],[-113.129,30.812],[-113.08,30.67],[-112.987,30.532],[-112.871,30.429],[-112.861,30.269],[-112.753,30.186],[-112.751,29.924],[-112.686,29.908],[-112.378,29.463],[-112.42,29.376],[-112.333,29.297],[-112.239,29.315],[-112.227,29.188],[-112.165,29.11],[-112.152,28.987],[-112.03,28.861],[-111.925,28.802],[-111.949,28.757],[-111.761,28.584],[-111.708,28.46],[-111.473,28.381],[-111.251,28.052],[-111.059,27.937],[-110.999,27.964],[-110.886,27.839],[-110.851,27.989],[-110.808,27.928],[-110.521,27.845],[-110.616,27.812],[-110.579,27.668],[-110.627,27.609],[-110.587,27.449],[-110.426,27.302],[-110.524,27.3],[-110.288,27.148],[-110.091,27.103],[-109.982,27.115],[-109.856,26.801],[-109.768,26.707],[-109.531,26.684],[-109.529,26.751],[-109.256,26.498],[-109.253,26.349],[-109.157,26.364],[-109.109,26.216],[-109.225,26.334],[-109.433,26.022],[-109.441,25.793],[-109.288,25.717],[-109.301,25.659],[-109.171,25.649],[-109.131,25.583],[-108.901,25.701],[-108.972,25.58],[-109.116,25.536],[-109.035,25.465],[-108.888,25.49],[-108.89,25.563],[-108.769,25.54],[-108.78,25.433],[-108.451,25.269],[-108.386,25.162],[-108.361,25.269],[-108.334,25.161],[-108.218,25.173],[-108.107,25.117],[-108.013,25.002],[-108.137,25.06],[-108.139,24.974],[-108.284,25.107],[-108.156,24.883],[-108.05,24.823],[-108.036,24.998],[-107.972,24.779],[-108.036,24.785],[-107.995,24.648],[-107.937,24.639],[-107.624,24.458],[-107.519,24.511],[-107.478,24.4],[-107.541,24.365],[-107.775,24.477],[-107.404,24.253],[-107.378,24.207],[-107.036,23.981],[-106.902,23.847],[-106.813,23.7],[-106.612,23.469],[-106.523,23.408],[-106.43,23.23],[-106.22,23.052],[-106.032,22.83],[-105.943,22.782],[-105.8,22.638],[-105.733,22.504],[-105.655,22.256],[-105.632,21.956],[-105.414,21.601],[-105.2,21.493],[-105.243,21.342],[-105.216,21.204],[-105.234,21.061],[-105.31,21.031],[-105.455,20.867],[-105.478,20.751],[-105.362,20.763],[-105.234,20.636],[-105.329,20.514],[-105.576,20.488],[-105.699,20.407],[-105.553,20.201],[-105.526,20.032],[-105.251,19.666],[-105.088,19.561],[-105.017,19.368],[-104.807,19.229],[-104.636,19.159],[-104.304,19.082],[-104.332,19.022],[-103.98,18.875],[-103.7,18.654],[-103.71,18.601],[-103.575,18.492],[-103.498,18.333],[-103.362,18.267],[-103.024,18.186],[-102.742,18.067],[-102.597,18.049],[-102.289,17.962],[-102.191,17.916],[-102.037,17.991],[-101.811,17.89],[-101.672,17.74],[-101.644,17.668],[-101.496,17.614],[-101.456,17.526],[-101.182,17.413],[-101.059,17.264],[-99.992,16.91],[-99.741,16.731],[-99.605,16.683],[-99.374,16.668],[-98.857,16.528],[-98.777,16.555],[-98.582,16.361],[-98.445,16.278],[-98.172,16.209],[-97.773,15.979],[-97.266,15.936],[-97.161,15.904],[-97.022,15.807],[-96.845,15.733],[-96.681,15.709],[-96.556,15.659],[-96.431,15.696],[-96.237,15.683],[-95.96,15.828],[-95.434,15.975],[-95.353,16.079],[-95.233,16.158],[-94.806,16.237],[-95.064,16.268],[-94.852,16.429],[-94.763,16.294],[-94.654,16.364],[-94.587,16.282],[-94.701,16.196],[-94.44,16.187],[-93.964,15.998],[-94.057,16.076],[-94.23,16.163],[-94.437,16.223],[-94.417,16.293],[-94.224,16.204],[-94.142,16.227],[-94.043,16.125],[-93.898,16.089],[-93.854,16.025],[-93.943,16.011],[-93.656,15.839],[-93.229,15.502],[-92.983,15.266],[-92.84,15.182],[-92.7,14.999],[-92.246,14.546],[-92.162,14.702],[-92.191,14.814],[-92.154,14.996],[-92.074,15.074],[-92.203,15.237],[-92.205,15.29],[-91.752,16.046],[-91.724,16.069],[-90.486,16.071],[-90.426,16.163],[-90.445,16.308],[-90.38,16.367],[-90.544,16.49],[-90.633,16.483],[-90.634,16.592],[-90.735,16.747],[-91.067,16.918],[-91.29,17.189],[-91.431,17.255],[-90.992,17.252],[-90.991,17.802],[-90.962,17.816],[-90.26,17.815],[-89.16,17.814],[-89.133,17.97],[-89.049,17.999],[-88.88,17.888],[-88.736,18.052],[-88.697,18.178],[-88.617,18.235],[-88.489,18.485],[-88.304,18.481],[-88.138,18.762],[-88.036,18.875],[-88.002,18.69],[-88.078,18.499],[-87.935,18.443],[-87.866,18.328],[-87.845,18.197],[-87.771,18.406],[-87.723,18.681],[-87.662,18.767],[-87.606,19.02],[-87.481,19.32],[-87.567,19.317],[-87.639,19.221],[-87.688,19.242],[-87.656,19.373],[-87.433,19.492],[-87.441,19.554],[-87.565,19.568],[-87.674,19.506],[-87.66,19.568],[-87.742,19.615],[-87.475,19.876],[-87.444,20.191],[-87.235,20.493],[-87.067,20.619],[-86.875,20.855],[-86.823,21.02],[-86.742,21.164],[-86.815,21.205],[-86.828,21.433],[-86.925,21.446],[-86.998,21.566],[-87.134,21.619],[-87.272,21.561],[-87.135,21.558],[-87.238,21.443],[-87.493,21.468],[-87.502,21.499],[-87.811,21.521],[-87.71,21.537],[-87.962,21.6],[-88.129,21.616],[-88.283,21.557],[-88.448,21.575],[-88.605,21.534],[-88.703,21.459],[-89.123,21.363],[-89.786,21.285],[-90.099,21.164],[-90.332,21.032],[-90.449,20.742],[-90.49,20.534],[-90.474,20.409],[-90.497,20.067],[-90.478,19.922],[-90.665,19.782],[-90.709,19.687],[-90.73,19.376],[-90.936,19.163],[-91.162,19.016],[-91.431,18.88],[-91.415,18.827],[-91.266,18.736],[-91.333,18.573],[-91.504,18.512],[-91.593,18.443],[-91.798,18.491],[-91.888,18.548],[-92.032,18.56],[-92.008,18.613],[-91.86,18.61],[-91.948,18.691],[-92.06,18.702],[-92.405,18.671],[-92.696,18.616],[-92.856,18.466],[-93.101,18.443],[-93.445,18.442],[-93.58,18.416],[-93.593,18.345],[-93.684,18.355],[-93.767,18.281],[-93.861,18.307],[-94.207,18.19],[-94.467,18.144],[-94.581,18.19],[-94.808,18.524],[-95.003,18.555],[-95.208,18.709],[-95.495,18.707],[-95.728,18.757],[-95.568,18.683],[-95.807,18.752],[-95.959,18.856],[-95.844,18.833],[-95.942,18.939],[-95.977,19.058],[-96.088,19.115],[-96.157,19.225],[-96.278,19.315],[-96.36,19.537],[-96.456,19.869],[-96.676,20.158],[-97.034,20.515],[-97.151,20.647],[-97.197,20.81],[-97.338,21.055],[-97.497,21.401],[-97.489,21.481],[-97.578,21.501],[-97.658,21.637],[-97.72,21.952],[-97.625,21.794],[-97.487,21.636],[-97.379,21.554],[-97.391,21.473],[-97.472,21.438],[-97.419,21.273],[-97.348,21.418],[-97.316,21.561],[-97.61,21.836],[-97.761,22.096],[-97.774,22.253],[-97.85,22.535],[-97.891,22.596],[-97.742,22.972],[-97.769,23.26],[-97.722,23.739],[-97.717,24.008],[-97.651,24.516],[-97.459,25.179],[-97.319,25.39],[-97.165,25.723],[-97.139,25.966]]],[[[-110.946,18.8],[-111.001,18.868],[-111.067,18.769],[-110.924,18.727],[-110.946,18.8]]],[[[-106.512,21.597],[-106.534,21.658],[-106.642,21.697],[-106.631,21.601],[-106.512,21.597]]],[[[-109.836,24.225],[-109.933,24.374],[-109.9,24.199],[-109.803,24.137],[-109.836,24.225]]],[[[-111.753,24.447],[-111.864,24.52],[-112.002,24.506],[-111.759,24.356],[-111.692,24.374],[-111.753,24.447]]],[[[-110.325,24.516],[-110.416,24.57],[-110.327,24.401],[-110.325,24.516]]],[[[-110.711,25.095],[-110.655,24.946],[-110.525,24.88],[-110.593,25.034],[-110.711,25.095]]],[[[-112.103,24.617],[-112.116,24.689],[-112.206,24.817],[-112.179,25.045],[-112.12,25.221],[-112.138,25.265],[-112.206,25.018],[-112.305,24.792],[-112.146,24.732],[-112.176,24.654],[-112.103,24.617]]],[[[-108.832,25.426],[-109.013,25.447],[-108.804,25.375],[-108.832,25.426]]],[[[-111.081,25.999],[-111.056,26.072],[-111.176,26.043],[-111.23,25.824],[-111.081,25.999]]],[[[-115.195,28.341],[-115.249,28.359],[-115.24,28.234],[-115.358,28.083],[-115.182,28.028],[-115.156,28.141],[-115.195,28.341]]],[[[-112.275,28.768],[-112.196,29.021],[-112.282,29.225],[-112.439,29.202],[-112.5,29.076],[-112.486,28.972],[-112.583,28.875],[-112.31,28.746],[-112.275,28.768]]],[[[-113.138,29.065],[-113.183,29.29],[-113.37,29.31],[-113.35,29.384],[-113.511,29.549],[-113.571,29.54],[-113.589,29.41],[-113.354,29.171],[-113.115,28.984],[-113.138,29.065]]],[[[-114.786,31.803],[-114.763,31.716],[-114.653,31.69],[-114.786,31.803]]],[[[-91.6,18.772],[-91.823,18.673],[-91.66,18.692],[-91.6,18.772]]],[[[-86.749,20.592],[-86.937,20.547],[-87.008,20.436],[-86.995,20.261],[-86.797,20.477],[-86.749,20.592]]],[[[-118.251,29.089],[-118.256,29.181],[-118.357,29.149],[-118.284,28.893],[-118.226,28.915],[-118.251,29.089]]]]},"properties":{"NAME":"Mexico","ADMIN":"Mexico","ISO_A2":"MX","ISO_A3":"MEX","CONTINENT":"North America","SUBREGION":"Central America","POP_EST":127575529,"GDP_MD":1268870,"LABEL_X":-102.289448,"LABEL_Y":23.919988,"ID":"MEX"}},{"type":"Feature","geometry":{"type":"MultiPolygon","coordinates":[[[[-89.16,17.814],[-89.149,17.036],[-89.184,16.496],[-89.234,15.955],[-89.177,15.9],[-88.914,15.894],[-88.928,15.984],[-88.746,16.155],[-88.74,16.23],[-88.65,16.286],[-88.536,16.274],[-88.386,16.49],[-88.393,16.552],[-88.306,16.653],[-88.283,16.891],[-88.217,16.955],[-88.301,17.178],[-88.286,17.34],[-88.231,17.497],[-88.167,17.512],[-88.283,17.58],[-88.214,17.773],[-88.208,17.882],[-88.092,18.118],[-88.092,18.372],[-88.384,18.385],[-88.304,18.481],[-88.489,18.485],[-88.617,18.235],[-88.697,18.178],[-88.736,18.052],[-88.88,17.888],[-89.049,17.999],[-89.133,17.97],[-89.16,17.814]]],[[[-87.828,17.546],[-87.804,17.492],[-87.91,17.426],[-87.846,17.415],[-87.783,17.512],[-87.828,17.546]]],[[[-87.913,18.026],[-87.849,18.134],[-87.905,18.153],[-87.966,17.914],[-87.913,18.026]]]]},"properties":{"NAME":"Belize","ADMIN":"Belize","ISO_A2":"BZ","ISO_A3":"BLZ","CONTINENT":"North America","SUBREGION":"Central America","POP_EST":390353,"GDP_MD":1879,"LABEL_X":-88.712962,"LABEL_Y":17.202068,"ID":"BLZ"}},{"type":"Feature","geometry":{"type":"MultiPolygon","coordinates":[[[[-82.574,9.576],[-82.619,9.487],[-82.829,9.603],[-82.861,9.484],[-82.944,9.437],[-82.939,9.06],[-82.749,8.974],[-82.719,8.922],[-82.867,8.838],[-82.923,8.756],[-82.85,8.63],[-82.87,8.438],[-83.053,8.315],[-82.944,8.249],[-82.886,8.102],[-82.898,8.035],[-82.849,8.068],[-82.877,8.219],[-82.809,8.296],[-82.659,8.323],[-82.512,8.276],[-82.225,8.34],[-82.197,8.202],[-82.116,8.233],[-81.774,8.123],[-81.752,8.192],[-81.677,8.068],[-81.588,7.804],[-81.526,7.711],[-81.195,7.639],[-81.218,7.726],[-81.165,7.789],[-81.192,7.863],[-81.088,7.842],[-81.035,7.68],[-80.946,7.556],[-80.896,7.328],[-80.93,7.256],[-80.848,7.219],[-80.445,7.246],[-80.348,7.318],[-80.358,7.382],[-80.259,7.425],[-80.018,7.457],[-79.995,7.503],[-80.052,7.637],[-80.144,7.753],[-80.3,7.883],[-80.349,7.989],[-80.456,8.036],[-80.47,8.221],[-80.386,8.311],[-80.225,8.301],[-80.081,8.372],[-79.774,8.58],[-79.826,8.639],[-79.739,8.716],[-79.756,8.796],[-79.704,8.87],[-79.559,8.914],[-79.482,8.998],[-79.273,9.019],[-79.083,8.989],[-78.874,8.891],[-78.604,8.665],[-78.504,8.634],[-78.532,8.576],[-78.45,8.391],[-78.388,8.336],[-78.367,8.425],[-78.216,8.5],[-78.189,8.406],[-78.099,8.476],[-78.006,8.276],[-78.156,8.394],[-78.183,8.298],[-78.306,8.254],[-78.237,8.154],[-78.286,8.081],[-78.434,8.046],[-78.395,7.917],[-78.329,7.843],[-78.292,7.691],[-78.174,7.575],[-78.166,7.513],[-78.01,7.383],[-78.014,7.341],[-77.896,7.235],[-77.82,7.477],[-77.734,7.552],[-77.771,7.669],[-77.74,7.719],[-77.67,7.66],[-77.613,7.537],[-77.34,7.707],[-77.38,7.774],[-77.322,7.881],[-77.169,7.935],[-77.231,8.099],[-77.324,8.261],[-77.363,8.272],[-77.422,8.456],[-77.489,8.474],[-77.374,8.665],[-77.477,8.67],[-77.629,8.844],[-77.71,8.881],[-77.744,8.964],[-77.878,9.119],[-77.89,9.077],[-78.025,9.226],[-78.208,9.29],[-78.438,9.404],[-78.561,9.438],[-78.903,9.423],[-79.058,9.458],[-79.055,9.532],[-78.971,9.573],[-79.194,9.54],[-79.533,9.624],[-79.63,9.608],[-79.691,9.496],[-79.875,9.343],[-79.944,9.364],[-80.101,9.222],[-80.293,9.151],[-80.408,9.142],[-80.727,8.997],[-80.822,8.891],[-81.088,8.809],[-81.304,8.782],[-81.539,8.813],[-81.815,9.117],[-81.937,9.138],[-81.774,8.997],[-81.793,8.932],[-81.904,8.971],[-81.959,8.932],[-82.098,8.931],[-82.246,9.014],[-82.25,9.172],[-82.351,9.207],[-82.369,9.415],[-82.574,9.576]]],[[[-81.664,7.397],[-81.719,7.453],[-81.671,7.51],[-81.739,7.644],[-81.883,7.517],[-81.746,7.349],[-81.588,7.335],[-81.664,7.397]]],[[[-82.328,9.412],[-82.246,9.33],[-82.266,9.439],[-82.328,9.412]]],[[[-78.892,8.458],[-78.971,8.458],[-78.97,8.305],[-78.858,8.296],[-78.836,8.398],[-78.892,8.458]]]]},"properties":{"NAME":"Panama","ADMIN":"Panama","ISO_A2":"PA","ISO_A3":"PAN","CONTINENT":"North America","SUBREGION":"Central America","POP_EST":4246439,"GDP_MD":66800,"LABEL_X":-80.352106,"LABEL_Y":8.72198,"ID":"PAN"}},{"type":"Feature","geometry":{"type":"MultiPolygon","coordinates":[[[[-60.021,8.558],[-60.198,8.624],[-60.372,8.635],[-60.462,8.534],[-60.606,8.551],[-60.692,8.605],[-60.987,8.565],[-60.992,8.512],[-61.181,8.493],[-61.284,8.397],[-61.349,8.479],[-61.434,8.479],[-61.652,8.586],[-61.606,8.631],[-61.523,8.597],[-61.209,8.609],[-61.127,8.815],[-61.079,8.997],[-61.007,9.049],[-60.984,9.167],[-61.112,9.041],[-61.067,9.132],[-60.784,9.339],[-60.862,9.456],[-60.961,9.487],[-60.977,9.55],[-61.13,9.572],[-61.338,9.712],[-61.439,9.818],[-61.476,9.802],[-61.637,9.899],[-61.593,9.782],[-61.79,9.831],[-61.831,9.792],[-62.025,9.957],[-62.196,10.02],[-62.257,9.974],[-62.243,9.843],[-62.319,9.768],[-62.426,9.968],[-62.495,10.152],[-62.602,10.231],[-62.619,10.092],[-62.777,10.018],[-62.792,10.08],[-62.657,10.082],[-62.627,10.131],[-62.675,10.293],[-62.802,10.405],[-62.953,10.397],[-62.927,10.303],[-63.004,10.275],[-62.964,10.415],[-62.831,10.407],[-62.841,10.512],[-62.896,10.538],[-62.662,10.567],[-62.335,10.53],[-62.24,10.638],[-61.962,10.652],[-61.846,10.741],[-62.102,10.714],[-62.154,10.686],[-62.72,10.76],[-62.904,10.702],[-63.014,10.721],[-63.251,10.681],[-63.466,10.668],[-63.532,10.631],[-63.781,10.676],[-63.915,10.631],[-64.072,10.648],[-64.131,10.62],[-64.271,10.673],[-64.298,10.62],[-64.249,10.52],[-64.169,10.57],[-63.967,10.581],[-63.73,10.498],[-63.82,10.448],[-64.028,10.446],[-64.143,10.48],[-64.339,10.391],[-64.377,10.301],[-64.491,10.241],[-64.572,10.262],[-64.717,10.228],[-64.748,10.107],[-64.963,10.097],[-65.08,10.056],[-65.17,10.097],[-65.58,10.185],[-65.868,10.31],[-65.718,10.22],[-65.828,10.234],[-66.118,10.498],[-66.104,10.584],[-66.252,10.649],[-66.334,10.611],[-66.542,10.633],[-67.012,10.611],[-67.17,10.556],[-67.56,10.528],[-67.941,10.466],[-68.13,10.488],[-68.242,10.578],[-68.331,10.807],[-68.263,10.903],[-68.377,10.919],[-68.288,10.953],[-68.389,11.128],[-68.656,11.348],[-68.863,11.453],[-69.062,11.454],[-69.27,11.536],[-69.377,11.494],[-69.5,11.509],[-69.624,11.468],[-69.7,11.54],[-69.809,11.804],[-69.835,12.015],[-69.925,12.16],[-70.018,12.199],[-70.206,12.112],[-70.302,11.858],[-70.206,11.763],[-70.23,11.628],[-70.187,11.603],[-69.816,11.694],[-69.747,11.481],[-69.814,11.426],[-69.946,11.52],[-70.054,11.506],[-70.037,11.441],[-70.145,11.429],[-70.514,11.253],[-70.686,11.248],[-70.87,11.196],[-71.294,10.987],[-71.501,10.96],[-71.412,10.919],[-71.446,10.796],[-71.583,10.809],[-71.503,10.627],[-71.542,10.565],[-71.466,10.502],[-71.475,10.422],[-71.364,10.22],[-71.268,10.152],[-71.207,9.981],[-71.072,9.858],[-71.042,9.761],[-71.09,9.555],[-71.056,9.364],[-71.152,9.289],[-71.274,9.135],[-71.515,9.049],[-71.686,9.062],[-71.759,9.12],[-71.734,9.308],[-71.761,9.365],[-71.919,9.5],[-71.995,9.459],[-71.999,9.655],[-72.124,9.826],[-72.044,9.93],[-71.982,10.088],[-71.898,10.139],[-71.779,10.342],[-71.63,10.454],[-71.576,10.721],[-71.694,10.837],[-71.769,11.015],[-71.653,11.041],[-71.77,11.106],[-71.939,11.381],[-71.961,11.591],[-71.674,11.685],[-71.378,11.758],[-71.328,11.85],[-71.449,11.795],[-71.971,11.662],[-72.008,11.625],[-72.257,11.168],[-72.499,11.121],[-72.576,10.957],[-72.706,10.811],[-72.754,10.675],[-72.908,10.452],[-72.936,10.175],[-72.988,9.999],[-72.978,9.838],[-73.124,9.561],[-73.178,9.523],[-73.378,9.165],[-73.176,9.191],[-73.01,9.295],[-72.936,9.099],[-72.827,9.142],[-72.783,9.06],[-72.675,8.652],[-72.387,8.339],[-72.396,8.257],[-72.336,8.104],[-72.488,7.949],[-72.452,7.833],[-72.483,7.649],[-72.451,7.44],[-72.206,7.382],[-72.164,7.329],[-72.153,7.193],[-72.081,7.067],[-71.994,7.013],[-71.833,6.986],[-71.774,7.029],[-71.62,7.052],[-71.284,7.019],[-71.184,6.963],[-70.961,7.009],[-70.903,7.063],[-70.703,7.1],[-70.579,7.086],[-70.521,7.016],[-70.319,6.938],[-70.158,6.98],[-70.097,6.944],[-69.444,6.122],[-69.311,6.146],[-69.246,6.081],[-69.061,6.218],[-68.829,6.188],[-68.635,6.136],[-68.449,6.195],[-68.304,6.177],[-68.147,6.224],[-67.924,6.235],[-67.839,6.308],[-67.574,6.266],[-67.49,6.202],[-67.491,6.114],[-67.429,6.038],[-67.601,5.821],[-67.649,5.656],[-67.614,5.554],[-67.647,5.483],[-67.81,5.379],[-67.844,5.297],[-67.793,5.063],[-67.865,4.512],[-67.782,4.339],[-67.805,4.268],[-67.74,4.119],[-67.632,3.762],[-67.471,3.68],[-67.404,3.504],[-67.305,3.426],[-67.396,3.267],[-67.452,3.244],[-67.839,2.886],[-67.856,2.79],[-67.751,2.842],[-67.627,2.813],[-67.576,2.691],[-67.485,2.662],[-67.325,2.475],[-67.198,2.402],[-67.218,2.285],[-67.169,2.141],[-67.121,2.119],[-67.135,2.003],[-67.067,1.894],[-66.883,1.326],[-66.875,1.223],[-66.407,0.802],[-66.285,0.746],[-66.156,0.733],[-65.974,0.807],[-65.872,0.909],[-65.745,0.974],[-65.583,0.978],[-65.517,0.863],[-65.587,0.739],[-65.56,0.656],[-65.451,0.69],[-65.327,0.91],[-65.203,0.924],[-65.137,1.127],[-65.022,1.14],[-64.839,1.271],[-64.731,1.248],[-64.604,1.331],[-64.551,1.42],[-64.409,1.508],[-64.395,1.392],[-64.13,1.578],[-64.081,1.647],[-64.054,1.894],[-63.995,1.958],[-63.763,1.986],[-63.618,2.101],[-63.412,2.149],[-63.373,2.267],[-63.385,2.421],[-63.831,2.429],[-64.048,2.471],[-63.998,2.706],[-64.106,2.947],[-64.223,3.124],[-64.246,3.419],[-64.203,3.595],[-64.324,3.724],[-64.531,3.854],[-64.663,3.997],[-64.727,4.141],[-64.813,4.253],[-64.746,4.288],[-64.59,4.119],[-64.365,4.152],[-64.241,4.142],[-64.125,4.088],[-64.064,3.912],[-63.996,3.881],[-63.875,3.95],[-63.623,3.935],[-63.511,3.855],[-63.425,3.968],[-63.286,3.921],[-62.997,3.599],[-62.931,3.564],[-62.796,3.597],[-62.75,3.66],[-62.789,3.899],[-62.766,4.021],[-62.561,4.038],[-62.537,4.125],[-62.384,4.173],[-62.193,4.095],[-62.035,4.16],[-61.931,4.146],[-61.719,4.255],[-61.567,4.249],[-61.516,4.375],[-61.458,4.419],[-61.293,4.448],[-61.297,4.524],[-61.151,4.492],[-61.012,4.518],[-60.948,4.574],[-60.903,4.7],[-60.764,4.755],[-60.613,4.901],[-60.599,4.997],[-60.664,5.17],[-60.74,5.202],[-61.38,5.905],[-61.269,6.107],[-61.122,6.187],[-61.161,6.342],[-61.139,6.425],[-61.21,6.541],[-61.13,6.716],[-60.934,6.732],[-60.908,6.815],[-60.722,6.76],[-60.621,6.846],[-60.377,6.939],[-60.292,7.105],[-60.372,7.172],[-60.475,7.189],[-60.548,7.126],[-60.643,7.221],[-60.602,7.33],[-60.731,7.525],[-60.601,7.634],[-60.582,7.736],[-60.503,7.821],[-60.375,7.824],[-60.231,7.964],[-60.019,8.06],[-59.993,8.169],[-59.848,8.228],[-59.816,8.288],[-60.021,8.558]]],[[[-61.016,8.61],[-61.138,8.56],[-61.228,8.572],[-61.27,8.515],[-61.042,8.519],[-61.016,8.61]]],[[[-60.92,9.028],[-61.017,8.88],[-60.934,8.884],[-60.838,9.001],[-60.92,9.028]]],[[[-61.085,8.891],[-60.852,9.096],[-61.069,8.979],[-61.085,8.891]]],[[[-60.873,9.117],[-60.853,9.194],[-60.937,9.165],[-60.961,9.069],[-60.873,9.117]]],[[[-65.228,10.954],[-65.377,10.966],[-65.412,10.925],[-65.205,10.904],[-65.228,10.954]]],[[[-63.847,11.135],[-63.881,11.179],[-63.986,11.109],[-64.049,10.991],[-64.182,11.034],[-64.198,11.088],[-64.371,11.062],[-64.409,10.967],[-64.224,10.939],[-64.176,10.967],[-64.043,10.868],[-63.898,10.885],[-63.788,10.974],[-63.847,11.135]]],[[[-64.607,11.899],[-64.649,11.83],[-64.563,11.817],[-64.607,11.899]]],[[[-61.39,8.581],[-61.54,8.565],[-61.338,8.51],[-61.276,8.45],[-61.315,8.571],[-61.39,8.581]]],[[[-60.745,8.719],[-60.808,8.633],[-60.618,8.637],[-60.612,8.684],[-60.745,8.719]]],[[[-60.951,8.828],[-61.06,8.798],[-61.167,8.699],[-61.177,8.604],[-61.094,8.634],[-60.847,8.638],[-60.686,8.789],[-60.738,8.867],[-60.862,8.87],[-60.951,8.828]]],[[[-62.665,10.366],[-62.777,10.493],[-62.77,10.412],[-62.665,10.366]]]]},"properties":{"NAME":"Venezuela","ADMIN":"Venezuela","ISO_A2":"VE","ISO_A3":"VEN","CONTINENT":"South America","SUBREGION":"South America","POP_EST":28515829,"GDP_MD":482359,"LABEL_X":-64.599381,"LABEL_Y":7.182476,"ID":"VEN"}},{"type":"Feature","geometry":{"type":"MultiPolygon","coordinates":[[[[140.974,-2.601],[140.974,-3.8],[140.976,-4.596],[140.977,-5.621],[140.977,-6.335],[140.953,-6.481],[140.859,-6.608],[140.849,-6.703],[140.916,-6.863],[140.977,-6.897],[140.977,-7.962],[140.977,-9.106],[141.115,-9.218],[141.232,-9.213],[141.31,-9.152],[141.422,-9.15],[141.51,-9.215],[141.635,-9.232],[141.783,-9.2],[141.868,-9.22],[142.223,-9.161],[142.465,-9.24],[142.577,-9.324],[142.653,-9.33],[143.173,-9.043],[143.315,-9.024],[143.406,-8.962],[143.4,-8.782],[143.262,-8.592],[143.132,-8.486],[142.9,-8.413],[142.769,-8.33],[142.632,-8.309],[142.715,-8.268],[142.98,-8.336],[143.338,-8.248],[143.592,-8.242],[143.628,-8.186],[143.548,-8.032],[143.448,-7.982],[143.651,-7.981],[143.767,-8.04],[143.914,-8.008],[143.804,-7.933],[143.957,-7.972],[143.856,-7.808],[143.76,-7.583],[143.766,-7.506],[143.828,-7.632],[143.924,-7.694],[144.215,-7.796],[144.276,-7.768],[144.229,-7.666],[144.344,-7.659],[144.508,-7.798],[144.441,-7.686],[144.407,-7.514],[144.514,-7.672],[144.517,-7.508],[144.585,-7.652],[144.661,-7.634],[144.654,-7.561],[144.771,-7.681],[144.825,-7.683],[144.852,-7.569],[144.88,-7.782],[144.996,-7.817],[145.322,-7.862],[145.408,-7.932],[145.772,-7.927],[145.798,-8.007],[146.079,-8.087],[146.117,-8.2],[146.222,-8.26],[146.277,-8.435],[146.435,-8.611],[146.566,-8.818],[146.558,-8.941],[146.627,-9.023],[146.909,-9.104],[146.916,-9.26],[146.983,-9.301],[147.053,-9.46],[147.345,-9.58],[147.491,-9.768],[147.518,-9.879],[147.621,-9.989],[147.762,-10.06],[147.913,-10.089],[147.977,-10.166],[148.155,-10.071],[148.402,-10.2],[148.639,-10.188],[148.683,-10.105],[148.745,-10.136],[148.738,-10.23],[148.978,-10.276],[149.067,-10.235],[149.327,-10.31],[149.368,-10.276],[149.461,-10.352],[149.748,-10.338],[149.872,-10.396],[149.912,-10.475],[149.962,-10.428],[150.082,-10.461],[149.896,-10.544],[150.211,-10.701],[150.319,-10.662],[150.43,-10.688],[150.487,-10.622],[150.693,-10.557],[150.647,-10.477],[150.347,-10.365],[150.4,-10.3],[150.598,-10.344],[150.689,-10.325],[150.874,-10.225],[150.627,-10.278],[150.602,-10.207],[150.404,-10.206],[150.301,-10.179],[150.188,-10.091],[149.939,-10.062],[149.725,-9.848],[149.731,-9.809],[150.056,-9.715],[150.012,-9.642],[149.731,-9.598],[149.62,-9.621],[149.451,-9.577],[149.227,-9.487],[149.183,-9.368],[149.248,-9.212],[149.337,-9.125],[149.318,-9.023],[149.142,-8.975],[149.069,-9.035],[148.892,-9.051],[148.758,-9.104],[148.621,-9.084],[148.559,-9.032],[148.496,-8.883],[148.487,-8.747],[148.437,-8.666],[148.238,-8.569],[148.211,-8.306],[148.114,-8.055],[147.999,-8.055],[147.876,-7.937],[147.727,-7.932],[147.683,-7.811],[147.607,-7.817],[147.581,-7.704],[147.355,-7.515],[147.188,-7.463],[147.141,-7.323],[147.141,-7.213],[147.069,-7.146],[147.058,-7.055],[146.956,-6.955],[146.942,-6.836],[146.977,-6.74],[147.132,-6.711],[147.195,-6.739],[147.6,-6.727],[147.854,-6.691],[147.868,-6.476],[147.827,-6.335],[147.726,-6.272],[147.622,-6.107],[147.449,-5.962],[147.289,-5.931],[147.244,-5.966],[147.042,-5.939],[146.933,-5.842],[146.798,-5.834],[146.461,-5.599],[146.173,-5.549],[145.969,-5.465],[145.76,-5.477],[145.727,-5.422],[145.811,-5.067],[145.785,-4.969],[145.812,-4.861],[145.69,-4.768],[145.346,-4.39],[145.181,-4.39],[145.051,-4.342],[144.996,-4.239],[144.877,-4.172],[144.868,-4.099],[144.73,-4.026],[144.551,-3.968],[144.513,-3.818],[144.276,-3.807],[144.25,-3.868],[144.167,-3.801],[143.996,-3.793],[143.818,-3.622],[143.619,-3.545],[143.478,-3.421],[143.125,-3.348],[143.029,-3.356],[142.502,-3.196],[142.395,-3.144],[142.063,-3.06],[142,-2.956],[141.906,-2.967],[141.801,-2.9],[141.296,-2.676],[141.276,-2.642],[141.043,-2.59],[140.974,-2.601]]],[[[153.762,-11.586],[153.696,-11.521],[153.548,-11.485],[153.206,-11.317],[153.229,-11.427],[153.391,-11.505],[153.373,-11.559],[153.473,-11.55],[153.564,-11.636],[153.762,-11.586]]],[[[154.282,-11.348],[154.09,-11.311],[154.143,-11.368],[154.007,-11.386],[154.118,-11.429],[154.302,-11.386],[154.282,-11.348]]],[[[153.185,-11.277],[153.254,-11.243],[153.117,-11.181],[153.185,-11.277]]],[[[152.808,-10.633],[152.582,-10.66],[152.754,-10.708],[152.872,-10.665],[152.808,-10.633]]],[[[151.075,-10.606],[150.934,-10.6],[150.912,-10.638],[151.032,-10.671],[151.075,-10.606]]],[[[150.875,-10.536],[150.793,-10.558],[150.882,-10.653],[150.875,-10.536]]],[[[151.177,-9.955],[151.128,-10.042],[151.035,-9.985],[151.048,-9.935],[150.844,-9.795],[150.764,-9.703],[150.761,-9.783],[150.835,-9.833],[150.907,-9.997],[150.993,-9.994],[150.958,-10.105],[151.157,-10.146],[151.232,-10.2],[151.301,-9.968],[151.177,-9.955]]],[[[150.801,-9.652],[150.841,-9.714],[150.931,-9.652],[150.864,-9.574],[150.888,-9.521],[150.759,-9.399],[150.674,-9.439],[150.506,-9.338],[150.427,-9.419],[150.512,-9.561],[150.434,-9.631],[150.657,-9.659],[150.801,-9.652]]],[[[150.369,-9.372],[150.334,-9.282],[150.215,-9.206],[150.142,-9.248],[150.108,-9.361],[150.172,-9.436],[150.338,-9.52],[150.369,-9.372]]],[[[152.995,-9.141],[152.794,-9.003],[152.518,-8.996],[152.452,-8.945],[152.389,-8.991],[152.427,-9.07],[152.452,-8.965],[152.598,-9.069],[152.812,-9.255],[152.97,-9.229],[152.995,-9.141]]],[[[151.113,-8.769],[151.139,-8.548],[151.122,-8.426],[150.999,-8.518],[151.122,-8.583],[151.045,-8.733],[151.113,-8.769]]],[[[143.608,-8.638],[143.475,-8.525],[143.271,-8.469],[143.412,-8.596],[143.653,-8.706],[143.608,-8.638]]],[[[143.379,-8.426],[143.53,-8.486],[143.612,-8.462],[143.574,-8.374],[143.317,-8.372],[143.379,-8.426]]],[[[148.049,-5.606],[147.847,-5.486],[147.782,-5.495],[147.769,-5.612],[147.896,-5.771],[148.039,-5.822],[148.077,-5.658],[148.049,-5.606]]],[[[155.933,-6.641],[155.917,-6.518],[155.813,-6.365],[155.759,-6.344],[155.623,-6.191],[155.569,-6.211],[155.452,-6.137],[155.404,-6.006],[155.279,-5.884],[155.213,-5.87],[155.192,-5.766],[155.018,-5.541],[154.892,-5.555],[154.733,-5.427],[154.698,-5.452],[154.77,-5.559],[154.7,-5.767],[154.756,-5.948],[154.96,-6.131],[154.979,-6.193],[155.182,-6.292],[155.235,-6.363],[155.187,-6.554],[155.361,-6.746],[155.524,-6.839],[155.718,-6.873],[155.816,-6.782],[155.912,-6.809],[155.968,-6.727],[155.933,-6.641]]],[[[147.21,-5.27],[147.134,-5.191],[147.018,-5.244],[147.01,-5.335],[147.127,-5.443],[147.215,-5.43],[147.21,-5.27]]],[[[154.727,-5.211],[154.679,-5.047],[154.624,-5.013],[154.536,-5.137],[154.632,-5.459],[154.689,-5.427],[154.727,-5.211]]],[[[145.997,-4.534],[145.907,-4.591],[145.876,-4.687],[145.939,-4.761],[146.045,-4.701],[146.048,-4.585],[145.997,-4.534]]],[[[152.418,-4.345],[152.178,-4.297],[152.172,-4.22],[152.246,-4.235],[152.185,-4.143],[152.137,-4.205],[152.009,-4.192],[152.036,-4.257],[151.965,-4.331],[151.863,-4.239],[151.54,-4.177],[151.507,-4.229],[151.554,-4.396],[151.609,-4.452],[151.696,-4.819],[151.612,-4.966],[151.369,-4.903],[151.083,-5.164],[151.033,-5.259],[151.022,-5.39],[150.875,-5.493],[150.81,-5.443],[150.719,-5.534],[150.634,-5.557],[150.593,-5.487],[150.423,-5.457],[150.307,-5.561],[150.142,-5.534],[150.032,-5.295],[150.062,-5.181],[150.202,-5.062],[150.157,-5.02],[150.035,-5.034],[150.026,-5.225],[149.917,-5.349],[149.98,-5.438],[149.873,-5.528],[149.8,-5.507],[149.718,-5.569],[149.615,-5.514],[149.499,-5.589],[149.224,-5.599],[149.2,-5.565],[148.978,-5.465],[148.848,-5.541],[148.652,-5.481],[148.556,-5.54],[148.43,-5.445],[148.342,-5.533],[148.325,-5.646],[148.386,-5.775],[148.552,-5.837],[148.621,-5.808],[148.847,-5.92],[148.854,-5.98],[149.012,-6.028],[149.073,-6.091],[149.053,-6.162],[149.142,-6.144],[149.163,-6.082],[149.304,-6.059],[149.464,-6.103],[149.629,-6.299],[149.911,-6.295],[150.054,-6.258],[150.103,-6.303],[150.465,-6.274],[150.588,-6.178],[150.796,-6.12],[150.821,-6.014],[150.88,-6.054],[151.061,-6.029],[151.183,-5.964],[151.287,-5.856],[151.355,-5.834],[151.41,-5.736],[151.533,-5.665],[151.445,-5.569],[151.479,-5.53],[151.739,-5.534],[151.786,-5.585],[151.972,-5.534],[152.099,-5.456],[152.15,-5.37],[152.123,-5.291],[151.988,-5.164],[151.993,-4.972],[152.137,-4.999],[152.292,-4.935],[152.386,-4.791],[152.412,-4.684],[152.365,-4.472],[152.418,-4.345]]],[[[152.651,-3.115],[152.651,-3.046],[152.575,-3.04],[152.544,-3.131],[152.644,-3.225],[152.651,-3.115]]],[[[150.992,-2.958],[150.882,-2.903],[150.835,-2.96],[150.992,-2.958]]],[[[152.072,-2.917],[151.983,-2.843],[152.025,-2.996],[152.072,-2.917]]],[[[152.013,-2.807],[152.01,-2.745],[151.913,-2.705],[151.916,-2.844],[152.013,-2.807]]],[[[153.137,-4.269],[152.956,-3.999],[152.871,-3.991],[152.823,-3.871],[152.778,-3.897],[152.575,-3.821],[152.493,-3.643],[152.425,-3.657],[152.363,-3.543],[152.217,-3.457],[152.053,-3.247],[151.799,-3.178],[151.687,-3.067],[151.437,-2.909],[151.216,-2.869],[151.17,-2.785],[150.98,-2.693],[150.834,-2.567],[150.793,-2.615],[150.893,-2.675],[150.76,-2.769],[150.915,-2.765],[151.091,-2.833],[151.43,-3.053],[151.474,-3.118],[151.612,-3.166],[151.809,-3.361],[151.984,-3.459],[152.171,-3.49],[152.289,-3.57],[152.36,-3.694],[152.519,-3.855],[152.688,-4.164],[152.704,-4.29],[152.671,-4.452],[152.733,-4.65],[152.818,-4.721],[152.898,-4.848],[153.075,-4.602],[153.054,-4.452],[153.137,-4.376],[153.137,-4.269]]],[[[150.465,-2.532],[150.424,-2.467],[150.208,-2.375],[149.958,-2.478],[150.032,-2.505],[150.187,-2.679],[150.451,-2.658],[150.465,-2.532]]],[[[147.827,-2.238],[147.73,-2.326],[147.816,-2.347],[147.881,-2.286],[147.827,-2.238]]],[[[147.433,-1.984],[147.423,-2.046],[147.11,-1.963],[146.87,-1.947],[146.781,-1.981],[146.652,-1.964],[146.581,-1.995],[146.617,-2.107],[146.521,-2.139],[146.572,-2.228],[146.702,-2.114],[146.803,-2.169],[146.955,-2.195],[147.131,-2.163],[147.216,-2.183],[147.292,-2.064],[147.431,-2.061],[147.433,-1.984]]],[[[149.735,-1.474],[149.725,-1.429],[149.581,-1.346],[149.56,-1.498],[149.683,-1.581],[149.793,-1.58],[149.735,-1.474]]],[[[143.674,-8.391],[143.541,-8.35],[143.668,-8.428],[143.674,-8.391]]]]},"properties":{"NAME":"Papua New Guinea","ADMIN":"Papua New Guinea","ISO_A2":"PG","ISO_A3":"PNG","CONTINENT":"Oceania","SUBREGION":"Melanesia","POP_EST":8776109,"GDP_MD":24829,"LABEL_X":143.910216,"LABEL_Y":-5.695285,"ID":"PNG"}},{"type":"Feature","geometry":{"type":"Polygon","coordinates":[[[35.621,23.139],[35.575,23.213],[35.541,23.41],[35.489,23.497],[35.51,23.756],[35.475,23.798],[35.514,23.977],[35.685,23.911],[35.717,23.993],[35.605,24.019],[35.588,24.076],[35.429,24.186],[35.392,24.283],[35.235,24.4],[34.99,24.905],[34.682,25.429],[34.547,25.725],[34.339,26.002],[34.014,26.612],[33.941,26.654],[33.96,26.85],[34.004,26.849],[33.837,27.121],[33.825,27.26],[33.692,27.342],[33.633,27.496],[33.558,27.537],[33.496,27.647],[33.537,27.708],[33.482,27.846],[33.592,27.791],[33.513,27.959],[33.338,28.085],[33.126,28.288],[33.003,28.489],[32.869,28.579],[32.821,28.748],[32.625,28.973],[32.66,29.089],[32.591,29.35],[32.388,29.526],[32.338,29.6],[32.393,29.734],[32.492,29.854],[32.468,29.915],[32.57,29.956],[32.605,29.824],[32.691,29.734],[32.681,29.6],[32.721,29.467],[32.817,29.414],[32.886,29.243],[33.136,29.035],[33.181,28.819],[33.228,28.764],[33.195,28.675],[33.238,28.566],[33.434,28.366],[33.565,28.297],[33.716,28.075],[33.879,27.935],[34.078,27.801],[34.272,27.812],[34.427,27.983],[34.455,28.167],[34.407,28.308],[34.633,28.771],[34.675,29.107],[34.737,29.305],[34.887,29.49],[34.824,29.742],[34.599,30.345],[34.534,30.4],[34.48,30.651],[34.2,31.314],[34.047,31.229],[33.648,31.117],[33.406,31.155],[33.133,31.046],[33.158,31.118],[33.099,31.19],[32.985,31.11],[32.77,31.046],[32.602,31.061],[32.331,31.271],[32.272,31.119],[32.091,31.08],[32.037,31.217],[31.926,31.187],[31.769,31.299],[31.855,31.423],[31.845,31.498],[31.918,31.524],[31.995,31.395],[32.2,31.295],[32.009,31.417],[31.945,31.521],[31.913,31.535],[31.838,31.525],[31.597,31.444],[31.524,31.45],[31.221,31.58],[31.012,31.597],[31.111,31.54],[30.981,31.437],[30.799,31.446],[30.734,31.388],[30.543,31.395],[30.866,31.548],[30.493,31.459],[30.362,31.509],[30.288,31.278],[30.165,31.217],[30.173,31.271],[30.07,31.333],[29.838,31.154],[29.503,30.957],[29.219,30.838],[29.028,30.827],[28.829,30.915],[28.818,30.951],[28.405,31.086],[28.318,31.06],[27.897,31.114],[27.863,31.234],[27.66,31.18],[27.478,31.214],[27.383,31.269],[27.342,31.368],[27.117,31.39],[26.966,31.45],[26.362,31.522],[25.967,31.617],[25.824,31.615],[25.402,31.503],[25.191,31.531],[25.151,31.656],[25.024,31.494],[24.861,31.38],[24.859,31.146],[24.89,31.019],[24.995,30.785],[24.908,30.499],[24.772,30.331],[24.688,30.144],[24.812,29.891],[24.805,29.755],[24.871,29.638],[24.874,29.468],[24.981,29.181],[24.981,28.492],[24.981,27.667],[24.981,26.665],[24.981,26.081],[24.981,25.205],[24.981,24.622],[24.981,23.746],[24.981,22.871],[24.981,21.995],[26.344,21.995],[27.317,21.995],[28.29,21.995],[29.458,21.995],[30.432,21.994],[31.248,21.994],[31.404,22.224],[31.491,22.148],[31.435,21.995],[32.136,21.995],[33.181,21.995],[34.084,21.995],[35.486,21.996],[36.884,21.996],[36.895,22.066],[36.757,22.177],[36.714,22.169],[36.563,22.297],[36.44,22.356],[36.428,22.426],[36.313,22.492],[36.198,22.652],[35.886,22.736],[35.695,22.932],[35.621,23.139]]]},"properties":{"NAME":"Egypt","ADMIN":"Egypt","ISO_A2":"EG","ISO_A3":"EGY","CONTINENT":"Africa","SUBREGION":"Northern Africa","POP_EST":100388073,"GDP_MD":303092,"LABEL_X":29.445837,"LABEL_Y":26.186173,"ID":"EGY"}},{"type":"Feature","geometry":{"type":"MultiPolygon","coordinates":[[[[51.979,18.996],[51.02,18.867],[49.738,18.694],[49.129,18.612],[49.036,18.58],[48.162,18.149],[47.589,17.463],[47.428,17.092],[47.191,16.959],[46.97,16.957],[46.747,17.255],[46.71,17.275],[46.323,17.224],[45.43,17.312],[45.165,17.428],[44.646,17.432],[44.562,17.404],[44.404,17.419],[44.104,17.352],[43.751,17.346],[43.62,17.459],[43.503,17.513],[43.391,17.512],[43.165,17.326],[43.249,17.252],[43.156,17.21],[43.109,16.927],[43.209,16.773],[43.163,16.662],[43.085,16.673],[43.036,16.536],[42.907,16.479],[42.872,16.402],[42.789,16.371],[42.843,16.052],[42.82,15.875],[42.699,15.717],[42.719,15.57],[42.774,15.491],[42.809,15.268],[42.678,15.308],[42.61,15.244],[42.864,15.136],[42.937,14.948],[42.942,14.789],[43.029,14.538],[42.987,14.489],[43.096,14.084],[43.233,13.876],[43.281,13.722],[43.254,13.527],[43.249,13.213],[43.473,12.847],[43.462,12.693],[43.601,12.756],[43.909,12.645],[43.946,12.598],[44.191,12.66],[44.191,12.619],[44.416,12.67],[44.543,12.797],[44.694,12.803],[44.881,12.73],[44.867,12.795],[44.945,12.834],[45.057,12.817],[45.118,12.962],[45.194,13.013],[45.403,13.07],[45.494,13.195],[45.666,13.342],[45.941,13.399],[46.235,13.436],[46.313,13.414],[46.701,13.43],[46.912,13.533],[47.167,13.586],[47.398,13.655],[47.667,13.887],[47.867,13.962],[48.017,14.057],[48.14,14.031],[48.189,13.969],[48.338,14.016],[48.469,13.989],[48.565,14.046],[48.681,14.044],[48.853,14.167],[48.887,14.25],[49.004,14.325],[49.078,14.506],[49.578,14.737],[49.942,14.839],[50.042,14.818],[50.18,14.843],[50.554,15.049],[51.07,15.15],[51.368,15.23],[51.549,15.323],[51.676,15.34],[51.68,15.403],[52.047,15.57],[52.228,15.616],[52.224,15.847],[52.156,15.984],[52.217,16.148],[52.293,16.264],[52.42,16.371],[52.598,16.477],[52.851,16.556],[52.985,16.628],[53.09,16.642],[52.802,17.267],[52.73,17.3],[52.485,17.854],[51.979,18.996]]],[[[52.289,12.201],[52.068,12.222],[52.24,12.157],[52.388,12.149],[52.289,12.201]]],[[[54.471,12.544],[54.119,12.701],[54.008,12.646],[53.763,12.62],[53.655,12.705],[53.5,12.712],[53.396,12.656],[53.334,12.516],[53.506,12.416],[53.572,12.335],[53.776,12.305],[54.14,12.351],[54.246,12.434],[54.445,12.485],[54.471,12.544]]],[[[42.76,14.065],[42.701,13.988],[42.789,13.927],[42.76,14.065]]],[[[42.636,15.446],[42.559,15.393],[42.582,15.268],[42.636,15.446]]]]},"properties":{"NAME":"Yemen","ADMIN":"Yemen","ISO_A2":"YE","ISO_A3":"YEM","CONTINENT":"Asia","SUBREGION":"Western Asia","POP_EST":29161922,"GDP_MD":22581,"LABEL_X":45.874383,"LABEL_Y":15.328226,"ID":"YEM"}},{"type":"Feature","geometry":{"type":"MultiPolygon","coordinates":[[[[-8.682,27.285],[-8.681,26.013],[-8.707,25.995],[-9.296,25.995],[-10.202,25.995],[-10.907,25.995],[-12.015,25.995],[-12.015,24.937],[-12.015,24.105],[-12.015,23.495],[-12.033,23.445],[-12.354,23.322],[-12.619,23.271],[-13.015,23.018],[-13.12,22.884],[-13.165,22.753],[-13.093,22.495],[-13.015,21.333],[-14.015,21.333],[-15.002,21.333],[-16.268,21.333],[-16.959,21.333],[-17.081,20.875],[-17.057,20.767],[-17.004,20.932],[-17.016,21.031],[-16.918,21.159],[-16.775,20.938],[-16.665,20.671],[-16.542,20.561],[-16.529,20.739],[-16.43,20.644],[-16.295,20.331],[-16.2,20.215],[-16.261,20.136],[-16.214,20.033],[-16.298,19.923],[-16.234,19.794],[-16.467,19.464],[-16.35,19.547],[-16.323,19.458],[-16.408,19.389],[-16.522,19.396],[-16.467,19.259],[-16.368,19.222],[-16.283,19.13],[-16.205,18.983],[-16.132,18.629],[-16.069,18.484],[-16.024,17.96],[-16.049,17.667],[-16.173,17.262],[-16.343,16.942],[-16.459,16.644],[-16.467,16.493],[-16.539,16.267],[-16.527,15.977],[-16.542,15.809],[-16.466,16.174],[-16.381,16.247],[-16.327,16.475],[-16.132,16.555],[-16.054,16.495],[-15.813,16.514],[-15.672,16.481],[-15.427,16.553],[-15.093,16.6],[-14.974,16.691],[-14.931,16.643],[-14.597,16.629],[-14.407,16.661],[-14.343,16.637],[-14.016,16.356],[-13.964,16.23],[-13.811,16.122],[-13.711,16.189],[-13.676,16.107],[-13.485,16.155],[-13.314,15.922],[-13.238,15.623],[-13.122,15.603],[-13.09,15.497],[-12.964,15.509],[-12.907,15.353],[-12.782,15.207],[-12.78,15.146],[-12.632,15.105],[-12.472,14.998],[-12.382,14.846],[-12.264,14.775],[-12.139,14.785],[-12.07,14.734],[-11.82,14.9],[-11.814,15.029],[-11.861,15.049],[-11.846,15.179],[-11.727,15.541],[-11.644,15.526],[-11.524,15.6],[-11.41,15.602],[-11.298,15.451],[-11.045,15.27],[-10.915,15.103],[-10.827,15.288],[-10.747,15.341],[-10.736,15.423],[-10.535,15.442],[-10.309,15.435],[-10.132,15.373],[-9.836,15.371],[-9.672,15.431],[-9.424,15.441],[-9.452,15.559],[-9.376,15.686],[-9.332,15.688],[-9.349,15.496],[-8.327,15.495],[-7.517,15.495],[-6.674,15.495],[-5.511,15.494],[-5.353,16.312],[-5.623,16.528],[-5.756,17.741],[-5.858,18.661],[-5.964,19.621],[-6.114,20.92],[-6.219,21.823],[-6.304,22.547],[-6.375,23.15],[-6.498,24.208],[-6.593,24.994],[-5.929,24.994],[-4.822,24.995],[-5.516,25.423],[-6.14,25.79],[-7.297,26.471],[-8.089,26.936],[-8.682,27.285]]],[[[-16.378,19.814],[-16.464,19.685],[-16.432,19.601],[-16.367,19.721],[-16.378,19.814]]]]},"properties":{"NAME":"Mauritania","ADMIN":"Mauritania","ISO_A2":"MR","ISO_A3":"MRT","CONTINENT":"Africa","SUBREGION":"Western Africa","POP_EST":4525696,"GDP_MD":7600,"LABEL_X":-9.740299,"LABEL_Y":19.587062,"ID":"MRT"}},{"type":"Feature","geometry":{"type":"MultiPolygon","coordinates":[[[[9.8,2.342],[9.765,2.085],[9.799,1.901],[9.607,1.644],[9.564,1.503],[9.465,1.415],[9.464,1.36],[9.347,1.182],[9.405,1.106],[9.507,1.138],[9.584,1.043],[9.699,1.125],[9.848,1.072],[9.804,0.998],[9.909,0.935],[10.029,1.004],[11.336,0.999],[11.332,1.785],[11.322,2.166],[10.724,2.166],[9.991,2.166],[9.811,2.265],[9.8,2.342]]],[[[8.923,3.751],[8.702,3.761],[8.628,3.648],[8.563,3.457],[8.474,3.463],[8.422,3.339],[8.469,3.258],[8.686,3.197],[8.775,3.317],[8.785,3.395],[8.958,3.643],[8.923,3.751]]]]},"properties":{"NAME":"Eq. Guinea","ADMIN":"Equatorial Guinea","ISO_A2":"GQ","ISO_A3":"GNQ","CONTINENT":"Africa","SUBREGION":"Middle Africa","POP_EST":1355986,"GDP_MD":11026,"LABEL_X":8.9902,"LABEL_Y":2.333,"ID":"GNQ"}},{"type":"Feature","geometry":{"type":"Polygon","coordinates":[[[-16.754,13.065],[-16.674,13.164],[-15.833,13.157],[-15.823,13.319],[-15.52,13.387],[-15.379,13.363],[-15.228,13.425],[-15.218,13.515],[-15.138,13.59],[-15.015,13.496],[-14.78,13.411],[-14.732,13.359],[-14.592,13.353],[-14.395,13.243],[-14.202,13.23],[-14.057,13.297],[-13.851,13.336],[-13.819,13.429],[-13.901,13.542],[-13.988,13.579],[-14.347,13.452],[-14.47,13.522],[-14.586,13.66],[-14.729,13.619],[-14.803,13.652],[-14.844,13.753],[-14.916,13.792],[-15.098,13.82],[-15.267,13.742],[-15.394,13.772],[-15.468,13.708],[-15.518,13.583],[-16.561,13.587],[-16.522,13.359],[-16.281,13.36],[-16.142,13.455],[-16.09,13.44],[-15.77,13.465],[-15.555,13.509],[-15.635,13.455],[-15.995,13.413],[-16.161,13.429],[-16.228,13.342],[-16.375,13.264],[-16.546,13.29],[-16.585,13.443],[-16.679,13.496],[-16.83,13.339],[-16.754,13.065]]]},"properties":{"NAME":"Gambia","ADMIN":"Gambia","ISO_A2":"GM","ISO_A3":"GMB","CONTINENT":"Africa","SUBREGION":"Western Africa","POP_EST":2347706,"GDP_MD":1826,"LABEL_X":-14.998318,"LABEL_Y":13.641721,"ID":"GMB"}},{"type":"Feature","geometry":{"type":"Polygon","coordinates":[[[12.453,41.903],[12.454,41.904],[12.453,41.904],[12.453,41.903]]]},"properties":{"NAME":"Vatican","ADMIN":"Vatican","ISO_A2":"VA","ISO_A3":"VAT","CONTINENT":"Europe","SUBREGION":"Southern Europe","POP_EST":825,"GDP_MD":-99,"LABEL_X":12.453418,"LABEL_Y":41.903323,"ID":"VAT"}},{"type":"Feature","geometry":{"type":"Polygon","coordinates":[[[34.012,35.064],[33.9,35.164],[33.924,35.279],[34.059,35.324],[34.138,35.415],[34.573,35.644],[34.593,35.692],[34.182,35.554],[34.036,35.471],[33.66,35.359],[33.428,35.329],[32.92,35.398],[32.929,35.233],[32.865,35.157],[32.711,35.182],[32.839,35.08],[33.19,35.19],[33.315,35.162],[33.4,35.198],[33.477,35.095],[33.592,35.034],[33.766,35.032],[33.877,35.077],[34.012,35.064]]]},"properties":{"NAME":"N. Cyprus","ADMIN":"Northern Cyprus","ISO_A2":"-99","ISO_A3":"-99","CONTINENT":"Asia","SUBREGION":"Western Asia","POP_EST":326000,"GDP_MD":3600,"LABEL_X":33.692434,"LABEL_Y":35.216071,"ID":"NCY"}},{"type":"Feature","geometry":{"type":"MultiPolygon","coordinates":[[[[131.536,-31.606],[131.783,-31.728],[132.078,-31.908],[132.234,-32.033],[132.483,-32.026],[132.476,-31.955],[132.587,-31.935],[132.798,-31.956],[132.977,-32.109],[133.056,-32.108],[133.148,-32.197],[133.412,-32.211],[133.477,-32.112],[133.552,-32.172],[133.649,-32.102],[133.692,-32.189],[133.826,-32.245],[133.95,-32.389],[133.896,-32.399],[133.854,-32.53],[134.148,-32.457],[134.273,-32.588],[134.298,-32.678],[134.221,-32.804],[134.217,-32.726],[134.074,-32.714],[134.133,-32.836],[134.06,-32.911],[134.191,-32.946],[134.279,-33.163],[134.334,-33.205],[134.446,-33.154],[134.662,-33.226],[134.582,-33.146],[134.693,-33.164],[134.677,-33.233],[134.814,-33.353],[134.868,-33.545],[134.841,-33.631],[135.19,-33.893],[135.26,-33.998],[135.273,-34.116],[135.346,-34.276],[135.389,-34.569],[135.498,-34.624],[135.406,-34.644],[135.303,-34.551],[135.153,-34.502],[135.121,-34.604],[135.23,-34.565],[135.43,-34.713],[135.604,-34.88],[135.633,-34.953],[135.741,-34.861],[135.822,-34.874],[135.965,-35.008],[136.012,-34.98],[135.973,-34.786],[135.883,-34.768],[135.875,-34.644],[135.937,-34.535],[136.069,-34.482],[136.115,-34.384],[136.232,-34.309],[136.369,-34.073],[136.582,-33.949],[136.607,-33.903],[136.879,-33.803],[136.946,-33.682],[137.02,-33.73],[137.225,-33.653],[137.377,-33.39],[137.452,-33.14],[137.674,-32.955],[137.77,-32.991],[137.808,-32.858],[137.754,-32.693],[137.764,-32.524],[137.822,-32.568],[137.958,-33.005],[138.035,-33.066],[138.025,-33.149],[137.855,-33.191],[137.81,-33.26],[137.937,-33.528],[137.715,-33.787],[137.602,-33.877],[137.615,-33.942],[137.532,-34.015],[137.554,-34.072],[137.454,-34.164],[137.492,-34.26],[137.459,-34.448],[137.513,-34.618],[137.446,-34.917],[137.391,-34.954],[137.267,-34.905],[137.031,-34.9],[136.942,-35.039],[136.961,-35.096],[136.835,-35.248],[136.874,-35.295],[137.04,-35.227],[137.169,-35.242],[137.239,-35.172],[137.403,-35.124],[137.561,-35.131],[137.671,-35.181],[137.747,-35.059],[137.91,-34.624],[137.883,-34.59],[137.931,-34.415],[138.038,-34.308],[138.016,-34.227],[138.078,-34.128],[138.227,-34.32],[138.26,-34.438],[138.446,-34.686],[138.536,-34.741],[138.487,-34.873],[138.507,-35.057],[138.427,-35.353],[138.287,-35.47],[138.123,-35.555],[138.107,-35.621],[138.202,-35.672],[138.531,-35.646],[138.746,-35.539],[138.993,-35.548],[138.804,-35.476],[139.038,-35.508],[138.961,-35.414],[139.268,-35.331],[139.351,-35.37],[139.375,-35.464],[139.219,-35.507],[139.356,-35.593],[139.338,-35.687],[139.244,-35.695],[139.234,-35.548],[139.135,-35.498],[139.041,-35.604],[139.475,-35.896],[139.594,-36.023],[139.665,-36.228],[139.565,-36.05],[139.448,-35.927],[139.001,-35.585],[138.918,-35.577],[139.199,-35.747],[139.457,-35.958],[139.567,-36.075],[139.854,-36.622],[139.864,-36.767],[139.785,-36.902],[139.672,-36.953],[139.788,-37.126],[139.742,-37.181],[139.988,-37.487],[140.114,-37.518],[140.11,-37.57],[140.241,-37.666],[140.36,-37.882],[140.602,-38.038],[140.714,-38.071],[140.951,-38.054],[141.134,-38.128],[141.375,-38.291],[141.371,-38.386],[141.508,-38.386],[141.543,-38.434],[141.654,-38.4],[141.618,-38.338],[141.762,-38.262],[141.947,-38.283],[142.225,-38.406],[142.398,-38.367],[142.654,-38.473],[142.81,-38.578],[143.06,-38.636],[143.242,-38.763],[143.334,-38.756],[143.537,-38.858],[143.705,-38.728],[143.845,-38.691],[144.053,-38.486],[144.249,-38.402],[144.402,-38.301],[144.653,-38.286],[144.725,-38.165],[144.654,-38.125],[144.524,-38.178],[144.363,-38.147],[144.528,-38.105],[144.825,-37.899],[144.983,-37.899],[145.11,-38.052],[145.119,-38.159],[144.983,-38.341],[144.804,-38.379],[144.945,-38.51],[145.137,-38.401],[145.229,-38.413],[145.203,-38.336],[145.297,-38.232],[145.477,-38.245],[145.557,-38.385],[145.421,-38.427],[145.373,-38.531],[145.514,-38.578],[145.571,-38.662],[145.809,-38.65],[145.921,-38.907],[146.092,-38.82],[146.182,-38.868],[146.426,-39.136],[146.483,-38.924],[146.448,-38.79],[146.286,-38.91],[146.182,-38.756],[146.35,-38.695],[146.412,-38.74],[146.879,-38.644],[147.396,-38.22],[147.589,-38.081],[147.917,-37.919],[148.306,-37.823],[148.786,-37.798],[149.479,-37.786],[149.667,-37.7],[149.779,-37.556],[149.985,-37.496],[149.951,-37.284],[150.054,-37.276],[149.998,-37.15],[149.876,-37.096],[149.944,-37.053],[149.904,-36.928],[149.93,-36.83],[150.066,-36.567],[150.079,-36.386],[150.142,-36.32],[150.123,-36.153],[150.153,-35.894],[150.241,-35.81],[150.191,-35.727],[150.274,-35.731],[150.409,-35.539],[150.554,-35.214],[150.759,-35.179],[150.678,-35.076],[150.768,-35.007],[150.807,-35.111],[150.852,-35.015],[150.776,-34.987],[150.729,-34.87],[150.834,-34.782],[150.897,-34.601],[150.873,-34.546],[150.925,-34.33],[151.028,-34.201],[151.169,-34.11],[151.232,-34.024],[151.095,-34.014],[151.281,-33.952],[151.309,-33.693],[151.341,-33.617],[151.266,-33.561],[151.424,-33.528],[151.515,-33.327],[151.626,-33.192],[151.671,-33.061],[151.834,-32.865],[151.935,-32.816],[152.109,-32.794],[152.198,-32.73],[152.061,-32.698],[152.188,-32.669],[152.402,-32.489],[152.54,-32.442],[152.565,-32.206],[152.51,-32.162],[152.609,-31.946],[152.747,-31.843],[152.845,-31.569],[152.935,-31.483],[152.981,-31.166],[153.06,-31.077],[153.086,-30.895],[153.028,-30.876],[152.988,-30.735],[153.051,-30.473],[153.204,-30.129],[153.199,-30.036],[153.26,-29.943],[153.322,-29.698],[153.37,-29.397],[153.34,-29.323],[153.454,-29.036],[153.606,-28.867],[153.631,-28.662],[153.576,-28.59],[153.563,-28.461],[153.591,-28.268],[153.449,-28.073],[153.446,-27.81],[153.315,-27.655],[153.25,-27.473],[153.151,-27.352],[153.065,-27.31],[153.117,-27.197],[153.038,-27.193],[153.117,-27.09],[153.206,-27.046],[153.153,-26.925],[153.151,-26.685],[153.11,-26.647],[153.113,-26.457],[153.077,-26.281],[153.142,-26.061],[153.206,-25.935],[153.122,-25.934],[153.084,-25.836],[153.028,-25.969],[153.021,-25.825],[152.943,-25.753],[152.898,-25.585],[152.966,-25.497],[152.914,-25.288],[152.677,-25.242],[152.506,-24.999],[152.491,-24.848],[152.405,-24.749],[152.306,-24.724],[152.15,-24.619],[152.059,-24.514],[151.933,-24.211],[151.811,-24.142],[151.78,-24.023],[151.624,-23.984],[151.692,-24.098],[151.448,-24.009],[151.278,-23.824],[151.187,-23.804],[151.126,-23.675],[150.937,-23.543],[150.814,-23.411],[150.787,-23.309],[150.839,-23.249],[150.764,-23.159],[150.774,-22.967],[150.826,-22.698],[150.783,-22.543],[150.723,-22.624],[150.678,-22.563],[150.76,-22.47],[150.568,-22.323],[150.535,-22.427],[150.609,-22.611],[150.3,-22.418],[150.216,-22.395],[150.054,-22.142],[149.99,-22.163],[149.924,-22.298],[150.047,-22.645],[149.813,-22.378],[149.731,-22.469],[149.703,-22.363],[149.592,-22.286],[149.609,-22.244],[149.483,-21.951],[149.435,-21.79],[149.478,-21.718],[149.395,-21.504],[149.292,-21.511],[149.341,-21.424],[149.293,-21.282],[149.226,-21.273],[149.196,-21.181],[149.231,-21.09],[149.151,-20.996],[149.027,-20.976],[148.971,-20.871],[148.854,-20.832],[148.71,-20.679],[148.655,-20.555],[148.808,-20.433],[148.868,-20.528],[148.937,-20.535],[148.851,-20.421],[148.849,-20.349],[148.757,-20.23],[148.683,-20.274],[148.683,-20.185],[148.611,-20.214],[148.56,-20.053],[148.437,-20.075],[148.476,-20.132],[148.402,-20.174],[148.265,-20.083],[148.279,-19.966],[148.13,-19.936],[148.072,-19.877],[147.949,-19.908],[147.859,-19.825],[147.846,-19.735],[147.751,-19.692],[147.785,-19.835],[147.684,-19.828],[147.599,-19.703],[147.55,-19.521],[147.445,-19.342],[147.421,-19.413],[147.134,-19.411],[147.01,-19.253],[146.905,-19.305],[146.746,-19.173],[146.655,-19.183],[146.447,-19.06],[146.277,-18.874],[146.339,-18.527],[146.214,-18.492],[146.183,-18.38],[146.024,-18.263],[146.004,-18.156],[146.114,-17.864],[146.084,-17.796],[146.148,-17.633],[146.068,-17.516],[146.071,-17.392],[145.968,-17.242],[145.882,-17.04],[145.955,-16.873],[145.778,-16.885],[145.661,-16.728],[145.579,-16.672],[145.463,-16.481],[145.4,-16.443],[145.462,-16.273],[145.434,-16.201],[145.462,-16.06],[145.356,-15.903],[145.366,-15.749],[145.274,-15.536],[145.256,-15.389],[145.325,-15.216],[145.26,-15.24],[145.247,-15.095],[145.346,-14.943],[145.277,-14.947],[145.223,-14.833],[145.031,-14.806],[144.942,-14.726],[144.886,-14.61],[144.678,-14.556],[144.619,-14.484],[144.633,-14.34],[144.479,-14.16],[144.448,-14.244],[144.304,-14.313],[144.185,-14.263],[144.162,-14.373],[143.941,-14.511],[143.783,-14.402],[143.708,-14.21],[143.687,-14.014],[143.618,-13.956],[143.53,-13.75],[143.598,-13.524],[143.595,-13.436],[143.527,-13.33],[143.495,-12.922],[143.544,-12.833],[143.364,-12.862],[143.379,-12.733],[143.434,-12.613],[143.323,-12.558],[143.253,-12.389],[143.077,-12.329],[143.086,-12.149],[143.204,-11.983],[143.123,-11.911],[142.992,-11.934],[142.873,-11.851],[142.858,-11.605],[142.821,-11.478],[142.87,-11.391],[142.801,-11.278],[142.81,-11.171],[142.742,-10.975],[142.666,-11.003],[142.615,-10.868],[142.515,-10.924],[142.515,-10.852],[142.615,-10.745],[142.54,-10.689],[142.449,-10.715],[142.323,-10.902],[142.175,-10.93],[142.145,-10.983],[142.159,-11.151],[142.132,-11.338],[141.967,-11.811],[141.953,-11.976],[142.033,-12.041],[141.92,-12.106],[141.871,-11.966],[141.801,-12.055],[141.595,-12.526],[141.694,-12.503],[141.811,-12.584],[141.938,-12.585],[141.823,-12.654],[142.008,-12.715],[141.905,-12.757],[141.82,-12.666],[141.755,-12.818],[141.585,-12.977],[141.636,-13.16],[141.693,-13.241],[141.527,-13.571],[141.474,-13.776],[141.485,-13.948],[141.584,-14.076],[141.592,-14.245],[141.522,-14.484],[141.604,-14.878],[141.666,-15.011],[141.639,-15.141],[141.487,-15.479],[141.379,-15.938],[141.431,-16.062],[141.35,-16.224],[141.304,-16.442],[141.199,-16.703],[141.084,-16.8],[140.947,-17.018],[140.96,-17.074],[140.883,-17.346],[140.833,-17.451],[140.755,-17.478],[140.507,-17.636],[140.24,-17.702],[140,-17.706],[139.925,-17.621],[139.641,-17.532],[139.439,-17.376],[139.274,-17.348],[139.209,-17.286],[139.142,-17.117],[139.158,-17.033],[139.037,-16.916],[138.753,-16.841],[138.657,-16.78],[138.493,-16.794],[138.184,-16.697],[137.867,-16.437],[137.746,-16.252],[137.55,-16.172],[137.361,-16.122],[137.198,-15.985],[136.992,-15.864],[136.907,-15.936],[136.705,-15.915],[136.723,-15.862],[136.595,-15.711],[136.529,-15.719],[136.417,-15.622],[136.268,-15.545],[136.24,-15.424],[135.952,-15.264],[135.861,-15.176],[135.653,-15.042],[135.551,-15.019],[135.47,-14.948],[135.378,-14.712],[135.523,-14.652],[135.532,-14.581],[135.759,-14.265],[135.909,-14.195],[135.923,-13.96],[135.991,-13.901],[136.053,-13.688],[135.901,-13.739],[135.845,-13.6],[135.855,-13.456],[135.965,-13.449],[135.883,-13.326],[135.978,-13.232],[136.086,-13.23],[136.148,-13.122],[136.159,-13.263],[136.308,-13.163],[136.31,-13.076],[136.372,-13.065],[136.388,-13.226],[136.478,-13.228],[136.567,-13.058],[136.497,-12.975],[136.637,-12.955],[136.49,-12.851],[136.565,-12.748],[136.69,-12.713],[136.679,-12.671],[136.79,-12.445],[136.771,-12.541],[136.928,-12.349],[136.876,-12.223],[136.761,-12.164],[136.766,-12.243],[136.691,-12.283],[136.591,-12.174],[136.533,-11.993],[136.451,-11.942],[136.3,-12.051],[136.18,-12.188],[136.313,-12.202],[136.364,-12.256],[136.253,-12.441],[136.023,-12.456],[135.985,-12.363],[136.06,-12.232],[135.935,-12.214],[136.053,-12.064],[135.913,-12.182],[135.889,-12.146],[135.732,-12.311],[135.65,-12.165],[135.897,-11.963],[135.724,-12.011],[135.903,-11.85],[135.937,-11.777],[135.868,-11.767],[135.875,-11.846],[135.739,-11.942],[135.601,-11.957],[135.581,-12.058],[135.712,-12.018],[135.588,-12.099],[135.515,-12.065],[135.46,-12.114],[135.366,-12.088],[135.223,-12.191],[135.258,-12.222],[135.07,-12.26],[134.967,-12.146],[134.861,-12.127],[134.769,-11.948],[134.705,-11.961],[134.594,-12.064],[134.429,-12.058],[134.285,-11.968],[134.186,-12.076],[134.195,-11.948],[134.068,-11.854],[133.943,-11.914],[133.834,-11.831],[133.939,-11.758],[133.803,-11.715],[133.59,-11.798],[133.324,-11.759],[133.364,-11.697],[133.185,-11.717],[133.074,-11.561],[133.076,-11.51],[132.941,-11.354],[132.873,-11.328],[132.895,-11.419],[132.833,-11.4],[132.76,-11.492],[132.674,-11.508],[132.475,-11.234],[132.383,-11.214],[132.343,-11.122],[132.272,-11.178],[132.288,-11.255],[132.188,-11.133],[132.204,-11.41],[132.107,-11.332],[132.115,-11.209],[131.982,-11.13],[131.94,-11.251],[131.882,-11.172],[131.847,-11.263],[131.768,-11.311],[131.926,-11.321],[131.99,-11.425],[132.041,-11.419],[132.085,-11.518],[132.37,-11.435],[132.495,-11.476],[132.595,-11.622],[132.696,-11.653],[132.593,-11.784],[132.651,-11.866],[132.627,-12.004],[132.679,-12.137],[132.577,-12.094],[132.44,-12.155],[132.422,-12.304],[132.38,-12.216],[132.216,-12.208],[132.046,-12.307],[131.905,-12.22],[131.784,-12.27],[131.493,-12.298],[131.328,-12.185],[131.303,-12.048],[131.232,-12.239],[131.106,-12.146],[131,-12.171],[131.052,-12.354],[130.898,-12.334],[130.825,-12.401],[130.969,-12.537],[130.874,-12.514],[130.969,-12.627],[130.877,-12.617],[130.784,-12.435],[130.674,-12.392],[130.62,-12.437],[130.559,-12.625],[130.626,-12.715],[130.448,-12.627],[130.354,-12.672],[130.352,-12.842],[130.319,-12.906],[130.13,-12.941],[130.119,-13.156],[130.252,-13.285],[130.134,-13.461],[129.969,-13.53],[129.891,-13.438],[129.838,-13.511],[129.789,-13.764],[129.715,-13.881],[129.718,-14.016],[129.547,-14.085],[129.489,-14.048],[129.493,-14.144],[129.373,-14.329],[129.358,-14.409],[129.585,-14.566],[129.607,-14.672],[129.763,-14.82],[129.955,-14.756],[129.801,-14.86],[129.646,-14.841],[129.612,-14.943],[129.662,-15.138],[129.585,-15.17],[129.572,-15.054],[129.477,-14.934],[129.221,-14.844],[129.263,-15.108],[129.153,-15.224],[129.199,-15.117],[129.173,-14.965],[129.051,-14.88],[128.749,-14.826],[128.532,-14.753],[128.396,-14.796],[128.46,-15.002],[128.444,-15.046],[128.313,-14.905],[128.196,-15.057],[128.22,-15.206],[128.297,-15.316],[128.289,-15.402],[128.224,-15.26],[128.125,-15.182],[128.113,-15.382],[128.024,-15.497],[128.071,-15.368],[128.067,-15.125],[128.149,-14.834],[128.191,-14.83],[128.175,-14.698],[127.874,-14.47],[127.666,-14.178],[127.489,-14.058],[127.344,-13.904],[127.333,-13.961],[127.237,-13.892],[127.13,-13.968],[127.072,-13.843],[126.953,-13.724],[126.747,-13.792],[126.83,-13.983],[126.707,-13.984],[126.734,-14.073],[126.652,-14.066],[126.604,-14.23],[126.559,-14.135],[126.453,-14.078],[126.527,-13.963],[126.432,-13.97],[126.294,-14.136],[126.345,-14.185],[126.227,-14.213],[126.191,-14.16],[126.214,-14.04],[126.111,-14.018],[126.138,-13.931],[126.007,-14.078],[126.134,-14.095],[126.141,-14.195],[126.063,-14.236],[126.061,-14.35],[125.986,-14.383],[126.041,-14.509],[125.925,-14.519],[125.909,-14.639],[125.829,-14.573],[125.805,-14.438],[125.684,-14.507],[125.658,-14.333],[125.707,-14.291],[125.606,-14.229],[125.617,-14.401],[125.584,-14.527],[125.501,-14.486],[125.438,-14.632],[125.356,-14.504],[125.266,-14.576],[125.137,-14.758],[125.191,-14.833],[125.309,-14.885],[125.183,-14.939],[125.281,-14.993],[125.431,-15.02],[125.366,-15.051],[125.42,-15.149],[125.329,-15.153],[125.146,-15.028],[125,-14.97],[125.032,-15.062],[124.973,-15.135],[124.863,-15.114],[124.87,-15.25],[124.98,-15.162],[125.055,-15.162],[124.885,-15.28],[124.929,-15.338],[125.038,-15.281],[125.144,-15.313],[125.073,-15.419],[125.172,-15.502],[124.92,-15.361],[124.664,-15.25],[124.733,-15.358],[124.63,-15.433],[124.63,-15.505],[124.473,-15.469],[124.39,-15.523],[124.418,-15.669],[124.377,-15.667],[124.404,-15.875],[124.45,-15.843],[124.515,-15.97],[124.61,-15.807],[124.733,-15.807],[124.61,-15.899],[124.596,-16.115],[124.52,-16.176],[124.454,-16.053],[124.378,-16.215],[124.402,-16.329],[124.596,-16.327],[124.769,-16.385],[124.474,-16.393],[124.4,-16.353],[124.342,-16.408],[124.223,-16.396],[124.126,-16.272],[123.911,-16.217],[123.993,-16.378],[123.733,-16.259],[123.828,-16.231],[123.724,-16.136],[123.595,-16.156],[123.54,-16.265],[123.712,-16.334],[123.712,-16.43],[123.506,-16.408],[123.654,-16.484],[123.424,-16.491],[123.499,-16.562],[123.609,-16.564],[123.51,-16.654],[123.693,-16.73],[123.768,-16.879],[123.938,-16.868],[123.795,-17],[123.861,-17.21],[123.667,-17.008],[123.595,-16.985],[123.58,-17.094],[123.64,-17.173],[123.568,-17.362],[123.554,-17.519],[123.4,-17.329],[123.26,-17.015],[123.143,-16.914],[123.151,-16.808],[123.021,-16.614],[122.96,-16.58],[122.99,-16.473],[123.058,-16.454],[123.007,-16.374],[122.916,-16.416],[122.886,-16.512],[122.759,-16.604],[122.746,-16.703],[122.821,-16.78],[122.571,-16.789],[122.528,-16.85],[122.595,-16.971],[122.473,-16.92],[122.276,-17.089],[122.28,-17.139],[122.172,-17.261],[122.143,-17.564],[122.205,-17.711],[122.207,-17.873],[122.17,-17.978],[122.361,-18],[122.324,-18.151],[122.22,-18.197],[121.91,-18.464],[121.824,-18.452],[121.732,-18.581],[121.724,-18.699],[121.613,-18.712],[121.643,-18.81],[121.519,-19.07],[121.312,-19.354],[121.194,-19.472],[120.954,-19.634],[120.651,-19.763],[120.238,-19.907],[119.802,-19.966],[119.567,-20.069],[119.436,-20.014],[119.212,-19.961],[119.118,-19.972],[118.975,-20.05],[118.832,-20.262],[118.702,-20.318],[118.606,-20.31],[118.369,-20.362],[118.136,-20.362],[117.941,-20.493],[117.911,-20.56],[117.736,-20.658],[117.603,-20.657],[117.513,-20.706],[117.354,-20.728],[117.198,-20.684],[117.154,-20.596],[116.88,-20.713],[116.787,-20.664],[116.82,-20.55],[116.587,-20.735],[116.435,-20.822],[116.219,-20.843],[116.152,-20.97],[115.937,-21.059],[115.806,-21.235],[115.603,-21.344],[115.455,-21.514],[115.105,-21.665],[114.929,-21.694],[114.647,-21.843],[114.498,-22.164],[114.468,-22.172],[114.367,-22.478],[114.287,-22.443],[114.18,-22.522],[114.111,-22.478],[114.164,-22.356],[114.077,-22.175],[114.159,-21.792],[114.011,-21.86],[113.898,-22.049],[113.804,-22.331],[113.647,-22.578],[113.659,-22.728],[113.76,-22.789],[113.812,-23.051],[113.748,-23.162],[113.782,-23.327],[113.75,-23.512],[113.599,-23.634],[113.46,-23.91],[113.415,-24.049],[113.433,-24.17],[113.385,-24.249],[113.391,-24.414],[113.439,-24.533],[113.604,-24.728],[113.611,-24.893],[113.713,-25.125],[113.802,-25.172],[113.928,-25.45],[114.155,-25.79],[114.259,-25.842],[114.269,-25.99],[114.192,-26.196],[114.234,-26.317],[114.104,-26.448],[113.97,-26.332],[113.906,-26.119],[113.91,-25.976],[113.795,-26.207],[113.704,-26.148],[113.761,-25.905],[113.533,-25.618],[113.515,-25.509],[113.423,-25.655],[113.421,-25.728],[113.558,-25.941],[113.577,-26.089],[113.684,-26.222],[113.782,-26.241],[113.885,-26.343],[113.887,-26.493],[113.812,-26.599],[113.629,-26.598],[113.644,-26.481],[113.566,-26.565],[113.561,-26.352],[113.514,-26.274],[113.503,-26.376],[113.45,-26.201],[113.397,-26.177],[113.335,-26.311],[113.306,-25.997],[113.276,-26.235],[113.298,-26.397],[113.591,-26.676],[113.764,-26.918],[114.013,-27.315],[114.074,-27.447],[114.144,-27.688],[114.097,-27.819],[114.166,-28.107],[114.31,-28.23],[114.531,-28.522],[114.59,-28.656],[114.577,-28.785],[114.653,-28.912],[114.832,-29.092],[114.979,-29.48],[114.946,-29.658],[114.967,-29.902],[114.943,-30.031],[114.975,-30.214],[115.101,-30.633],[115.181,-30.827],[115.313,-30.991],[115.455,-31.303],[115.68,-31.649],[115.744,-31.928],[115.757,-32.186],[115.749,-32.637],[115.677,-32.623],[115.691,-32.771],[115.63,-32.592],[115.601,-32.662],[115.675,-33.025],[115.667,-33.288],[115.517,-33.512],[115.434,-33.595],[115.283,-33.651],[115.119,-33.616],[114.989,-33.521],[114.957,-33.682],[114.971,-34.083],[115.018,-34.262],[115.119,-34.363],[115.165,-34.31],[115.335,-34.314],[115.612,-34.446],[115.745,-34.54],[115.934,-34.723],[115.979,-34.836],[116.096,-34.839],[116.331,-34.913],[116.388,-34.858],[116.498,-34.946],[116.375,-34.933],[116.465,-35.001],[116.638,-35.05],[116.736,-35.008],[116.845,-35.049],[117.04,-35.021],[117.14,-35.063],[117.172,-35.013],[117.36,-35.024],[117.62,-35.138],[117.684,-35.046],[117.949,-35.117],[117.849,-35.026],[118.12,-34.987],[118.168,-34.943],[118.385,-34.908],[118.387,-34.826],[118.48,-34.717],[118.613,-34.686],[118.757,-34.603],[118.727,-34.558],[118.875,-34.506],[118.84,-34.453],[119.117,-34.472],[119.261,-34.522],[119.27,-34.466],[119.402,-34.459],[119.385,-34.385],[119.484,-34.359],[119.475,-34.286],[119.572,-34.142],[119.806,-33.985],[120.002,-33.926],[120.423,-33.97],[120.572,-33.892],[121.166,-33.868],[121.334,-33.815],[121.533,-33.82],[121.628,-33.876],[121.813,-33.895],[122.016,-33.825],[122.106,-33.964],[122.074,-34.007],[122.258,-34.022],[122.312,-33.925],[122.56,-33.959],[122.575,-33.911],[122.818,-33.905],[123.023,-33.861],[123.085,-33.878],[123.147,-34.002],[123.267,-33.987],[123.344,-33.903],[123.527,-33.939],[123.739,-33.794],[123.757,-33.714],[123.952,-33.567],[124.008,-33.354],[124.117,-33.122],[124.357,-32.953],[124.709,-32.904],[124.902,-32.834],[125,-32.737],[125.338,-32.602],[125.537,-32.548],[125.87,-32.333],[126.186,-32.233],[126.372,-32.283],[126.678,-32.317],[127.053,-32.304],[127.289,-32.273],[127.532,-32.211],[127.766,-32.123],[128.017,-32.084],[128.655,-31.846],[128.99,-31.691],[130.157,-31.574],[130.834,-31.602],[131.178,-31.478],[131.536,-31.606]]],[[[147.999,-43.23],[147.964,-43.142],[147.981,-42.871],[147.858,-42.888],[147.953,-42.72],[147.889,-42.545],[148.006,-42.514],[148.005,-42.312],[148.093,-42.1],[148.155,-42.08],[148.181,-41.947],[148.242,-41.991],[148.162,-42.059],[148.32,-42.119],[148.265,-42.25],[148.322,-42.278],[148.364,-42.11],[148.299,-42.051],[148.327,-41.916],[148.261,-41.8],[148.315,-41.607],[148.279,-41.45],[148.333,-41.292],[148.272,-41.203],[148.331,-41.002],[148.209,-40.841],[147.984,-40.737],[147.916,-40.853],[147.82,-40.893],[147.669,-40.826],[147.597,-40.847],[147.445,-41.008],[147.286,-40.941],[147.171,-41.007],[147.018,-40.977],[146.838,-41.04],[146.824,-41.1],[146.95,-41.161],[146.808,-41.157],[146.785,-41.079],[146.424,-41.166],[146.214,-41.155],[145.916,-41.041],[145.791,-41.017],[145.712,-40.93],[145.342,-40.844],[145.267,-40.785],[145.119,-40.821],[144.985,-40.745],[144.689,-40.705],[144.697,-40.887],[144.606,-40.997],[144.675,-41.081],[144.682,-41.223],[144.767,-41.336],[144.926,-41.709],[145.207,-41.967],[145.27,-42.224],[145.324,-42.143],[145.482,-42.34],[145.558,-42.342],[145.463,-42.503],[145.424,-42.371],[145.241,-42.265],[145.189,-42.196],[145.265,-42.604],[145.353,-42.651],[145.51,-42.958],[145.688,-43.05],[145.832,-43.293],[145.917,-43.196],[146.025,-43.325],[146.168,-43.278],[146.23,-43.396],[146.086,-43.354],[145.935,-43.378],[146,-43.419],[146.024,-43.553],[146.209,-43.492],[146.306,-43.53],[146.558,-43.525],[146.711,-43.629],[146.856,-43.64],[147.1,-43.299],[146.966,-43.199],[147.018,-43.112],[147.092,-43.232],[147.258,-43.254],[147.258,-43.114],[147.36,-42.925],[147.299,-42.789],[147.422,-42.927],[147.436,-43.046],[147.559,-42.977],[147.504,-42.854],[147.586,-42.821],[147.689,-42.895],[147.84,-42.902],[147.861,-43.046],[147.621,-43.023],[147.748,-43.106],[147.7,-43.163],[147.792,-43.244],[147.905,-43.18],[147.999,-43.23]]],[[[158.893,-54.511],[158.838,-54.75],[158.881,-54.746],[158.962,-54.469],[158.893,-54.511]]],[[[147.337,-43.34],[147.313,-43.268],[147.168,-43.368],[147.316,-43.501],[147.337,-43.34]]],[[[147.402,-43.131],[147.36,-43.075],[147.296,-43.166],[147.438,-43.239],[147.402,-43.131]]],[[[148.142,-42.604],[148.025,-42.613],[148.012,-42.731],[148.142,-42.604]]],[[[145.014,-40.668],[144.931,-40.615],[144.873,-40.716],[145.014,-40.668]]],[[[148.114,-40.524],[148.194,-40.596],[148.251,-40.489],[148.114,-40.524]]],[[[144.791,-40.421],[144.708,-40.489],[144.765,-40.585],[144.791,-40.421]]],[[[144.901,-40.469],[144.96,-40.398],[144.831,-40.428],[144.901,-40.469]]],[[[148.43,-40.373],[148.323,-40.304],[148.013,-40.378],[148.002,-40.427],[148.231,-40.462],[148.327,-40.436],[148.341,-40.504],[148.485,-40.428],[148.43,-40.373]]],[[[148.015,-40.151],[148.124,-40.271],[148.203,-40.209],[148.307,-40.238],[148.299,-39.962],[148.167,-39.936],[147.953,-39.712],[147.758,-39.879],[147.881,-39.895],[148.015,-40.151]]],[[[144.105,-39.893],[144.126,-39.808],[144.084,-39.626],[143.986,-39.571],[143.862,-39.701],[143.838,-39.935],[143.923,-40.127],[144.112,-40.031],[144.105,-39.893]]],[[[146.627,-38.756],[146.471,-38.747],[146.558,-38.797],[146.627,-38.756]]],[[[145.335,-38.509],[145.286,-38.451],[145.113,-38.531],[145.335,-38.509]]],[[[145.442,-38.317],[145.307,-38.295],[145.284,-38.403],[145.353,-38.428],[145.494,-38.365],[145.442,-38.317]]],[[[138.13,-35.816],[138.065,-35.761],[137.909,-35.729],[137.856,-35.803],[137.778,-35.74],[137.581,-35.727],[137.648,-35.659],[137.623,-35.582],[137.436,-35.611],[137.352,-35.586],[137.074,-35.672],[136.805,-35.708],[136.582,-35.768],[136.533,-35.912],[136.657,-35.974],[136.716,-36.063],[137.02,-36.022],[137.14,-36.042],[137.212,-35.98],[137.371,-36.011],[137.459,-36.083],[137.62,-36],[137.613,-35.924],[137.757,-35.872],[137.932,-35.875],[138.048,-35.919],[138.13,-35.816]]],[[[153.487,-27.415],[153.434,-27.393],[153.398,-27.493],[153.403,-27.726],[153.456,-27.721],[153.549,-27.415],[153.487,-27.415]]],[[[153.411,-27.34],[153.451,-27.017],[153.361,-27.066],[153.411,-27.34]]],[[[113.217,-26.068],[113.051,-25.717],[113.008,-25.496],[112.919,-25.524],[112.965,-25.794],[113.046,-25.94],[113.217,-26.068]]],[[[113.056,-25.263],[113.103,-25.14],[113.079,-25.062],[113.056,-25.263]]],[[[113.152,-24.927],[113.133,-24.802],[113.111,-24.961],[113.152,-24.927]]],[[[153.37,-24.989],[153.302,-24.929],[153.281,-24.694],[153.137,-24.817],[153.249,-24.955],[153.148,-25.114],[153.038,-25.184],[153.069,-25.329],[152.948,-25.552],[152.999,-25.729],[153.055,-25.797],[153.161,-25.463],[153.267,-25.256],[153.37,-24.989]]],[[[151.27,-23.666],[151.195,-23.534],[151.028,-23.445],[150.98,-23.487],[151.214,-23.778],[151.298,-23.748],[151.27,-23.666]]],[[[150.537,-22.275],[150.505,-22.217],[150.458,-22.31],[150.537,-22.275]]],[[[149.917,-22.042],[149.869,-22.142],[149.928,-22.16],[149.917,-22.042]]],[[[115.465,-20.73],[115.399,-20.694],[115.296,-20.857],[115.365,-20.877],[115.465,-20.73]]],[[[149.067,-20.315],[148.985,-20.151],[148.931,-20.292],[149.067,-20.315]]],[[[148.958,-20.144],[148.964,-20.042],[148.882,-20.138],[148.958,-20.144]]],[[[146.319,-18.383],[146.302,-18.237],[146.23,-18.198],[146.217,-18.278],[146.093,-18.266],[146.199,-18.375],[146.223,-18.466],[146.292,-18.493],[146.319,-18.383]]],[[[139.562,-17.039],[139.494,-16.985],[139.404,-17.101],[139.569,-17.1],[139.562,-17.039]]],[[[139.734,-16.443],[139.604,-16.398],[139.288,-16.471],[139.222,-16.526],[139.178,-16.662],[139.302,-16.725],[139.386,-16.651],[139.445,-16.665],[139.486,-16.528],[139.553,-16.483],[139.611,-16.553],[139.734,-16.505],[139.734,-16.443]]],[[[136.67,-15.663],[136.622,-15.693],[136.664,-15.779],[136.67,-15.663]]],[[[136.801,-15.642],[136.732,-15.649],[136.732,-15.744],[136.801,-15.642]]],[[[137.078,-15.751],[137.083,-15.652],[137.016,-15.593],[136.943,-15.668],[137.073,-15.847],[137.078,-15.751]]],[[[136.616,-15.539],[136.525,-15.534],[136.499,-15.628],[136.588,-15.635],[136.616,-15.539]]],[[[124.576,-15.333],[124.569,-15.244],[124.459,-15.361],[124.576,-15.333]]],[[[125.195,-14.47],[125.123,-14.481],[125.092,-14.619],[125.205,-14.593],[125.195,-14.47]]],[[[136.287,-13.706],[136.211,-13.661],[136.177,-13.764],[136.245,-13.84],[136.287,-13.706]]],[[[136.952,-14.182],[136.872,-14.208],[136.789,-14.15],[136.723,-14.185],[136.705,-14.073],[136.811,-14.029],[136.76,-13.977],[136.856,-13.915],[136.924,-13.805],[136.842,-13.75],[136.797,-13.853],[136.719,-13.829],[136.684,-13.72],[136.718,-13.648],[136.512,-13.834],[136.425,-13.81],[136.41,-13.997],[136.437,-14.12],[136.324,-14.23],[136.438,-14.198],[136.639,-14.28],[136.733,-14.256],[136.903,-14.299],[136.952,-14.182]]],[[[136.29,-11.976],[136.129,-12.058],[136.269,-12.039],[136.29,-11.976]]],[[[132.62,-11.647],[132.512,-11.671],[132.627,-11.709],[132.62,-11.647]]],[[[136.423,-11.51],[136.32,-11.603],[136.283,-11.565],[136.177,-11.688],[136.376,-11.592],[136.423,-11.51]]],[[[130.537,-11.705],[130.448,-11.701],[130.462,-11.592],[130.397,-11.535],[130.399,-11.433],[130.345,-11.317],[130.27,-11.338],[130.147,-11.489],[130.186,-11.486],[130.202,-11.653],[130.072,-11.671],[130.053,-11.823],[130.147,-11.825],[130.321,-11.77],[130.496,-11.839],[130.628,-11.805],[130.537,-11.705]]],[[[131.537,-11.413],[131.483,-11.389],[131.428,-11.25],[131.23,-11.208],[131.01,-11.355],[130.888,-11.313],[130.724,-11.385],[130.658,-11.331],[130.578,-11.397],[130.596,-11.302],[130.516,-11.297],[130.4,-11.153],[130.366,-11.232],[130.43,-11.484],[130.497,-11.65],[130.713,-11.799],[130.98,-11.926],[131.099,-11.828],[131.293,-11.724],[131.378,-11.584],[131.474,-11.6],[131.483,-11.475],[131.537,-11.413]]],[[[136.764,-11.04],[136.561,-11.355],[136.525,-11.447],[136.716,-11.206],[136.764,-11.04]]],[[[132.489,-11.16],[132.599,-11.345],[132.627,-11.246],[132.567,-10.982],[132.468,-11.03],[132.489,-11.16]]],[[[142.255,-10.667],[142.212,-10.598],[142.118,-10.653],[142.146,-10.749],[142.28,-10.719],[142.255,-10.667]]],[[[142.293,-10.139],[142.201,-10.22],[142.29,-10.26],[142.341,-10.191],[142.293,-10.139]]],[[[142.19,-10.081],[142.097,-10.119],[142.167,-10.182],[142.19,-10.081]]],[[[146.651,-18.746],[146.581,-18.682],[146.57,-18.761],[146.651,-18.746]]],[[[142.755,-9.37],[142.637,-9.374],[142.642,-9.428],[142.755,-9.37]]]]},"properties":{"NAME":"Australia","ADMIN":"Australia","ISO_A2":"AU","ISO_A3":"AUS","CONTINENT":"Oceania","SUBREGION":"Australia and New Zealand","POP_EST":25364307,"GDP_MD":1396567,"LABEL_X":134.04972,"LABEL_Y":-24.129522,"ID":"AUS"}},{"type":"Feature","geometry":{"type":"MultiPolygon","coordinates":[[[[-180,-16.964],[-179.872,-16.864],[-179.821,-16.78],[-179.916,-16.695],[-180,-16.787],[-180,-16.964]]],[[[180,-16.785],[179.895,-16.939],[179.917,-16.999],[180,-16.963],[180,-16.785]]],[[[180,-16.149],[179.856,-16.231],[179.764,-16.181],[179.554,-16.273],[179.471,-16.274],[179.376,-16.361],[179.404,-16.408],[179.24,-16.398],[178.965,-16.471],[178.704,-16.667],[178.572,-16.615],[178.512,-16.814],[178.602,-16.78],[178.705,-16.999],[178.801,-16.978],[178.884,-16.858],[179.027,-16.923],[179.065,-16.799],[179.266,-16.69],[179.351,-16.731],[179.297,-16.807],[179.565,-16.792],[179.726,-16.718],[179.942,-16.753],[179.849,-16.662],[179.953,-16.5],[179.939,-16.463],[179.723,-16.604],[179.548,-16.766],[179.489,-16.708],[179.598,-16.54],[179.738,-16.459],[179.851,-16.291],[180,-16.169],[180,-16.149]]],[[[-178.293,-17.883],[-178.352,-17.946],[-178.239,-17.934],[-178.293,-17.883]]],[[[-178.965,-17.177],[-178.981,-17.295],[-178.911,-17.215],[-178.965,-17.177]]],[[[178.43,-18.955],[178.345,-18.925],[178.191,-18.977],[178.119,-19.07],[178.041,-19.061],[177.951,-19.13],[178.107,-19.155],[178.195,-19.047],[178.307,-18.997],[178.341,-19.048],[178.497,-19.013],[178.43,-18.955]]],[[[179.943,-18.556],[179.831,-18.589],[179.901,-18.659],[179.943,-18.556]]],[[[179.345,-17.999],[179.233,-17.945],[179.35,-18.119],[179.345,-17.999]]],[[[178.776,-17.629],[178.768,-17.747],[178.823,-17.729],[178.776,-17.629]]],[[[178.711,-17.992],[178.677,-18.011],[178.591,-17.898],[178.635,-17.853],[178.568,-17.755],[178.573,-17.618],[178.376,-17.498],[178.348,-17.44],[178.245,-17.444],[178.286,-17.384],[178.19,-17.301],[178.151,-17.347],[177.978,-17.397],[177.833,-17.366],[177.515,-17.505],[177.389,-17.641],[177.435,-17.743],[177.371,-17.823],[177.282,-17.852],[177.252,-17.952],[177.336,-18.106],[177.827,-18.234],[177.859,-18.266],[178.168,-18.248],[178.277,-18.146],[178.403,-18.101],[178.438,-18.147],[178.664,-18.088],[178.711,-17.992]]],[[[179.452,-17.29],[179.379,-17.249],[179.383,-17.391],[179.452,-17.29]]]]},"properties":{"NAME":"Fiji","ADMIN":"Fiji","ISO_A2":"FJ","ISO_A3":"FJI","CONTINENT":"Oceania","SUBREGION":"Melanesia","POP_EST":889953,"GDP_MD":5496,"LABEL_X":177.975427,"LABEL_Y":-17.826099,"ID":"FJI"}},{"type":"Feature","geometry":{"type":"MultiPolygon","coordinates":[[[[169.25,-52.52],[169.114,-52.546],[169.195,-52.6],[169.25,-52.52]]],[[[166.243,-50.601],[166.233,-50.522],[166.118,-50.552],[166.059,-50.694],[165.886,-50.795],[166.021,-50.836],[166.084,-50.787],[166.224,-50.86],[166.179,-50.683],[166.243,-50.601]]],[[[178.839,-49.629],[178.718,-49.673],[178.822,-49.72],[178.839,-49.629]]],[[[-176.382,-43.899],[-176.285,-43.77],[-176.602,-43.708],[-176.645,-43.764],[-176.855,-43.82],[-176.638,-43.8],[-176.516,-43.922],[-176.664,-44.019],[-176.608,-44.112],[-176.512,-44.122],[-176.3,-44.043],[-176.433,-43.963],[-176.502,-43.864],[-176.372,-43.766],[-176.382,-43.899]]],[[[168.199,-47.048],[168.23,-46.972],[168.008,-46.895],[168.191,-46.877],[167.921,-46.683],[167.787,-46.697],[167.758,-46.807],[167.817,-46.897],[167.744,-47.027],[167.648,-47.048],[167.521,-47.273],[167.672,-47.261],[167.617,-47.212],[167.765,-47.137],[167.902,-47.188],[167.996,-47.124],[168.258,-47.078],[168.199,-47.048]]],[[[166.711,-45.616],[166.567,-45.637],[166.65,-45.739],[166.739,-45.728],[166.711,-45.616]]],[[[166.974,-45.163],[166.891,-45.236],[167.034,-45.3],[166.974,-45.163]]],[[[173.784,-40.907],[173.922,-40.867],[173.969,-40.723],[173.895,-40.796],[173.827,-40.766],[173.784,-40.907]]],[[[172.749,-43.28],[172.811,-43.169],[172.948,-43.091],[173.083,-43.067],[173.287,-42.954],[173.559,-42.491],[173.891,-42.241],[174.004,-42.031],[174.198,-41.876],[174.292,-41.73],[174.226,-41.723],[174.172,-41.578],[174.058,-41.517],[174.056,-41.425],[174.133,-41.32],[174.245,-41.322],[174.326,-41.216],[174.187,-41.262],[174.155,-41.221],[174.326,-41.009],[174.227,-41.065],[174.183,-40.973],[174.041,-41.043],[173.896,-41.192],[174.134,-41.175],[173.791,-41.291],[173.86,-41.23],[173.819,-41.155],[173.93,-41.048],[173.77,-41.1],[173.781,-41.011],[173.918,-41.002],[173.854,-40.926],[173.449,-41.134],[173.213,-41.302],[173.126,-41.312],[173.031,-41.017],[173.065,-40.887],[173.017,-40.797],[172.869,-40.847],[172.695,-40.75],[172.691,-40.648],[172.758,-40.518],[172.641,-40.51],[172.364,-40.716],[172.188,-40.805],[172.107,-40.887],[172.114,-41.251],[172.071,-41.414],[171.983,-41.466],[171.855,-41.665],[171.639,-41.758],[171.468,-41.766],[171.489,-41.83],[171.332,-42.147],[171.305,-42.295],[171.123,-42.592],[170.944,-42.734],[170.858,-42.843],[170.701,-42.955],[170.514,-43.007],[170.289,-43.107],[170.201,-43.217],[170.03,-43.346],[169.897,-43.394],[169.734,-43.566],[169.583,-43.603],[169.192,-43.759],[169.081,-43.847],[168.747,-44.01],[168.646,-43.965],[168.371,-44.039],[168.34,-44.118],[167.836,-44.505],[167.862,-44.602],[167.752,-44.603],[167.445,-44.824],[167.514,-44.993],[167.46,-44.992],[167.419,-44.841],[167.309,-44.875],[167.005,-45.15],[167.048,-45.27],[167.247,-45.253],[167.048,-45.327],[166.881,-45.28],[166.806,-45.346],[166.952,-45.437],[166.768,-45.41],[166.715,-45.576],[167.046,-45.517],[166.782,-45.594],[166.774,-45.719],[167.008,-45.719],[166.89,-45.776],[166.49,-45.808],[166.49,-46.013],[166.688,-45.934],[166.792,-45.953],[166.659,-46],[166.616,-46.088],[166.784,-46.042],[166.677,-46.147],[166.762,-46.22],[167.086,-46.237],[167.175,-46.273],[167.406,-46.251],[167.461,-46.148],[167.698,-46.189],[167.85,-46.397],[168.216,-46.354],[168.302,-46.478],[168.268,-46.526],[168.406,-46.623],[168.366,-46.54],[168.513,-46.56],[168.419,-46.602],[168.645,-46.602],[168.845,-46.56],[168.877,-46.644],[169.036,-46.682],[169.635,-46.578],[169.849,-46.468],[169.865,-46.378],[170.235,-46.154],[170.334,-45.982],[170.493,-45.923],[170.7,-45.908],[170.787,-45.863],[170.777,-45.78],[170.627,-45.706],[170.77,-45.601],[170.906,-45.403],[170.877,-45.356],[170.98,-45.155],[171.091,-45.074],[171.203,-44.906],[171.196,-44.567],[171.346,-44.279],[171.551,-44.167],[171.868,-44.059],[172.25,-43.881],[172.366,-43.868],[172.417,-43.737],[172.497,-43.722],[172.648,-43.783],[172.423,-43.855],[172.763,-43.793],[172.817,-43.881],[172.969,-43.903],[173.093,-43.854],[173.116,-43.772],[173.065,-43.648],[172.925,-43.68],[172.779,-43.558],[172.73,-43.415],[172.749,-43.28]]],[[[175.169,-36.741],[175.059,-36.817],[175.183,-36.825],[175.169,-36.741]]],[[[175.538,-36.282],[175.531,-36.176],[175.42,-36.072],[175.334,-36.132],[175.334,-36.224],[175.523,-36.352],[175.538,-36.282]]],[[[176.954,-39.608],[176.906,-39.448],[176.938,-39.349],[177.065,-39.199],[177.387,-39.077],[177.866,-39.097],[177.869,-39.29],[177.999,-39.13],[177.883,-39.086],[177.964,-38.761],[177.932,-38.702],[178.062,-38.716],[178.295,-38.54],[178.362,-38.317],[178.319,-38.266],[178.381,-38.079],[178.352,-38.002],[178.564,-37.718],[178.513,-37.652],[178.341,-37.618],[178.278,-37.559],[177.992,-37.543],[177.992,-37.591],[177.739,-37.676],[177.557,-37.914],[177.438,-37.977],[177.136,-37.982],[176.718,-37.878],[176.519,-37.762],[176.272,-37.683],[175.997,-37.632],[175.943,-37.522],[176.016,-37.516],[176.169,-37.625],[176.004,-37.461],[175.884,-37.137],[175.916,-37.08],[175.828,-36.826],[175.704,-36.845],[175.852,-36.718],[175.642,-36.767],[175.562,-36.552],[175.44,-36.475],[175.357,-36.53],[175.502,-36.654],[175.511,-36.775],[175.436,-36.865],[175.528,-36.962],[175.61,-37.252],[175.563,-37.18],[175.448,-37.225],[175.32,-37.129],[175.331,-37.021],[175.241,-36.942],[175.109,-36.974],[175.08,-36.885],[174.963,-36.934],[174.897,-36.862],[174.766,-36.843],[174.68,-36.907],[174.704,-36.758],[174.819,-36.824],[174.759,-36.673],[174.857,-36.611],[174.75,-36.613],[174.71,-36.542],[174.751,-36.354],[174.824,-36.277],[174.626,-36.107],[174.631,-36.055],[174.497,-35.988],[174.504,-35.83],[174.353,-35.842],[174.497,-35.768],[174.607,-35.844],[174.517,-35.721],[174.57,-35.594],[174.386,-35.419],[174.401,-35.323],[174.333,-35.288],[174.353,-35.199],[174.21,-35.343],[174.031,-35.227],[174.079,-35.117],[173.99,-35.119],[173.891,-35.001],[173.575,-34.928],[173.6,-34.994],[173.478,-34.99],[173.404,-34.903],[173.503,-34.87],[173.455,-34.816],[173.358,-34.869],[173.369,-34.967],[173.264,-35.002],[173.298,-34.909],[173.165,-34.845],[173.179,-34.794],[173.072,-34.699],[173.036,-34.552],[172.907,-34.541],[172.99,-34.472],[173.038,-34.522],[173.064,-34.398],[172.825,-34.446],[172.703,-34.412],[172.674,-34.48],[172.799,-34.551],[173.144,-34.928],[173.202,-35.058],[173.179,-35.156],[173.1,-35.22],[173.391,-35.513],[173.407,-35.391],[173.661,-35.313],[173.542,-35.453],[173.458,-35.438],[173.407,-35.571],[173.858,-36.066],[174.024,-36.268],[174.08,-36.4],[174.203,-36.348],[173.98,-36.107],[174.141,-36.173],[174.251,-36.268],[174.182,-36.145],[174.361,-36.216],[174.364,-36.282],[174.511,-36.228],[174.278,-36.37],[174.435,-36.357],[174.47,-36.583],[174.431,-36.666],[174.36,-36.631],[174.257,-36.447],[174.218,-36.545],[174.408,-36.761],[174.489,-37.015],[174.621,-37.008],[174.701,-36.936],[174.881,-37.076],[174.717,-37.153],[174.643,-37.057],[174.558,-37.063],[174.692,-37.329],[174.85,-37.765],[174.97,-37.735],[174.977,-37.804],[174.819,-37.825],[174.784,-37.967],[174.887,-37.986],[174.71,-38.105],[174.707,-38.289],[174.644,-38.463],[174.641,-38.635],[174.579,-38.839],[174.367,-38.976],[174.212,-38.973],[173.853,-39.134],[173.778,-39.208],[173.784,-39.393],[173.987,-39.542],[174.319,-39.614],[174.568,-39.827],[174.842,-39.862],[174.967,-39.916],[175.155,-40.085],[175.237,-40.286],[175.188,-40.569],[174.943,-40.971],[174.842,-41.044],[174.609,-41.292],[174.741,-41.347],[174.89,-41.225],[174.866,-41.42],[175.01,-41.386],[175.182,-41.418],[175.222,-41.614],[175.33,-41.61],[175.777,-41.372],[175.967,-41.247],[176.068,-41.14],[176.121,-41.011],[176.22,-40.933],[176.348,-40.697],[176.542,-40.486],[176.611,-40.485],[176.704,-40.29],[176.837,-40.178],[177.036,-39.754],[177.119,-39.667],[176.954,-39.608]]]]},"properties":{"NAME":"New Zealand","ADMIN":"New Zealand","ISO_A2":"NZ","ISO_A3":"NZL","CONTINENT":"Oceania","SUBREGION":"Australia and New Zealand","POP_EST":4917000,"GDP_MD":206928,"LABEL_X":172.787,"LABEL_Y":-39.759,"ID":"NZL"}},{"type":"Feature","geometry":{"type":"MultiPolygon","coordinates":[[[[44.255,-20.376],[44.126,-20.498],[44.036,-20.726],[43.965,-20.767],[43.902,-20.883],[43.813,-21.224],[43.735,-21.282],[43.587,-21.275],[43.507,-21.31],[43.473,-21.405],[43.473,-21.672],[43.347,-21.75],[43.247,-22.035],[43.295,-22.234],[43.225,-22.234],[43.278,-22.426],[43.285,-22.587],[43.357,-22.83],[43.488,-23.002],[43.583,-23.076],[43.629,-23.339],[43.758,-23.454],[43.748,-23.57],[43.642,-23.639],[43.664,-23.867],[43.656,-24.185],[43.707,-24.406],[43.84,-24.506],[43.928,-24.652],[43.928,-24.775],[44.001,-24.865],[44.029,-24.999],[44.187,-25.067],[44.369,-25.257],[44.728,-25.304],[44.835,-25.344],[44.981,-25.472],[45.118,-25.53],[45.136,-25.584],[45.492,-25.574],[45.674,-25.494],[45.774,-25.408],[46.238,-25.198],[46.387,-25.165],[46.654,-25.184],[46.77,-25.153],[46.926,-25.047],[46.955,-25.071],[47.126,-24.934],[47.129,-24.845],[47.194,-24.778],[47.312,-24.486],[47.338,-24.324],[47.455,-24.059],[47.569,-23.853],[47.619,-23.591],[47.738,-23.255],[47.834,-22.901],[47.901,-22.481],[47.947,-22.348],[48.202,-21.796],[48.456,-21.014],[48.462,-20.932],[48.562,-20.577],[48.699,-20.2],[48.824,-19.903],[48.86,-19.685],[48.986,-19.379],[49.077,-19.066],[49.191,-18.843],[49.243,-18.657],[49.359,-18.424],[49.384,-18.226],[49.441,-18.154],[49.414,-18.067],[49.498,-17.797],[49.504,-17.663],[49.431,-17.284],[49.529,-17.042],[49.625,-16.886],[49.84,-16.828],[49.747,-16.797],[49.723,-16.708],[49.849,-16.552],[49.832,-16.408],[49.85,-16.241],[49.729,-16.139],[49.684,-16.02],[49.734,-15.906],[49.638,-15.545],[49.75,-15.436],[49.901,-15.422],[49.906,-15.562],[49.976,-15.627],[49.977,-15.731],[50.039,-15.859],[50.23,-15.971],[50.337,-15.811],[50.483,-15.443],[50.504,-15.316],[50.477,-15.195],[50.355,-15.033],[50.232,-14.738],[50.191,-14.457],[50.213,-14.287],[50.162,-14.202],[50.174,-14.057],[50.143,-13.783],[50.041,-13.497],[50.033,-13.361],[49.973,-13.331],[49.935,-13.168],[49.942,-13.034],[49.805,-12.805],[49.712,-12.749],[49.655,-12.805],[49.653,-12.695],[49.563,-12.617],[49.593,-12.503],[49.512,-12.349],[49.455,-12.351],[49.381,-12.223],[49.32,-12.295],[49.23,-12.222],[49.264,-12.14],[49.367,-12.199],[49.323,-12],[49.26,-11.944],[49.13,-12.097],[49.202,-12.147],[49.12,-12.243],[48.985,-12.333],[48.955,-12.469],[48.853,-12.414],[48.73,-12.435],[48.887,-12.565],[48.866,-12.637],[48.955,-12.812],[48.942,-12.928],[48.844,-13.081],[48.839,-13.26],[48.747,-13.412],[48.596,-13.443],[48.482,-13.36],[48.534,-13.521],[48.428,-13.524],[48.332,-13.661],[48.327,-13.78],[48.27,-13.805],[48.181,-13.747],[48.142,-13.595],[48.084,-13.529],[48.015,-13.58],[47.966,-13.521],[47.904,-13.603],[47.876,-13.784],[47.917,-13.898],[48.017,-13.953],[47.941,-14.004],[48.048,-14.084],[47.977,-14.313],[48.007,-14.133],[47.907,-14.1],[47.955,-14.185],[47.927,-14.246],[47.814,-14.216],[47.709,-14.37],[47.753,-14.601],[47.804,-14.546],[48.013,-14.63],[47.859,-14.641],[47.797,-14.566],[47.687,-14.7],[47.482,-15.08],[47.41,-15.088],[47.421,-14.966],[47.517,-14.82],[47.459,-14.662],[47.32,-14.8],[47.292,-14.923],[47.206,-15.047],[47.092,-15.135],[47.058,-15.216],[47.162,-15.293],[47.232,-15.433],[46.955,-15.526],[47.075,-15.324],[46.997,-15.282],[46.971,-15.198],[46.879,-15.225],[46.701,-15.364],[46.482,-15.491],[46.333,-15.63],[46.299,-15.816],[46.444,-15.881],[46.331,-15.977],[46.207,-15.82],[46.219,-15.707],[46.051,-15.749],[46.066,-15.862],[45.959,-15.84],[45.956,-15.783],[45.802,-15.817],[45.694,-15.783],[45.621,-15.851],[45.612,-15.981],[45.379,-15.974],[45.406,-16.055],[45.29,-16.103],[45.266,-15.924],[45.139,-15.991],[45.04,-16.118],[44.854,-16.225],[44.755,-16.197],[44.453,-16.187],[44.401,-16.373],[44.463,-16.485],[44.417,-16.549],[44.431,-16.7],[44.238,-16.971],[44.18,-17.095],[43.943,-17.456],[43.929,-17.602],[44.036,-17.769],[44.001,-17.938],[44.042,-18.198],[44.05,-18.427],[44.186,-18.611],[44.257,-18.804],[44.228,-19.055],[44.46,-19.418],[44.484,-19.523],[44.405,-19.61],[44.371,-19.774],[44.479,-19.913],[44.439,-20.055],[44.356,-20.138],[44.255,-20.376]]],[[[49.956,-16.78],[49.857,-16.92],[49.826,-17.094],[49.908,-16.967],[50.024,-16.69],[49.956,-16.78]]],[[[48.332,-13.36],[48.318,-13.2],[48.199,-13.251],[48.206,-13.383],[48.328,-13.415],[48.332,-13.36]]]]},"properties":{"NAME":"Madagascar","ADMIN":"Madagascar","ISO_A2":"MG","ISO_A3":"MDG","CONTINENT":"Africa","SUBREGION":"Eastern Africa","POP_EST":26969307,"GDP_MD":14114,"LABEL_X":46.704241,"LABEL_Y":-18.628288,"ID":"MDG"}},{"type":"Feature","geometry":{"type":"MultiPolygon","coordinates":[[[[121.902,6.034],[121.777,6.077],[121.868,6],[121.902,6.034]]],[[[125.791,6.948],[125.782,7.135],[125.707,7.192],[125.674,7.07],[125.718,7.052],[125.754,6.917],[125.791,6.948]]],[[[122.972,7.384],[122.905,7.438],[122.794,7.384],[122.817,7.295],[122.972,7.384]]],[[[125.99,9.686],[125.927,9.739],[125.925,9.59],[125.979,9.575],[125.99,9.686]]],[[[126.569,7.301],[126.609,7.465],[126.569,7.626],[126.583,7.719],[126.487,7.747],[126.406,7.833],[126.463,8.23],[126.362,8.187],[126.388,8.293],[126.333,8.347],[126.412,8.466],[126.37,8.542],[126.158,8.528],[126.111,8.607],[126.3,8.768],[126.345,8.853],[126.313,8.956],[126.179,9.093],[126.22,9.306],[126.076,9.239],[126.012,9.294],[125.934,9.492],[125.62,9.63],[125.589,9.755],[125.459,9.823],[125.399,9.681],[125.466,9.408],[125.542,9.189],[125.527,9.026],[125.462,8.985],[125.312,8.994],[125.219,9.088],[125.179,8.998],[125.187,8.876],[125.116,8.831],[124.915,8.994],[124.821,9.015],[124.781,8.949],[124.788,8.734],[124.751,8.693],[124.753,8.5],[124.663,8.476],[124.406,8.608],[124.322,8.515],[124.232,8.213],[123.969,8.168],[123.676,7.963],[123.685,8.037],[123.768,8.059],[123.873,8.153],[123.845,8.452],[123.759,8.607],[123.629,8.651],[123.522,8.623],[123.513,8.699],[123.39,8.719],[123.436,8.649],[123.331,8.547],[123.082,8.519],[122.958,8.308],[123.014,8.232],[122.925,8.15],[122.759,8.116],[122.679,8.164],[122.6,8.093],[122.438,8.067],[122.292,8.01],[122.129,7.815],[122.114,7.603],[122.046,7.443],[122.047,7.301],[121.933,7.218],[121.899,7.057],[121.937,6.979],[122.119,6.896],[122.244,7.099],[122.266,7.249],[122.379,7.392],[122.348,7.453],[122.486,7.579],[122.434,7.579],[122.511,7.696],[122.704,7.788],[122.815,7.743],[122.794,7.671],[122.837,7.458],[122.917,7.548],[122.996,7.467],[123.05,7.655],[123.118,7.741],[123.177,7.589],[123.122,7.551],[123.17,7.486],[123.28,7.52],[123.419,7.372],[123.452,7.453],[123.354,7.572],[123.486,7.664],[123.445,7.801],[123.587,7.839],[123.704,7.809],[123.794,7.711],[123.911,7.699],[124.065,7.603],[124.188,7.41],[124.247,7.404],[124.184,7.226],[124.029,7.115],[123.975,6.965],[123.966,6.821],[124.037,6.8],[124.055,6.438],[124.246,6.187],[124.422,6.11],[124.596,5.999],[124.939,5.864],[125.069,5.862],[125.155,6.1],[125.251,6.093],[125.278,5.979],[125.181,5.798],[125.279,5.716],[125.302,5.592],[125.388,5.574],[125.667,5.95],[125.707,6.15],[125.574,6.517],[125.397,6.598],[125.389,6.768],[125.481,6.913],[125.51,7.016],[125.658,7.129],[125.657,7.237],[125.807,7.351],[125.903,7.101],[125.987,7.006],[125.977,6.94],[126.079,6.843],[126.095,6.514],[126.206,6.299],[126.255,6.767],[126.168,6.883],[126.213,6.934],[126.309,6.798],[126.302,6.893],[126.349,7],[126.466,7.003],[126.476,7.066],[126.61,7.277],[126.569,7.301]]],[[[125.295,9.971],[125.239,10.104],[125.149,10.166],[125.146,10.071],[125.267,9.925],[125.295,9.971]]],[[[124.38,10.691],[124.341,10.712],[124.284,10.604],[124.39,10.641],[124.38,10.691]]],[[[125.822,10.735],[125.731,10.808],[125.684,10.753],[125.769,10.7],[125.822,10.735]]],[[[124.6,11.563],[124.496,11.695],[124.349,11.68],[124.413,11.546],[124.486,11.488],[124.609,11.487],[124.6,11.563]]],[[[124.815,11.632],[124.741,11.651],[124.832,11.536],[124.815,11.632]]],[[[122.297,18.404],[122.22,18.522],[122.153,18.519],[122.112,18.393],[121.975,18.286],[121.853,18.288],[121.592,18.385],[121.107,18.643],[120.927,18.566],[120.851,18.639],[120.771,18.561],[120.611,18.539],[120.562,18.47],[120.586,18.364],[120.47,18.091],[120.477,18.005],[120.353,17.678],[120.334,17.556],[120.402,17.519],[120.442,17.368],[120.403,17.222],[120.427,16.962],[120.312,16.778],[120.307,16.545],[120.336,16.292],[120.402,16.165],[120.299,16.017],[120.106,16.07],[120.091,16.153],[119.902,16.251],[119.926,16.345],[119.813,16.367],[119.756,16.203],[119.771,15.915],[119.828,15.956],[119.899,15.853],[119.904,15.597],[119.964,15.514],[119.888,15.429],[120.005,15.269],[120.053,15.062],[120.08,14.804],[120.176,14.757],[120.209,14.88],[120.292,14.826],[120.242,14.73],[120.367,14.621],[120.402,14.456],[120.565,14.441],[120.598,14.506],[120.539,14.703],[120.545,14.837],[120.642,14.787],[120.83,14.764],[120.937,14.667],[120.97,14.502],[120.878,14.459],[120.713,14.299],[120.627,14.27],[120.573,14.175],[120.619,14.104],[120.601,13.969],[120.628,13.811],[120.723,13.855],[120.705,13.927],[120.895,13.906],[120.929,13.784],[121.04,13.759],[121.034,13.642],[121.159,13.639],[121.279,13.595],[121.43,13.657],[121.433,13.796],[121.485,13.852],[121.69,13.926],[121.725,13.969],[122.118,13.752],[122.208,13.614],[122.319,13.592],[122.501,13.368],[122.505,13.239],[122.588,13.174],[122.691,13.229],[122.643,13.458],[122.498,13.652],[122.51,13.82],[122.416,13.962],[122.537,13.961],[122.666,13.819],[122.767,13.8],[122.863,13.695],[122.815,13.654],[122.972,13.528],[123.169,13.449],[123.191,13.359],[123.301,13.236],[123.279,13.12],[123.31,13.012],[123.441,13.037],[123.598,12.897],[123.823,12.877],[123.893,12.975],[124.025,12.955],[124.002,12.88],[123.794,12.831],[123.842,12.801],[123.879,12.645],[123.983,12.547],[124.095,12.557],[124.143,12.797],[124.116,12.916],[124.185,13.057],[124.082,13.01],[123.871,13.143],[123.746,13.064],[123.768,13.224],[123.822,13.243],[123.667,13.486],[123.528,13.627],[123.588,13.729],[123.797,13.688],[123.859,13.743],[123.973,13.729],[123.938,13.784],[123.804,13.838],[123.712,13.934],[123.681,13.885],[123.445,13.962],[123.424,13.906],[123.345,14.094],[123.252,14.068],[123.218,13.993],[123.281,13.936],[123.315,13.821],[123.267,13.749],[123.108,13.722],[123.05,13.776],[123.084,13.974],[123.012,14.106],[122.853,14.279],[122.68,14.351],[122.691,14.291],[122.471,14.346],[122.366,14.261],[122.3,14.092],[122.244,14.196],[122.186,14.111],[122.291,14.023],[122.202,13.995],[122.232,13.906],[121.936,13.995],[121.732,14.195],[121.735,14.329],[121.662,14.417],[121.611,14.613],[121.629,14.703],[121.726,14.72],[121.508,15.063],[121.488,15.163],[121.379,15.308],[121.488,15.52],[121.629,15.661],[121.632,15.757],[121.555,15.829],[121.578,15.932],[121.752,16.077],[122.067,16.19],[122.081,16.148],[122.232,16.319],[122.205,16.424],[122.345,16.643],[122.465,16.895],[122.529,17.091],[122.417,17.146],[122.382,17.347],[122.251,17.36],[122.157,17.619],[122.14,17.798],[122.183,17.984],[122.18,18.121],[122.307,18.251],[122.297,18.404]]],[[[120.252,5.267],[120.199,5.35],[120.087,5.259],[119.965,5.223],[119.813,5.123],[119.83,5.049],[119.954,5.076],[120.121,5.218],[120.227,5.129],[120.252,5.267]]],[[[120.588,6.381],[120.495,6.249],[120.583,6.261],[120.588,6.381]]],[[[122.297,6.633],[122.067,6.741],[121.94,6.677],[121.839,6.669],[121.814,6.593],[121.962,6.405],[122.189,6.451],[122.297,6.633]]],[[[117.085,8.058],[116.962,8.062],[116.955,7.926],[117.002,7.824],[117.087,7.872],[117.085,8.058]]],[[[117.325,8.323],[117.27,8.268],[117.343,8.197],[117.325,8.323]]],[[[124.784,9.2],[124.709,9.25],[124.647,9.219],[124.672,9.125],[124.801,9.096],[124.784,9.2]]],[[[123.698,9.165],[123.704,9.233],[123.614,9.289],[123.475,9.197],[123.561,9.114],[123.64,9.099],[123.698,9.165]]],[[[126.166,9.829],[126.081,10.056],[125.966,9.85],[126.12,9.759],[126.166,9.829]]],[[[124.565,9.871],[124.589,10.024],[124.331,10.162],[124.185,10.144],[124.075,10.048],[124.051,9.979],[123.886,9.915],[123.809,9.803],[123.892,9.632],[124.065,9.595],[124.294,9.607],[124.41,9.658],[124.5,9.768],[124.585,9.732],[124.624,9.802],[124.565,9.871]]],[[[125.72,9.912],[125.681,9.958],[125.707,10.069],[125.658,10.262],[125.685,10.4],[125.657,10.456],[125.522,10.317],[125.542,10.2],[125.497,10.103],[125.597,10.09],[125.583,10.01],[125.72,9.912]]],[[[119.95,10.604],[119.85,10.645],[119.778,10.535],[119.806,10.446],[119.915,10.481],[120.011,10.565],[119.95,10.604]]],[[[122.711,10.735],[122.67,10.762],[122.482,10.503],[122.531,10.423],[122.634,10.444],[122.737,10.64],[122.711,10.735]]],[[[123.574,10.831],[123.522,10.92],[123.214,10.996],[123.003,10.913],[122.951,10.827],[122.972,10.721],[122.91,10.598],[122.824,10.533],[122.869,10.351],[122.879,10.118],[122.708,9.986],[122.475,9.974],[122.395,9.837],[122.497,9.562],[122.599,9.433],[122.869,9.323],[122.934,9.121],[123.033,9.035],[123.23,9.108],[123.299,9.215],[123.321,9.343],[123.135,9.618],[123.17,9.696],[123.157,9.868],[123.29,10.094],[123.39,10.437],[123.486,10.549],[123.574,10.831]]],[[[124.047,10.834],[124.041,11.13],[124.075,11.269],[123.952,11.157],[123.935,10.97],[123.849,10.753],[123.765,10.64],[123.707,10.462],[123.597,10.318],[123.508,10.122],[123.423,10.038],[123.314,9.508],[123.37,9.426],[123.488,9.566],[123.602,9.868],[123.643,10.039],[123.808,10.237],[123.973,10.327],[124.04,10.484],[124.051,10.627],[124.021,10.748],[124.047,10.834]]],[[[123.801,11.179],[123.746,11.292],[123.734,11.154],[123.801,11.179]]],[[[119.672,10.553],[119.591,10.672],[119.593,10.837],[119.519,10.838],[119.505,10.971],[119.572,11.015],[119.516,11.117],[119.569,11.262],[119.502,11.423],[119.388,11.187],[119.406,11.05],[119.335,11.103],[119.319,10.943],[119.457,10.831],[119.469,10.741],[119.223,10.942],[119.223,10.851],[119.345,10.724],[119.278,10.508],[119.127,10.395],[119.012,10.405],[119.025,10.31],[118.934,10.21],[118.822,10.195],[118.801,10.049],[118.772,10.131],[118.531,9.774],[118.36,9.658],[118.344,9.603],[118.003,9.233],[117.904,9.261],[117.797,9.163],[117.768,9.086],[117.656,9.058],[117.45,8.791],[117.292,8.641],[117.222,8.5],[117.198,8.335],[117.319,8.452],[117.513,8.507],[117.566,8.661],[117.774,8.703],[117.91,8.83],[118.014,8.888],[118.132,9.127],[118.365,9.193],[118.498,9.314],[118.778,9.734],[118.75,9.888],[118.875,9.972],[119.196,10.056],[119.237,10.179],[119.356,10.329],[119.563,10.373],[119.725,10.519],[119.672,10.553]]],[[[119.867,11.516],[119.771,11.406],[119.87,11.441],[119.867,11.516]]],[[[125.274,10.323],[125.199,10.433],[125.194,10.603],[125.006,10.797],[125.053,10.968],[125.042,11.248],[124.966,11.294],[124.984,11.381],[124.846,11.433],[124.744,11.329],[124.63,11.304],[124.49,11.447],[124.329,11.557],[124.311,11.467],[124.404,11.303],[124.418,11.129],[124.402,10.93],[124.528,10.878],[124.55,10.983],[124.622,11.002],[124.779,10.821],[124.798,10.659],[124.739,10.395],[124.794,10.303],[124.78,10.152],[124.883,10.135],[125.032,10.02],[125,10.2],[125.01,10.383],[125.089,10.229],[125.151,10.185],[125.141,10.279],[125.229,10.254],[125.274,10.323]]],[[[123.17,11.481],[123.118,11.548],[122.901,11.438],[122.945,11.522],[122.855,11.591],[122.725,11.612],[122.604,11.517],[122.388,11.727],[122.118,11.824],[121.964,11.934],[121.897,11.894],[121.854,11.769],[122.084,11.725],[122.107,11.658],[122.053,11.234],[122.045,11.017],[121.937,10.776],[121.985,10.625],[121.932,10.509],[121.95,10.433],[122.04,10.467],[122.102,10.569],[122.227,10.642],[122.59,10.699],[122.631,10.774],[122.761,10.811],[122.78,10.957],[122.863,11.029],[123.015,11.092],[123.041,11.163],[123.131,11.183],[123.114,11.267],[123.17,11.481]]],[[[120.025,11.893],[119.92,11.982],[119.854,11.954],[119.922,11.838],[119.967,11.664],[120.08,11.789],[120.025,11.893]]],[[[120.348,12.029],[120.224,12.219],[120.196,12.112],[120.021,12.253],[119.885,12.323],[119.895,12.208],[119.984,12.026],[120.135,11.975],[120.142,12.029],[120.238,11.988],[120.348,12.029]]],[[[122.688,12.403],[122.649,12.473],[122.481,12.493],[122.432,12.41],[122.612,12.277],[122.688,12.403]]],[[[125.713,11.149],[125.566,11.268],[125.638,11.368],[125.521,11.46],[125.457,11.786],[125.452,11.964],[125.524,12.046],[125.457,12.107],[125.538,12.172],[125.5,12.249],[125.35,12.29],[125.35,12.399],[125.166,12.578],[125.062,12.53],[124.98,12.561],[124.679,12.516],[124.358,12.545],[124.276,12.533],[124.391,12.222],[124.493,12.098],[124.68,12.03],[124.74,11.926],[124.808,11.899],[124.892,11.761],[125.054,11.738],[124.949,11.57],[124.828,11.509],[124.911,11.502],[125.003,11.42],[125.001,11.29],[125.133,11.282],[125.199,11.228],[125.247,11.092],[125.317,11.15],[125.44,11.098],[125.652,11.149],[125.72,11.049],[125.78,11.052],[125.713,11.149]]],[[[124.055,11.8],[124.055,11.954],[123.882,12.213],[123.795,12.247],[123.794,12.187],[123.704,12.321],[123.547,12.461],[123.448,12.512],[123.356,12.496],[123.242,12.595],[123.273,12.424],[123.218,12.228],[123.294,12.236],[123.216,12.133],[123.181,11.931],[123.355,12.095],[123.424,12.201],[123.54,12.194],[123.615,12.079],[123.746,11.981],[123.764,11.916],[123.856,11.913],[124.021,11.783],[124.055,11.8]]],[[[122.115,12.666],[121.991,12.571],[121.993,12.442],[121.921,12.303],[122.002,12.244],[122.019,12.156],[122.081,12.315],[122.136,12.561],[122.115,12.666]]],[[[123.787,12.376],[123.705,12.625],[123.609,12.687],[123.583,12.624],[123.782,12.341],[123.787,12.376]]],[[[123.28,12.865],[123.16,12.938],[123.04,13.128],[122.945,13.111],[122.951,13.044],[123.035,13.004],[123.185,12.858],[123.28,12.865]]],[[[121.526,12.704],[121.486,12.768],[121.49,13.037],[121.549,13.091],[121.448,13.139],[121.431,13.224],[121.197,13.441],[121.122,13.372],[120.957,13.503],[120.737,13.468],[120.565,13.513],[120.357,13.518],[120.307,13.444],[120.34,13.386],[120.44,13.427],[120.48,13.302],[120.642,13.183],[120.758,13.002],[120.798,12.729],[120.912,12.635],[120.916,12.512],[121.087,12.324],[121.114,12.251],[121.245,12.214],[121.384,12.369],[121.438,12.522],[121.546,12.644],[121.526,12.704]]],[[[122.102,13.417],[122.115,13.465],[121.873,13.569],[121.814,13.451],[121.817,13.342],[121.993,13.202],[122.12,13.357],[122.102,13.417]]],[[[120.261,13.712],[120.238,13.805],[120.104,13.866],[120.092,13.795],[120.261,13.712]]],[[[124.418,13.873],[124.277,13.956],[124.201,14.092],[124.125,14.049],[124.122,13.78],[124.026,13.67],[124.047,13.606],[124.17,13.53],[124.293,13.604],[124.333,13.572],[124.39,13.712],[124.418,13.873]]],[[[122.105,14.103],[121.945,14.233],[121.965,14.143],[122.158,14.007],[122.105,14.103]]],[[[122.235,14.798],[122.105,14.838],[122.242,14.741],[122.235,14.798]]],[[[122.005,15.011],[121.844,15.045],[121.818,14.946],[121.882,14.884],[121.94,14.64],[122.026,14.736],[121.972,14.906],[122.005,15.011]]],[[[121.388,18.903],[121.319,18.843],[121.478,18.882],[121.388,18.903]]],[[[121.971,18.985],[121.902,19.005],[121.834,18.834],[121.866,18.822],[121.971,18.985]]],[[[121.211,19.177],[121.197,19.065],[121.259,19.046],[121.211,19.177]]],[[[121.526,19.321],[121.517,19.394],[121.35,19.37],[121.498,19.259],[121.526,19.321]]],[[[121.977,19.577],[121.897,19.557],[121.961,19.492],[121.977,19.577]]],[[[121.877,20.77],[121.838,20.82],[121.803,20.691],[121.877,20.77]]],[[[119.483,4.851],[119.435,4.903],[119.457,4.656],[119.497,4.734],[119.483,4.851]]],[[[121.382,6.006],[121.218,5.999],[121.179,6.064],[121.042,6.097],[120.872,5.961],[120.934,5.886],[121.008,5.924],[121.081,5.888],[121.228,5.942],[121.281,5.859],[121.419,5.948],[121.382,6.006]]],[[[120.285,11.93],[120.203,11.948],[120.268,11.816],[120.285,11.93]]],[[[123.841,9.642],[123.727,9.591],[123.805,9.56],[123.841,9.642]]],[[[124.086,13.26],[123.915,13.29],[124.025,13.222],[124.086,13.26]]],[[[120.005,16.269],[119.973,16.351],[119.922,16.304],[120.005,16.269]]]]},"properties":{"NAME":"Philippines","ADMIN":"Philippines","ISO_A2":"PH","ISO_A3":"PHL","CONTINENT":"Asia","SUBREGION":"South-Eastern Asia","POP_EST":108116615,"GDP_MD":376795,"LABEL_X":122.465,"LABEL_Y":11.198,"ID":"PHL"}},{"type":"Feature","geometry":{"type":"MultiPolygon","coordinates":[[[[81.876,7.092],[81.881,7.327],[81.826,7.474],[81.758,7.505],[81.755,7.615],[81.636,7.733],[81.697,7.753],[81.576,7.889],[81.448,8.128],[81.366,8.482],[81.213,8.472],[81.25,8.546],[81.232,8.651],[80.979,8.98],[80.931,8.932],[80.875,9.041],[80.958,9.018],[80.824,9.27],[80.744,9.36],[80.41,9.617],[80.227,9.83],[80.137,9.814],[80.248,9.755],[80.444,9.576],[80.339,9.629],[80.122,9.819],[79.988,9.823],[79.91,9.768],[79.947,9.693],[80.186,9.584],[80.174,9.649],[80.369,9.53],[80.465,9.529],[80.615,9.446],[80.427,9.5],[80.287,9.453],[80.272,9.504],[80.085,9.595],[80.197,9.473],[80.053,9.392],[80.116,9.234],[80.048,9.026],[79.916,8.939],[79.951,8.74],[79.917,8.576],[79.874,8.538],[79.793,8.073],[79.834,8.003],[79.732,8.013],[79.744,8.281],[79.697,8.219],[79.697,8.098],[79.802,7.659],[79.785,7.59],[79.834,7.233],[79.814,7.181],[79.862,7.012],[79.863,6.807],[79.97,6.535],[80.032,6.266],[80.104,6.127],[80.185,6.041],[80.379,5.965],[80.591,5.924],[80.714,5.958],[80.809,6.035],[81.113,6.12],[81.362,6.225],[81.681,6.462],[81.776,6.61],[81.832,6.765],[81.89,7.02],[81.876,7.092]]],[[[79.714,9.076],[79.886,8.976],[79.842,9.077],[79.714,9.076]]],[[[79.896,9.617],[79.973,9.634],[79.841,9.699],[79.896,9.617]]]]},"properties":{"NAME":"Sri Lanka","ADMIN":"Sri Lanka","ISO_A2":"LK","ISO_A3":"LKA","CONTINENT":"Asia","SUBREGION":"Southern Asia","POP_EST":21803000,"GDP_MD":84008,"LABEL_X":80.704823,"LABEL_Y":7.581097,"ID":"LKA"}},{"type":"Feature","geometry":{"type":"MultiPolygon","coordinates":[[[[-73,21.452],[-72.91,21.505],[-72.992,21.562],[-73.076,21.507],[-73,21.452]]],[[[-73.139,22.363],[-72.88,22.358],[-72.797,22.294],[-72.755,22.35],[-73.132,22.46],[-73.139,22.363]]],[[[-73.647,21.062],[-73.703,21.02],[-73.645,20.912],[-73.347,20.964],[-73.31,20.938],[-73.13,20.994],[-73.034,21.157],[-73.006,21.291],[-73.053,21.329],[-73.161,21.17],[-73.255,21.135],[-73.39,21.233],[-73.515,21.187],[-73.647,21.062]]],[[[-73.996,22.658],[-73.913,22.594],[-73.908,22.479],[-74.181,22.302],[-74.184,22.254],[-74.014,22.33],[-73.865,22.48],[-73.852,22.733],[-73.955,22.72],[-73.996,22.658]]],[[[-74.287,22.733],[-74.091,22.658],[-74.016,22.72],[-74.194,22.761],[-74.229,22.816],[-74.352,22.823],[-74.287,22.733]]],[[[-75.798,23.539],[-75.99,23.686],[-75.988,23.601],[-75.813,23.48],[-75.675,23.439],[-75.798,23.539]]],[[[-74.859,22.98],[-74.946,23.094],[-75.077,23.172],[-75.094,23.305],[-75.195,23.514],[-75.312,23.672],[-75.25,23.49],[-75.12,23.332],[-75.132,23.186],[-74.991,23.079],[-74.84,22.86],[-74.859,22.98]]],[[[-74.9,23.706],[-74.942,23.659],[-74.819,23.651],[-74.777,23.7],[-74.9,23.706]]],[[[-74.469,24.022],[-74.458,24.141],[-74.53,24.1],[-74.558,23.954],[-74.469,24.022]]],[[[-77.525,23.933],[-77.549,24.126],[-77.608,24.218],[-77.71,24.044],[-77.759,24.141],[-77.631,24.249],[-77.675,24.303],[-77.84,24.207],[-77.942,24.097],[-77.86,24.063],[-77.813,23.877],[-77.666,23.863],[-77.765,23.823],[-77.72,23.785],[-77.594,23.853],[-77.675,23.761],[-77.597,23.731],[-77.517,23.864],[-77.525,23.933]]],[[[-75.315,24.217],[-75.476,24.371],[-75.613,24.562],[-75.626,24.645],[-75.709,24.7],[-75.757,24.66],[-75.572,24.489],[-75.415,24.213],[-75.521,24.163],[-75.29,24.145],[-75.315,24.217]]],[[[-77.48,24.991],[-77.264,25.058],[-77.456,25.077],[-77.562,25.019],[-77.48,24.991]]],[[[-78.354,24.659],[-78.443,24.624],[-78.352,24.53],[-78.226,24.465],[-78.134,24.502],[-78.134,24.404],[-78.052,24.289],[-77.909,24.351],[-77.728,24.474],[-77.737,24.7],[-77.873,24.839],[-77.987,25.013],[-77.977,25.138],[-78.045,25.183],[-78.214,25.185],[-78.158,25],[-78.208,24.862],[-78.292,24.775],[-78.197,24.618],[-78.319,24.582],[-78.354,24.659]]],[[[-76.161,25.166],[-76.336,25.327],[-76.461,25.355],[-76.73,25.564],[-76.769,25.424],[-76.591,25.423],[-76.531,25.37],[-76.346,25.304],[-76.165,25.13],[-76.154,25.005],[-76.219,24.81],[-76.317,24.825],[-76.194,24.658],[-76.137,24.902],[-76.113,25.115],[-76.161,25.166]]],[[[-78.59,26.536],[-78.293,26.621],[-78.041,26.658],[-77.929,26.639],[-77.915,26.776],[-77.972,26.73],[-78.287,26.685],[-78.539,26.739],[-78.594,26.811],[-78.642,26.715],[-78.576,26.695],[-78.714,26.571],[-78.998,26.701],[-78.835,26.554],[-78.727,26.495],[-78.59,26.536]]],[[[-77.812,26.907],[-77.517,26.852],[-77.427,26.695],[-77.37,26.698],[-77.312,26.595],[-77.161,26.564],[-77.23,26.447],[-77.256,26.204],[-77.223,26.146],[-77.388,26.005],[-77.315,25.991],[-77.227,25.885],[-77.191,25.916],[-77.174,26.221],[-77.015,26.316],[-77.059,26.529],[-77.27,26.625],[-77.328,26.709],[-77.511,26.87],[-77.774,26.927],[-77.812,26.907]]]]},"properties":{"NAME":"Bahamas","ADMIN":"The Bahamas","ISO_A2":"BS","ISO_A3":"BHS","CONTINENT":"North America","SUBREGION":"Caribbean","POP_EST":389482,"GDP_MD":13578,"LABEL_X":-77.146688,"LABEL_Y":26.401789,"ID":"BHS"}},{"type":"Feature","geometry":{"type":"MultiPolygon","coordinates":[[[[121.906,24.95],[122.005,25.002],[121.909,25.036],[121.893,25.114],[121.719,25.152],[121.598,25.271],[121.436,25.241],[121.379,25.158],[121.059,25.05],[120.926,24.885],[120.827,24.666],[120.702,24.607],[120.571,24.405],[120.493,24.231],[120.34,24.022],[120.189,23.775],[120.125,23.49],[120.13,23.361],[120.059,23.151],[120.201,22.844],[120.24,22.659],[120.331,22.52],[120.512,22.425],[120.621,22.295],[120.697,22.113],[120.7,21.948],[120.84,21.905],[120.879,22.056],[120.875,22.289],[120.948,22.527],[121.021,22.648],[121.141,22.742],[121.3,22.959],[121.4,23.145],[121.462,23.343],[121.521,23.659],[121.663,24.193],[121.773,24.309],[121.78,24.433],[121.84,24.481],[121.809,24.805],[121.906,24.95]]],[[[118.394,24.523],[118.282,24.477],[118.284,24.401],[118.449,24.416],[118.394,24.523]]]]},"properties":{"NAME":"Taiwan","ADMIN":"Taiwan","ISO_A2":"CN-TW","ISO_A3":"TWN","CONTINENT":"Asia","SUBREGION":"Eastern Asia","POP_EST":23568378,"GDP_MD":1127000,"LABEL_X":120.868204,"LABEL_Y":23.652408,"ID":"TWN"}},{"type":"Feature","geometry":{"type":"MultiPolygon","coordinates":[[[[129.783,31.8],[129.659,31.642],[129.729,31.644],[129.783,31.8]]],[[[131.66,32.477],[131.682,32.535],[131.882,32.783],[132.025,32.924],[131.903,32.983],[131.93,33.047],[131.81,33.128],[131.903,33.266],[131.51,33.273],[131.498,33.341],[131.697,33.406],[131.73,33.58],[131.667,33.667],[131.521,33.676],[131.418,33.582],[131.284,33.582],[131.064,33.653],[131.01,33.746],[131.007,33.966],[130.914,33.891],[130.828,33.94],[130.684,33.934],[130.489,33.855],[130.391,33.605],[130.16,33.63],[130.092,33.566],[130.156,33.525],[130.017,33.446],[129.853,33.553],[129.787,33.455],[129.869,33.397],[129.852,33.28],[129.807,33.348],[129.592,33.381],[129.564,33.211],[129.646,33.197],[129.746,33.066],[129.881,33.063],[129.946,33.016],[129.931,32.929],[130.003,32.845],[129.794,32.875],[129.823,32.98],[129.682,33.094],[129.632,32.979],[129.733,32.806],[129.834,32.694],[129.786,32.583],[129.955,32.745],[130.178,32.793],[130.21,32.733],[130.128,32.684],[130.166,32.593],[130.361,32.688],[130.339,32.857],[130.105,32.876],[130.222,32.975],[130.132,33.102],[130.241,33.188],[130.422,33.083],[130.433,32.942],[130.593,32.816],[130.626,32.704],[130.448,32.621],[130.668,32.649],[130.57,32.555],[130.599,32.505],[130.431,32.257],[130.279,32.101],[130.18,32.093],[130.22,31.93],[130.171,31.79],[130.336,31.626],[130.293,31.445],[130.197,31.354],[130.222,31.246],[130.451,31.249],[130.522,31.169],[130.64,31.186],[130.66,31.271],[130.573,31.315],[130.529,31.513],[130.613,31.682],[130.686,31.726],[130.805,31.687],[130.759,31.564],[130.712,31.614],[130.591,31.586],[130.696,31.546],[130.703,31.459],[130.795,31.344],[130.743,31.121],[130.658,31.003],[130.924,31.113],[131.008,31.221],[131.132,31.28],[131.014,31.363],[131.072,31.45],[131.213,31.455],[131.338,31.373],[131.475,31.762],[131.447,31.877],[131.66,32.477]]],[[[134.69,33.828],[134.696,33.952],[134.595,34.046],[134.647,34.239],[134.44,34.208],[134.258,34.294],[134.153,34.386],[134.081,34.348],[133.947,34.376],[133.701,34.231],[133.558,34.259],[133.641,34.185],[133.621,34.046],[133.511,33.965],[133.323,33.991],[133.147,33.932],[133.087,33.949],[132.942,34.141],[132.919,34.068],[132.77,33.996],[132.712,33.905],[132.677,33.716],[132.501,33.625],[132.412,33.535],[132.155,33.437],[132.011,33.349],[132.308,33.464],[132.381,33.466],[132.42,33.304],[132.548,33.227],[132.424,33.199],[132.501,32.993],[132.472,32.934],[132.709,32.909],[132.623,32.799],[132.812,32.74],[132.915,32.778],[133.028,32.721],[132.955,32.815],[133.002,32.869],[133.018,33.024],[133.097,33.048],[133.253,33.219],[133.269,33.347],[133.455,33.415],[133.608,33.516],[133.739,33.538],[133.925,33.494],[134.19,33.248],[134.273,33.508],[134.376,33.636],[134.69,33.828]]],[[[133.422,34.445],[133.47,34.424],[133.7,34.526],[133.936,34.451],[133.983,34.529],[134.155,34.637],[134.381,34.74],[134.744,34.767],[134.96,34.644],[135.242,34.651],[135.341,34.709],[135.414,34.558],[135.32,34.429],[135.061,34.267],[135.187,34.136],[135.094,34.068],[135.163,34.04],[135.076,33.977],[135.065,33.886],[135.153,33.876],[135.233,33.782],[135.402,33.701],[135.328,33.671],[135.445,33.551],[135.766,33.482],[135.96,33.593],[136.069,33.847],[136.199,33.921],[136.28,34.017],[136.219,34.068],[136.299,34.154],[136.472,34.239],[136.703,34.295],[136.9,34.283],[136.916,34.434],[136.633,34.591],[136.54,34.616],[136.535,34.766],[136.616,34.854],[136.659,34.984],[136.88,35.044],[136.823,34.955],[136.856,34.74],[136.971,34.696],[136.916,34.776],[137.223,34.816],[137.324,34.767],[137.016,34.579],[137.141,34.589],[137.428,34.668],[137.684,34.671],[137.792,34.639],[138.047,34.655],[138.233,34.595],[138.216,34.712],[138.341,34.826],[138.367,34.917],[138.514,34.98],[138.554,35.096],[138.696,35.139],[138.803,35.122],[138.908,35.031],[138.786,35.026],[138.754,34.879],[138.771,34.647],[138.835,34.596],[138.941,34.661],[139.141,34.871],[139.076,35.053],[139.146,35.235],[139.415,35.319],[139.544,35.308],[139.624,35.212],[139.611,35.142],[139.728,35.207],[139.648,35.298],[139.681,35.438],[139.799,35.54],[139.758,35.632],[139.897,35.614],[139.95,35.673],[140.08,35.604],[140.006,35.473],[139.782,35.314],[139.849,35.294],[139.825,35.199],[139.859,34.987],[139.753,34.976],[139.843,34.9],[139.926,34.907],[139.991,35.021],[140.135,35.123],[140.237,35.112],[140.394,35.197],[140.386,35.381],[140.483,35.566],[140.661,35.689],[140.879,35.721],[140.646,36.013],[140.564,36.283],[140.617,36.338],[140.624,36.506],[140.694,36.618],[140.804,36.886],[140.96,36.966],[141.042,37.377],[141.022,37.727],[140.933,37.889],[140.926,38.049],[140.967,38.17],[141.081,38.295],[141.098,38.372],[141.333,38.409],[141.525,38.268],[141.471,38.436],[141.548,38.519],[141.467,38.57],[141.463,38.661],[141.573,38.719],[141.522,38.768],[141.589,38.882],[141.674,38.852],[141.638,38.985],[141.847,39.022],[141.844,39.152],[141.981,39.351],[141.905,39.33],[142.069,39.54],[142.036,39.639],[141.966,39.598],[142.009,39.753],[141.95,39.997],[141.855,40.055],[141.877,40.139],[141.744,40.384],[141.576,40.542],[141.52,40.538],[141.437,40.67],[141.406,40.817],[141.391,41.161],[141.461,41.43],[141.276,41.353],[141.108,41.464],[140.914,41.547],[140.837,41.418],[140.766,41.196],[140.815,41.128],[140.978,41.196],[141.058,41.183],[141.161,41.278],[141.278,41.155],[141.185,40.911],[141.111,40.873],[140.882,41.008],[140.799,40.839],[140.673,40.896],[140.594,41.22],[140.484,41.183],[140.342,41.266],[140.3,41.111],[140.297,40.874],[140.241,40.784],[140.046,40.768],[139.857,40.59],[139.943,40.545],[139.946,40.419],[140.024,40.355],[139.978,40.125],[139.822,39.961],[139.701,40.006],[139.76,39.858],[139.877,39.893],[140.028,39.825],[140.059,39.727],[140.049,39.505],[139.995,39.327],[139.932,39.287],[139.774,38.817],[139.599,38.648],[139.462,38.375],[139.432,38.169],[139.305,38.042],[139.06,37.946],[138.858,37.828],[138.766,37.635],[138.551,37.378],[138.245,37.184],[138.098,37.171],[137.897,37.058],[137.427,36.922],[137.333,36.763],[137.157,36.761],[136.988,36.871],[137.054,36.967],[137.054,37.08],[136.875,37.07],[136.93,37.222],[137.014,37.185],[137.109,37.283],[137.23,37.292],[137.254,37.429],[137.351,37.446],[137.296,37.531],[137.114,37.488],[136.935,37.399],[136.749,37.358],[136.674,37.175],[136.768,36.981],[136.761,36.871],[136.64,36.663],[136.43,36.433],[136.135,36.225],[135.957,35.973],[136.099,35.776],[136.069,35.662],[136.02,35.765],[135.956,35.728],[135.981,35.63],[135.816,35.631],[135.811,35.527],[135.738,35.571],[135.724,35.491],[135.649,35.543],[135.558,35.492],[135.452,35.572],[135.335,35.508],[135.188,35.565],[135.304,35.689],[135.227,35.772],[135.084,35.739],[134.927,35.641],[134.537,35.672],[134.238,35.547],[133.731,35.503],[133.58,35.534],[133.417,35.457],[133.265,35.496],[133.326,35.569],[133.156,35.563],[133.091,35.601],[132.97,35.517],[132.635,35.441],[132.639,35.295],[132.408,35.175],[132.317,35.062],[132.236,35.035],[131.79,34.686],[131.597,34.66],[131.455,34.519],[131.414,34.424],[131.209,34.369],[131.253,34.437],[130.955,34.403],[130.872,34.279],[130.923,34.184],[130.862,34.113],[130.932,33.945],[131.036,34.048],[131.178,33.93],[131.272,33.927],[131.39,34.04],[131.741,34.056],[131.972,33.917],[132.099,33.872],[132.041,33.776],[132.15,33.83],[132.143,33.946],[132.213,33.99],[132.223,34.239],[132.383,34.366],[132.497,34.362],[132.566,34.192],[132.771,34.235],[132.836,34.311],[133.018,34.323],[133.079,34.382],[133.093,34.253],[133.203,34.289],[133.247,34.427],[133.341,34.348],[133.422,34.445]]],[[[145.767,43.387],[145.676,43.382],[145.468,43.253],[145.362,43.301],[145.195,43.621],[145.075,43.754],[145.106,43.881],[145.35,44.212],[145.341,44.346],[145.202,44.206],[145.049,44.122],[144.831,43.942],[144.74,43.915],[144.43,43.943],[144.319,43.991],[144.215,44.111],[143.999,44.134],[143.93,44.099],[143.728,44.113],[143.777,44.189],[143.405,44.317],[143.351,44.381],[142.981,44.586],[142.631,44.884],[142.539,45.018],[142.221,45.3],[142.057,45.402],[141.96,45.51],[141.875,45.448],[141.692,45.402],[141.584,45.251],[141.586,45.164],[141.722,44.955],[141.783,44.765],[141.792,44.597],[141.747,44.424],[141.655,44.277],[141.67,44.067],[141.641,43.938],[141.528,43.841],[141.385,43.791],[141.337,43.713],[141.391,43.579],[141.371,43.497],[141.44,43.362],[141.371,43.251],[141.169,43.141],[141.022,43.175],[141.022,43.224],[140.81,43.192],[140.487,43.372],[140.36,43.325],[140.338,43.211],[140.527,43.015],[140.261,42.761],[140.183,42.81],[140.054,42.694],[139.877,42.663],[139.85,42.469],[139.768,42.311],[139.787,42.247],[140.028,42.106],[140.145,41.983],[140.13,41.823],[140.02,41.697],[139.984,41.56],[140.038,41.443],[140.209,41.401],[140.275,41.482],[140.401,41.513],[140.453,41.681],[140.604,41.736],[140.709,41.824],[140.775,41.77],[141.006,41.712],[141.19,41.791],[140.974,41.914],[140.714,42.133],[140.549,42.106],[140.292,42.26],[140.289,42.35],[140.381,42.505],[140.526,42.581],[140.734,42.564],[140.987,42.34],[141.428,42.564],[141.726,42.617],[141.926,42.559],[142.063,42.471],[142.168,42.46],[142.46,42.271],[142.758,42.158],[142.96,42.105],[143.226,41.932],[143.292,42.005],[143.349,42.319],[143.639,42.661],[143.886,42.844],[144.183,42.976],[144.358,42.999],[144.496,42.933],[144.742,42.924],[144.758,43.019],[145,42.986],[145.168,43.079],[145.125,43.12],[145.303,43.173],[145.519,43.166],[145.629,43.31],[145.767,43.387]]],[[[123.815,24.392],[123.683,24.285],[123.873,24.258],[123.934,24.367],[123.815,24.392]]],[[[124.329,24.584],[124.212,24.447],[124.116,24.467],[124.14,24.342],[124.242,24.364],[124.329,24.584]]],[[[125.387,24.782],[125.285,24.877],[125.259,24.733],[125.453,24.745],[125.387,24.782]]],[[[126.81,26.352],[126.698,26.369],[126.782,26.305],[126.81,26.352]]],[[[128.338,26.797],[128.255,26.886],[128.226,26.801],[128.015,26.635],[127.885,26.696],[127.938,26.532],[127.731,26.44],[127.742,26.321],[127.638,26.215],[127.652,26.084],[127.725,26.09],[127.824,26.187],[127.778,26.233],[127.841,26.324],[127.92,26.31],[127.839,26.425],[127.94,26.448],[128.056,26.55],[128.142,26.557],[128.243,26.633],[128.338,26.797]]],[[[128.701,27.455],[128.534,27.415],[128.631,27.376],[128.701,27.455]]],[[[128.989,27.811],[128.947,27.914],[128.895,27.891],[128.895,27.728],[128.961,27.686],[129.024,27.757],[128.989,27.811]]],[[[129.297,28.12],[129.181,28.19],[129.218,28.106],[129.297,28.12]]],[[[130.03,28.373],[129.914,28.297],[129.995,28.291],[130.03,28.373]]],[[[129.708,28.462],[129.688,28.509],[129.228,28.305],[129.271,28.255],[129.146,28.256],[129.366,28.123],[129.468,28.216],[129.42,28.25],[129.554,28.328],[129.708,28.462]]],[[[130.675,30.375],[130.499,30.468],[130.376,30.394],[130.438,30.239],[130.577,30.236],[130.675,30.375]]],[[[131.052,30.84],[130.939,30.672],[130.93,30.541],[130.851,30.47],[130.87,30.344],[130.962,30.373],[131.036,30.557],[131.088,30.783],[131.052,30.84]]],[[[130.41,32.512],[130.219,32.456],[130.242,32.395],[130.393,32.397],[130.41,32.512]]],[[[130.16,32.546],[130.033,32.522],[129.975,32.355],[129.995,32.191],[130.203,32.339],[130.16,32.546]]],[[[128.878,32.674],[128.808,32.8],[128.642,32.761],[128.653,32.591],[128.899,32.643],[128.878,32.674]]],[[[139.791,33.135],[139.788,33.058],[139.877,33.088],[139.791,33.135]]],[[[129.098,32.988],[129.124,33.109],[128.979,32.948],[129.093,32.907],[129.176,32.967],[129.098,32.988]]],[[[129.556,33.411],[129.443,33.348],[129.376,33.17],[129.447,33.199],[129.562,33.366],[129.556,33.411]]],[[[129.776,33.773],[129.689,33.871],[129.657,33.743],[129.721,33.698],[129.776,33.773]]],[[[132.236,33.869],[132.381,33.886],[132.254,33.95],[132.236,33.869]]],[[[132.555,34.071],[132.519,34.174],[132.455,34.088],[132.555,34.071]]],[[[129.313,34.28],[129.199,34.316],[129.172,34.107],[129.277,34.129],[129.313,34.28]]],[[[135.003,34.608],[134.799,34.447],[134.657,34.288],[134.729,34.191],[134.958,34.27],[134.903,34.419],[135.03,34.579],[135.003,34.608]]],[[[129.453,34.619],[129.423,34.695],[129.323,34.648],[129.272,34.356],[129.388,34.367],[129.379,34.453],[129.446,34.515],[129.453,34.619]]],[[[139.418,34.781],[139.359,34.702],[139.454,34.679],[139.418,34.781]]],[[[133.367,36.274],[133.292,36.342],[133.188,36.216],[133.326,36.158],[133.367,36.274]]],[[[138.459,38.07],[138.514,38.323],[138.31,38.168],[138.248,37.979],[138.343,37.967],[138.265,37.798],[138.487,37.892],[138.575,38.074],[138.459,38.07]]],[[[139.549,42.243],[139.414,42.173],[139.435,42.063],[139.509,42.101],[139.549,42.243]]],[[[141.327,45.172],[141.203,45.249],[141.132,45.21],[141.235,45.102],[141.327,45.172]]],[[[141.053,45.45],[140.994,45.371],[141.036,45.292],[141.053,45.45]]],[[[134.367,34.554],[134.175,34.52],[134.262,34.421],[134.347,34.431],[134.367,34.554]]],[[[137.048,37.152],[136.905,37.144],[136.944,37.097],[137.048,37.152]]]]},"properties":{"NAME":"Japan","ADMIN":"Japan","ISO_A2":"JP","ISO_A3":"JPN","CONTINENT":"Asia","SUBREGION":"Eastern Asia","POP_EST":126264931,"GDP_MD":5081769,"LABEL_X":138.44217,"LABEL_Y":36.142538,"ID":"JPN"}},{"type":"Feature","geometry":{"type":"Polygon","coordinates":[[[-14.564,66.385],[-14.84,66.392],[-15.109,66.278],[-15.302,66.268],[-15.38,66.15],[-15.775,66.289],[-15.707,66.396],[-15.938,66.424],[-16.023,66.537],[-16.543,66.507],[-16.422,66.287],[-16.487,66.19],[-16.933,66.139],[-16.992,66.2],[-17.217,66.194],[-17.419,65.994],[-17.598,65.967],[-17.913,66.152],[-18.297,66.18],[-18.329,66.104],[-18.228,65.939],[-18.068,65.831],[-18.18,65.74],[-18.208,65.855],[-18.348,65.95],[-18.54,65.974],[-18.545,66.083],[-18.854,66.205],[-19.078,66.159],[-19.078,66.072],[-19.363,66.088],[-19.51,65.953],[-19.4,65.812],[-19.438,65.734],[-19.65,65.765],[-19.708,65.871],[-19.88,65.905],[-20.092,66.131],[-20.428,66.083],[-20.449,66.029],[-20.263,65.745],[-20.501,65.495],[-20.646,65.573],[-20.689,65.693],[-20.918,65.601],[-20.987,65.507],[-20.915,65.343],[-21.055,65.452],[-21.12,65.268],[-21.202,65.428],[-21.37,65.487],[-21.321,65.602],[-21.483,65.563],[-21.444,65.69],[-21.278,65.857],[-21.319,65.988],[-21.509,66.017],[-21.549,66.098],[-21.723,66.082],[-21.75,66.186],[-21.979,66.275],[-22.217,66.268],[-22.269,66.376],[-22.575,66.466],[-22.696,66.419],[-22.85,66.467],[-23.135,66.433],[-22.94,66.301],[-22.684,66.358],[-22.782,66.263],[-22.978,66.234],[-22.866,66.159],[-22.449,66.076],[-22.381,65.929],[-22.75,66.058],[-22.84,66.022],[-23.107,66.076],[-23.172,66.152],[-23.461,66.204],[-23.67,66.117],[-23.518,66.027],[-23.793,66.07],[-23.813,66.011],[-23.519,65.885],[-23.821,65.926],[-23.729,65.774],[-23.319,65.757],[-23.529,65.728],[-23.389,65.638],[-24.05,65.804],[-24.135,65.789],[-24.087,65.651],[-23.895,65.541],[-24.278,65.636],[-24.54,65.508],[-23.968,65.465],[-23.898,65.405],[-23.409,65.501],[-23.247,65.485],[-23.183,65.576],[-22.718,65.508],[-22.547,65.561],[-22.254,65.434],[-21.99,65.508],[-21.887,65.421],[-22.49,65.234],[-22.558,65.169],[-22.034,65.115],[-21.766,65.208],[-21.8,65.045],[-22.155,65.028],[-22.38,65.059],[-22.674,65.008],[-22.757,65.072],[-22.943,64.987],[-23.21,65.017],[-23.224,64.949],[-23.513,64.946],[-23.638,64.899],[-23.85,64.931],[-24.06,64.891],[-23.946,64.761],[-23.647,64.751],[-23.593,64.811],[-22.638,64.778],[-22.532,64.809],[-22.32,64.754],[-22.34,64.556],[-22.199,64.472],[-21.613,64.658],[-21.975,64.504],[-22.1,64.315],[-21.963,64.297],[-21.717,64.394],[-21.449,64.398],[-21.764,64.339],[-21.929,64.234],[-21.73,64.219],[-21.915,64.11],[-22.199,64.021],[-22.543,63.983],[-22.69,64.09],[-22.718,63.828],[-22.336,63.863],[-22.066,63.836],[-21.793,63.871],[-21.66,63.832],[-21.367,63.85],[-21.185,63.959],[-21.168,63.876],[-20.578,63.714],[-20.186,63.544],[-19.77,63.534],[-19.287,63.439],[-18.732,63.397],[-18.133,63.479],[-17.965,63.523],[-17.797,63.671],[-17.972,63.668],[-17.715,63.781],[-17.591,63.747],[-17.207,63.815],[-17.006,63.798],[-16.94,63.898],[-16.783,63.843],[-16.35,63.966],[-15.992,64.144],[-15.398,64.274],[-14.953,64.319],[-14.705,64.433],[-14.545,64.405],[-14.442,64.676],[-13.986,64.74],[-13.966,64.836],[-13.74,64.911],[-14.034,65.083],[-13.647,64.987],[-13.527,65.055],[-13.568,65.261],[-13.785,65.31],[-13.61,65.514],[-13.788,65.522],[-13.86,65.614],[-14.028,65.61],[-14.398,65.73],[-14.329,65.782],[-14.844,65.735],[-14.823,65.816],[-14.606,65.949],[-14.677,66.056],[-15.076,66.05],[-15.179,66.111],[-14.96,66.186],[-15.015,66.268],[-14.564,66.385]]]},"properties":{"NAME":"Iceland","ADMIN":"Iceland","ISO_A2":"IS","ISO_A3":"ISL","CONTINENT":"Europe","SUBREGION":"Northern Europe","POP_EST":361313,"GDP_MD":24188,"LABEL_X":-18.673711,"LABEL_Y":64.779286,"ID":"ISL"}},{"type":"Feature","geometry":{"type":"MultiPolygon","coordinates":[[[[46.495,-9.358],[46.234,-9.452],[46.455,-9.426],[46.495,-9.358]]],[[[55.402,-4.661],[55.504,-4.796],[55.529,-4.68],[55.434,-4.563],[55.402,-4.661]]]]},"properties":{"NAME":"Seychelles","ADMIN":"Seychelles","ISO_A2":"SC","ISO_A3":"SYC","CONTINENT":"Seven seas (open ocean)","SUBREGION":"Eastern Africa","POP_EST":97625,"GDP_MD":1703,"LABEL_X":55.480175,"LABEL_Y":-4.676659,"ID":"SYC"}},{"type":"Feature","geometry":{"type":"Polygon","coordinates":[[[-157.191,1.764],[-157.348,1.861],[-157.322,1.972],[-157.496,2.034],[-157.355,1.948],[-157.42,1.929],[-157.429,1.839],[-157.581,1.88],[-157.411,1.782],[-157.179,1.718],[-157.191,1.764]]]},"properties":{"NAME":"Kiribati","ADMIN":"Kiribati","ISO_A2":"KI","ISO_A3":"KIR","CONTINENT":"Oceania","SUBREGION":"Micronesia","POP_EST":117606,"GDP_MD":194,"LABEL_X":-157.384577,"LABEL_Y":1.820437,"ID":"KIR"}},{"type":"Feature","geometry":{"type":"Polygon","coordinates":[[[171.394,7.11],[171.202,7.072],[171.263,7.068],[171.394,7.11]]]},"properties":{"NAME":"Marshall Is.","ADMIN":"Marshall Islands","ISO_A2":"MH","ISO_A3":"MHL","CONTINENT":"Oceania","SUBREGION":"Micronesia","POP_EST":58791,"GDP_MD":221,"LABEL_X":171.193609,"LABEL_Y":7.082568,"ID":"MHL"}},{"type":"Feature","geometry":{"type":"MultiPolygon","coordinates":[[[[-61.002,10.699],[-60.907,10.837],[-61.367,10.803],[-61.433,10.757],[-61.602,10.748],[-61.668,10.707],[-61.489,10.631],[-61.462,10.558],[-61.488,10.43],[-61.458,10.302],[-61.507,10.241],[-61.612,10.248],[-61.712,10.164],[-61.929,10.056],[-61.707,10.084],[-61.192,10.074],[-60.996,10.138],[-60.961,10.33],[-61.028,10.409],[-61.037,10.625],[-61.002,10.699]]],[[[-60.531,11.351],[-60.669,11.303],[-60.848,11.164],[-60.803,11.143],[-60.533,11.267],[-60.531,11.351]]]]},"properties":{"NAME":"Trinidad and Tobago","ADMIN":"Trinidad and Tobago","ISO_A2":"TT","ISO_A3":"TTO","CONTINENT":"North America","SUBREGION":"Caribbean","POP_EST":1394973,"GDP_MD":24269,"LABEL_X":-60.9184,"LABEL_Y":10.9989,"ID":"TTO"}},{"type":"Feature","geometry":{"type":"Polygon","coordinates":[[[-61.613,12.214],[-61.671,12.236],[-61.73,12.167],[-61.75,12.036],[-61.614,12.08],[-61.613,12.214]]]},"properties":{"NAME":"Grenada","ADMIN":"Grenada","ISO_A2":"GD","ISO_A3":"GRD","CONTINENT":"North America","SUBREGION":"Caribbean","POP_EST":112003,"GDP_MD":1210,"LABEL_X":-61.680461,"LABEL_Y":12.113156,"ID":"GRD"}},{"type":"Feature","geometry":{"type":"Polygon","coordinates":[[[-61.167,13.146],[-61.124,13.308],[-61.212,13.369],[-61.27,13.29],[-61.271,13.187],[-61.167,13.146]]]},"properties":{"NAME":"St. Vin. and Gren.","ADMIN":"Saint Vincent and the Grenadines","ISO_A2":"VC","ISO_A3":"VCT","CONTINENT":"North America","SUBREGION":"Caribbean","POP_EST":110589,"GDP_MD":824,"LABEL_X":-61.3359,"LABEL_Y":13.0879,"ID":"VCT"}},{"type":"Feature","geometry":{"type":"Polygon","coordinates":[[[-59.427,13.16],[-59.537,13.231],[-59.613,13.345],[-59.654,13.295],[-59.608,13.085],[-59.509,13.057],[-59.427,13.16]]]},"properties":{"NAME":"Barbados","ADMIN":"Barbados","ISO_A2":"BB","ISO_A3":"BRB","CONTINENT":"North America","SUBREGION":"Caribbean","POP_EST":287025,"GDP_MD":5209,"LABEL_X":-59.568966,"LABEL_Y":13.163709,"ID":"BRB"}},{"type":"Feature","geometry":{"type":"Polygon","coordinates":[[[-60.887,14.01],[-60.948,14.102],[-61.059,13.931],[-61.078,13.806],[-60.941,13.722],[-60.892,13.833],[-60.887,14.01]]]},"properties":{"NAME":"Saint Lucia","ADMIN":"Saint Lucia","ISO_A2":"LC","ISO_A3":"LCA","CONTINENT":"North America","SUBREGION":"Caribbean","POP_EST":182790,"GDP_MD":2122,"LABEL_X":-60.980094,"LABEL_Y":13.892371,"ID":"LCA"}},{"type":"Feature","geometry":{"type":"Polygon","coordinates":[[[-61.363,15.202],[-61.257,15.285],[-61.267,15.508],[-61.308,15.579],[-61.469,15.634],[-61.472,15.481],[-61.421,15.415],[-61.363,15.202]]]},"properties":{"NAME":"Dominica","ADMIN":"Dominica","ISO_A2":"DM","ISO_A3":"DMA","CONTINENT":"North America","SUBREGION":"Caribbean","POP_EST":71808,"GDP_MD":582,"LABEL_X":-61.344958,"LABEL_Y":15.458829,"ID":"DMA"}},{"type":"Feature","geometry":{"type":"MultiPolygon","coordinates":[[[[-61.884,17.049],[-61.852,17.008],[-61.672,17.058],[-61.793,17.165],[-61.894,17.101],[-61.884,17.049]]],[[[-61.839,17.593],[-61.771,17.546],[-61.754,17.669],[-61.873,17.711],[-61.839,17.593]]]]},"properties":{"NAME":"Antigua and Barb.","ADMIN":"Antigua and Barbuda","ISO_A2":"AG","ISO_A3":"ATG","CONTINENT":"North America","SUBREGION":"Caribbean","POP_EST":97118,"GDP_MD":1661,"LABEL_X":-61.790612,"LABEL_Y":17.352249,"ID":"ATG"}},{"type":"Feature","geometry":{"type":"MultiPolygon","coordinates":[[[[-62.599,17.203],[-62.612,17.104],[-62.538,17.162],[-62.599,17.203]]],[[[-62.65,17.266],[-62.82,17.416],[-62.861,17.362],[-62.65,17.266]]]]},"properties":{"NAME":"St. Kitts and Nevis","ADMIN":"Saint Kitts and Nevis","ISO_A2":"KN","ISO_A3":"KNA","CONTINENT":"North America","SUBREGION":"Caribbean","POP_EST":52834,"GDP_MD":1053,"LABEL_X":-62.757975,"LABEL_Y":17.336558,"ID":"KNA"}},{"type":"Feature","geometry":{"type":"Polygon","coordinates":[[[-76.264,18.012],[-76.351,18.156],[-76.783,18.278],[-76.895,18.409],[-77.137,18.409],[-77.325,18.465],[-77.902,18.519],[-77.981,18.441],[-78.195,18.455],[-78.332,18.367],[-78.375,18.266],[-78.227,18.192],[-78.075,18.198],[-77.956,18.032],[-77.846,18.017],[-77.84,17.95],[-77.724,17.854],[-77.441,17.865],[-77.321,17.812],[-77.216,17.717],[-77.142,17.881],[-77.038,17.847],[-76.913,17.861],[-76.85,17.992],[-76.524,17.86],[-76.307,17.87],[-76.188,17.915],[-76.264,18.012]]]},"properties":{"NAME":"Jamaica","ADMIN":"Jamaica","ISO_A2":"JM","ISO_A3":"JAM","CONTINENT":"North America","SUBREGION":"Caribbean","POP_EST":2948279,"GDP_MD":16458,"LABEL_X":-77.318767,"LABEL_Y":18.137124,"ID":"JAM"}},{"type":"Feature","geometry":{"type":"MultiPolygon","coordinates":[[[[57.796,-20.223],[57.668,-19.994],[57.532,-20.025],[57.491,-20.141],[57.371,-20.261],[57.378,-20.507],[57.504,-20.517],[57.672,-20.48],[57.782,-20.336],[57.796,-20.223]]],[[[63.476,-19.678],[63.335,-19.718],[63.366,-19.767],[63.476,-19.678]]]]},"properties":{"NAME":"Mauritius","ADMIN":"Mauritius","ISO_A2":"MU","ISO_A3":"MUS","CONTINENT":"Seven seas (open ocean)","SUBREGION":"Eastern Africa","POP_EST":1265711,"GDP_MD":14048,"LABEL_X":57.565848,"LABEL_Y":-20.299506,"ID":"MUS"}},{"type":"Feature","geometry":{"type":"MultiPolygon","coordinates":[[[[43.789,-12.308],[43.636,-12.237],[43.681,-12.358],[43.858,-12.371],[43.789,-12.308]]],[[[44.529,-12.233],[44.484,-12.086],[44.412,-12.086],[44.374,-12.18],[44.206,-12.161],[44.385,-12.252],[44.511,-12.38],[44.529,-12.233]]],[[[43.467,-11.822],[43.377,-11.605],[43.399,-11.418],[43.356,-11.361],[43.277,-11.38],[43.244,-11.673],[43.213,-11.726],[43.263,-11.818],[43.438,-11.932],[43.467,-11.822]]]]},"properties":{"NAME":"Comoros","ADMIN":"Comoros","ISO_A2":"KM","ISO_A3":"COM","CONTINENT":"Africa","SUBREGION":"Eastern Africa","POP_EST":850886,"GDP_MD":1165,"LABEL_X":43.318094,"LABEL_Y":-11.727683,"ID":"COM"}},{"type":"Feature","geometry":{"type":"MultiPolygon","coordinates":[[[[6.681,0.407],[6.533,0.348],[6.462,0.222],[6.516,0.034],[6.66,0.107],[6.74,0.219],[6.746,0.338],[6.681,0.407]]],[[[7.463,1.675],[7.403,1.7],[7.333,1.565],[7.401,1.531],[7.463,1.675]]]]},"properties":{"NAME":"S\u00e3o Tom\u00e9 and Principe","ADMIN":"S\u00e3o Tom\u00e9 and Principe","ISO_A2":"ST","ISO_A3":"STP","CONTINENT":"Africa","SUBREGION":"Middle Africa","POP_EST":215056,"GDP_MD":418,"LABEL_X":7.021,"LABEL_Y":0.9709,"ID":"STP"}},{"type":"Feature","geometry":{"type":"MultiPolygon","coordinates":[[[[-24.297,14.918],[-24.329,15.029],[-24.403,15.038],[-24.526,14.925],[-24.377,14.816],[-24.297,14.918]]],[[[-23.457,15.024],[-23.511,15.113],[-23.697,15.266],[-23.744,15.333],[-23.786,15.175],[-23.772,15.038],[-23.677,14.936],[-23.494,14.919],[-23.457,15.024]]],[[[-23.128,15.312],[-23.176,15.333],[-23.251,15.256],[-23.258,15.175],[-23.183,15.119],[-23.11,15.199],[-23.128,15.312]]],[[[-22.682,16.114],[-22.714,16.206],[-22.916,16.244],[-22.946,16.02],[-22.806,15.986],[-22.68,16.063],[-22.682,16.114]]],[[[-24.068,16.614],[-24.361,16.682],[-24.423,16.662],[-24.325,16.483],[-24.233,16.602],[-24.033,16.562],[-24.068,16.614]]],[[[-22.929,16.593],[-22.895,16.614],[-22.895,16.829],[-22.991,16.816],[-22.929,16.593]]],[[[-24.92,16.895],[-24.971,16.923],[-25.078,16.865],[-24.988,16.785],[-24.875,16.826],[-24.92,16.895]]],[[[-25.047,17.035],[-24.971,17.107],[-25.103,17.197],[-25.317,17.106],[-25.355,17.038],[-25.299,16.917],[-25.188,16.928],[-25.047,17.035]]]]},"properties":{"NAME":"Cabo Verde","ADMIN":"Cabo Verde","ISO_A2":"CV","ISO_A3":"CPV","CONTINENT":"Africa","SUBREGION":"Western Africa","POP_EST":549935,"GDP_MD":1981,"LABEL_X":-23.639434,"LABEL_Y":15.074761,"ID":"CPV"}},{"type":"Feature","geometry":{"type":"Polygon","coordinates":[[[14.548,35.89],[14.428,35.966],[14.322,35.973],[14.343,35.881],[14.528,35.801],[14.548,35.89]]]},"properties":{"NAME":"Malta","ADMIN":"Malta","ISO_A2":"MT","ISO_A3":"MLT","CONTINENT":"Europe","SUBREGION":"Southern Europe","POP_EST":502653,"GDP_MD":14989,"LABEL_X":14.433005,"LABEL_Y":35.892886,"ID":"MLT"}},{"type":"Feature","geometry":{"type":"Polygon","coordinates":[[[103.961,1.391],[103.805,1.449],[103.684,1.41],[103.648,1.308],[103.844,1.269],[103.954,1.318],[103.961,1.391]]]},"properties":{"NAME":"Singapore","ADMIN":"Singapore","ISO_A2":"SG","ISO_A3":"SGP","CONTINENT":"Asia","SUBREGION":"South-Eastern Asia","POP_EST":5703569,"GDP_MD":372062,"LABEL_X":103.816925,"LABEL_Y":1.366587,"ID":"SGP"}},{"type":"Feature","geometry":{"type":"MultiPolygon","coordinates":[[[[-173.956,-18.567],[-174.072,-18.634],[-173.923,-18.637],[-173.956,-18.567]]],[[[-174.915,-21.292],[-174.984,-21.398],[-174.92,-21.454],[-174.915,-21.292]]],[[[-175.066,-21.124],[-175.155,-21.172],[-175.25,-21.111],[-175.365,-21.114],[-175.326,-21.174],[-175.149,-21.268],[-175.066,-21.124]]]]},"properties":{"NAME":"Tonga","ADMIN":"Tonga","ISO_A2":"TO","ISO_A3":"TON","CONTINENT":"Oceania","SUBREGION":"Polynesia","POP_EST":104494,"GDP_MD":512,"LABEL_X":-175.163014,"LABEL_Y":-21.210026,"ID":"TON"}},{"type":"Feature","geometry":{"type":"MultiPolygon","coordinates":[[[[-172.201,-13.593],[-172.281,-13.494],[-172.366,-13.463],[-172.639,-13.522],[-172.783,-13.52],[-172.597,-13.701],[-172.523,-13.805],[-172.298,-13.77],[-172.213,-13.801],[-172.181,-13.702],[-172.201,-13.593]]],[[[-171.564,-13.949],[-171.568,-13.897],[-171.88,-13.805],[-172.044,-13.846],[-172.061,-13.906],[-171.941,-13.99],[-171.743,-14.052],[-171.441,-14.052],[-171.438,-14.006],[-171.564,-13.949]]]]},"properties":{"NAME":"Samoa","ADMIN":"Samoa","ISO_A2":"WS","ISO_A3":"WSM","CONTINENT":"Oceania","SUBREGION":"Polynesia","POP_EST":197097,"GDP_MD":852,"LABEL_X":-172.438241,"LABEL_Y":-13.639139,"ID":"WSM"}},{"type":"Feature","geometry":{"type":"MultiPolygon","coordinates":[[[[160.504,-11.736],[160.003,-11.461],[159.963,-11.521],[160.024,-11.601],[160.168,-11.653],[160.271,-11.633],[160.38,-11.777],[160.483,-11.845],[160.582,-11.795],[160.504,-11.736]]],[[[162.375,-10.824],[162.272,-10.814],[162.278,-10.68],[162.114,-10.456],[161.836,-10.447],[161.735,-10.405],[161.502,-10.251],[161.396,-10.204],[161.292,-10.226],[161.285,-10.324],[161.511,-10.365],[161.49,-10.42],[161.637,-10.631],[161.792,-10.735],[162.101,-10.821],[162.375,-10.824]]],[[[161.395,-9.413],[161.395,-9.649],[161.559,-9.789],[161.545,-9.605],[161.415,-9.386],[161.395,-9.413]]],[[[160.826,-9.837],[160.785,-9.727],[160.673,-9.698],[160.654,-9.611],[160.504,-9.536],[160.366,-9.413],[159.94,-9.433],[159.709,-9.248],[159.616,-9.295],[159.599,-9.512],[159.723,-9.707],[159.836,-9.794],[160.031,-9.824],[160.32,-9.815],[160.433,-9.889],[160.645,-9.937],[160.799,-9.884],[160.826,-9.837]]],[[[160.254,-9.159],[160.366,-9.186],[160.414,-9.132],[160.315,-9.062],[160.254,-9.159]]],[[[160.097,-9.057],[160.264,-9.132],[160.295,-9.039],[160.148,-8.99],[160.097,-9.057]]],[[[159.167,-9.018],[159.041,-9.057],[159.1,-9.118],[159.167,-9.018]]],[[[157.615,-8.734],[157.55,-8.692],[157.477,-8.74],[157.622,-8.796],[157.615,-8.734]]],[[[158.229,-8.775],[158.208,-8.679],[158.154,-8.797],[158.229,-8.775]]],[[[158.057,-8.528],[157.9,-8.562],[157.879,-8.683],[158.013,-8.765],[158.106,-8.691],[158.068,-8.605],[158.135,-8.567],[158.057,-8.528]]],[[[157.359,-8.577],[157.414,-8.498],[157.348,-8.413],[157.201,-8.566],[157.312,-8.696],[157.359,-8.577]]],[[[159.689,-8.508],[159.644,-8.4],[159.558,-8.389],[159.539,-8.459],[159.636,-8.529],[159.689,-8.508]]],[[[161.361,-9.618],[161.381,-9.509],[161.202,-9.138],[161.169,-8.975],[160.947,-8.814],[160.942,-8.692],[160.997,-8.604],[160.747,-8.31],[160.703,-8.365],[160.601,-8.325],[160.594,-8.385],[160.72,-8.553],[160.654,-8.604],[160.764,-8.947],[160.868,-9.152],[161.237,-9.448],[161.299,-9.581],[161.361,-9.618]]],[[[157.125,-8.275],[157.101,-8.204],[157.03,-8.206],[157.125,-8.275]]],[[[157.208,-8.289],[157.167,-8.167],[157.098,-8.159],[157.208,-8.289]]],[[[157.797,-8.562],[157.886,-8.583],[157.903,-8.499],[157.838,-8.337],[157.746,-8.229],[157.667,-8.241],[157.613,-8.169],[157.612,-8.066],[157.503,-7.96],[157.383,-8.032],[157.317,-8.186],[157.222,-8.224],[157.228,-8.317],[157.297,-8.337],[157.345,-8.275],[157.567,-8.276],[157.627,-8.378],[157.578,-8.436],[157.797,-8.562]]],[[[156.611,-8.073],[156.532,-7.949],[156.578,-8.187],[156.611,-8.073]]],[[[157.105,-8.125],[157.146,-8.149],[157.202,-8.048],[157.191,-7.953],[157.091,-7.851],[157.002,-7.875],[156.947,-7.98],[157.002,-8.087],[157.105,-8.125]]],[[[156.807,-7.72],[156.685,-7.666],[156.611,-7.569],[156.504,-7.63],[156.516,-7.72],[156.619,-7.813],[156.66,-7.939],[156.807,-7.72]]],[[[155.817,-7.021],[155.735,-6.966],[155.674,-7.076],[155.735,-7.124],[155.858,-7.093],[155.817,-7.021]]],[[[166.924,-11.641],[166.806,-11.592],[166.767,-11.633],[166.843,-11.713],[166.984,-11.71],[166.924,-11.641]]],[[[166.148,-10.694],[166.027,-10.647],[165.878,-10.657],[165.753,-10.752],[165.756,-10.812],[165.862,-10.869],[165.934,-10.776],[166.055,-10.767],[166.148,-10.694]]],[[[158.486,-7.61],[158.379,-7.563],[158.362,-7.638],[158.486,-7.61]]],[[[159.859,-8.511],[159.797,-8.392],[159.842,-8.326],[159.432,-8.032],[159.168,-7.905],[159.127,-7.92],[158.872,-7.734],[158.752,-7.593],[158.606,-7.586],[158.452,-7.532],[158.455,-7.576],[158.585,-7.669],[158.58,-7.741],[158.846,-7.973],[159.12,-8.117],[159.345,-8.261],[159.627,-8.358],[159.825,-8.542],[159.859,-8.511]]],[[[158.365,-7.548],[158.435,-7.528],[158.266,-7.488],[158.365,-7.548]]],[[[157.612,-7.404],[157.476,-7.412],[157.619,-7.452],[157.612,-7.404]]],[[[157.776,-7.408],[157.679,-7.448],[157.797,-7.473],[157.776,-7.408]]],[[[157.53,-7.333],[157.386,-7.323],[157.153,-7.124],[157.12,-6.981],[157.043,-6.897],[156.78,-6.776],[156.67,-6.675],[156.488,-6.603],[156.461,-6.733],[156.687,-6.897],[156.928,-7.209],[157.057,-7.268],[157.104,-7.332],[157.201,-7.337],[157.442,-7.414],[157.53,-7.333]]]]},"properties":{"NAME":"Solomon Is.","ADMIN":"Solomon Islands","ISO_A2":"SB","ISO_A3":"SLB","CONTINENT":"Oceania","SUBREGION":"Melanesia","POP_EST":669823,"GDP_MD":1589,"LABEL_X":159.170468,"LABEL_Y":-8.029548,"ID":"SLB"}},{"type":"Feature","geometry":{"type":"Polygon","coordinates":[[[179.191,-8.542],[179.218,-8.521],[179.199,-8.461],[179.204,-8.519],[179.191,-8.542]]]},"properties":{"NAME":"Tuvalu","ADMIN":"Tuvalu","ISO_A2":"TV","ISO_A3":"TUV","CONTINENT":"Oceania","SUBREGION":"Polynesia","POP_EST":11646,"GDP_MD":47,"LABEL_X":179.209587,"LABEL_Y":-8.513717,"ID":"TUV"}},{"type":"Feature","geometry":{"type":"Polygon","coordinates":[[[73.546,4.243],[73.512,4.186],[73.432,4.19],[73.511,4.162],[73.546,4.243]]]},"properties":{"NAME":"Maldives","ADMIN":"Maldives","ISO_A2":"MV","ISO_A3":"MDV","CONTINENT":"Seven seas (open ocean)","SUBREGION":"Southern Asia","POP_EST":530953,"GDP_MD":5642,"LABEL_X":73.507554,"LABEL_Y":4.174441,"ID":"MDV"}},{"type":"Feature","geometry":{"type":"Polygon","coordinates":[[[166.939,-0.49],[166.916,-0.548],[166.958,-0.518],[166.939,-0.49]]]},"properties":{"NAME":"Nauru","ADMIN":"Nauru","ISO_A2":"NR","ISO_A3":"NRU","CONTINENT":"Oceania","SUBREGION":"Micronesia","POP_EST":12581,"GDP_MD":118,"LABEL_X":166.932644,"LABEL_Y":-0.520261,"ID":"NRU"}},{"type":"Feature","geometry":{"type":"MultiPolygon","coordinates":[[[[163.026,5.341],[162.916,5.287],[163.019,5.273],[163.026,5.341]]],[[[158.291,6.938],[158.181,6.979],[158.126,6.907],[158.194,6.793],[158.292,6.795],[158.339,6.869],[158.291,6.938]]]]},"properties":{"NAME":"Micronesia","ADMIN":"Federated States of Micronesia","ISO_A2":"FM","ISO_A3":"FSM","CONTINENT":"Oceania","SUBREGION":"Micronesia","POP_EST":113815,"GDP_MD":401,"LABEL_X":158.234019,"LABEL_Y":6.887553,"ID":"FSM"}},{"type":"Feature","geometry":{"type":"MultiPolygon","coordinates":[[[[169.84,-20.141],[169.756,-20.144],[169.738,-20.209],[169.83,-20.253],[169.899,-20.192],[169.84,-20.141]]],[[[169.433,-19.493],[169.366,-19.47],[169.337,-19.315],[169.243,-19.342],[169.219,-19.49],[169.358,-19.636],[169.436,-19.657],[169.502,-19.528],[169.433,-19.493]]],[[[169.337,-18.935],[169.193,-18.787],[169.152,-18.636],[169.038,-18.629],[168.989,-18.691],[168.987,-18.877],[169.275,-18.999],[169.337,-18.935]]],[[[168.55,-17.691],[168.453,-17.546],[168.267,-17.559],[168.179,-17.656],[168.175,-17.741],[168.287,-17.711],[168.309,-17.794],[168.396,-17.823],[168.54,-17.797],[168.55,-17.691]]],[[[168.192,-16.814],[168.333,-16.787],[168.474,-16.848],[168.481,-16.8],[168.247,-16.69],[168.144,-16.573],[168.12,-16.709],[168.192,-16.814]]],[[[168.182,-16.348],[168.288,-16.344],[168.321,-16.283],[168.231,-16.228],[168.172,-16.08],[168.07,-16.18],[167.926,-16.22],[167.921,-16.259],[168.14,-16.362],[168.182,-16.348]]],[[[167.813,-16.42],[167.535,-16.163],[167.424,-16.112],[167.336,-15.909],[167.185,-15.891],[167.147,-16.083],[167.233,-16.17],[167.322,-16.115],[167.375,-16.193],[167.385,-16.368],[167.501,-16.587],[167.622,-16.494],[167.744,-16.546],[167.844,-16.458],[167.813,-16.42]]],[[[167.206,-15.751],[167.234,-15.642],[167.127,-15.622],[167.072,-15.676],[167.206,-15.751]]],[[[168.186,-15.518],[168.155,-15.463],[168.12,-15.663],[168.188,-15.971],[168.268,-15.949],[168.186,-15.518]]],[[[167.939,-15.392],[168.002,-15.282],[167.804,-15.32],[167.682,-15.433],[167.734,-15.484],[167.839,-15.485],[167.939,-15.392]]],[[[168.096,-14.98],[168.13,-15.158],[168.131,-15.395],[168.179,-15.395],[168.192,-15.206],[168.141,-14.96],[168.096,-14.98]]],[[[167.141,-15.536],[167.233,-15.524],[167.165,-15.333],[167.139,-15.146],[167.089,-15.141],[167.054,-14.96],[166.965,-14.951],[166.963,-15.104],[166.92,-15.156],[166.802,-15.152],[166.737,-14.83],[166.61,-14.635],[166.556,-14.646],[166.523,-14.832],[166.65,-15.265],[166.616,-15.385],[166.793,-15.656],[166.946,-15.577],[167.053,-15.592],[167.141,-15.536]]],[[[167.515,-14.141],[167.407,-14.195],[167.397,-14.3],[167.526,-14.32],[167.603,-14.189],[167.515,-14.141]]],[[[167.453,-13.919],[167.581,-13.849],[167.489,-13.708],[167.389,-13.804],[167.453,-13.919]]]]},"properties":{"NAME":"Vanuatu","ADMIN":"Vanuatu","ISO_A2":"VU","ISO_A3":"VUT","CONTINENT":"Oceania","SUBREGION":"Melanesia","POP_EST":299882,"GDP_MD":934,"LABEL_X":166.908762,"LABEL_Y":-15.37153,"ID":"VUT"}},{"type":"Feature","geometry":{"type":"Polygon","coordinates":[[[134.648,7.719],[134.635,7.629],[134.569,7.614],[134.488,7.47],[134.524,7.361],[134.592,7.367],[134.658,7.591],[134.648,7.719]]]},"properties":{"NAME":"Palau","ADMIN":"Palau","ISO_A2":"PW","ISO_A3":"PLW","CONTINENT":"Oceania","SUBREGION":"Micronesia","POP_EST":18008,"GDP_MD":268,"LABEL_X":134.580157,"LABEL_Y":7.518252,"ID":"PLW"}},{"type":"Feature","geometry":{"type":"Polygon","coordinates":[[[50.552,26.194],[50.481,26.243],[50.46,25.985],[50.565,25.79],[50.604,25.855],[50.62,26.185],[50.552,26.194]]]},"properties":{"NAME":"Bahrain","ADMIN":"Bahrain","ISO_A2":"BH","ISO_A3":"BHR","CONTINENT":"Asia","SUBREGION":"Western Asia","POP_EST":1641172,"GDP_MD":38574,"LABEL_X":50.554816,"LABEL_Y":26.055972,"ID":"BHR"}},{"type":"Feature","properties":{"NAME":"Kosovo","ADMIN":"Kosovo","ISO_A2":"XK","ISO_A3":"KOS","CONTINENT":"Europe","SUBREGION":"Southern Europe","POP_EST":1794815,"GDP_MD":7925,"LABEL_X":20.860719,"LABEL_Y":42.593587,"ID":"KOS"},"geometry":{"type":"Polygon","coordinates":[[[20.064956,42.546758],[20.077048,42.55991],[20.078185,42.572906],[20.075394,42.586962],[20.075704,42.603085],[20.079218,42.61125],[20.090587,42.627348],[20.10392,42.653108],[20.101956,42.656674],[20.094205,42.666983],[20.037006,42.707363],[20.03612,42.707989],[20.024751,42.723414],[20.026508,42.743206],[20.034673,42.751423],[20.055638,42.763866],[20.065059,42.769458],[20.076325,42.773437],[20.112085,42.766538],[20.149498,42.749872],[20.183398,42.742508],[20.208409,42.763282],[20.20996,42.772972],[20.208409,42.782093],[20.209236,42.791704],[20.217608,42.802737],[20.226083,42.806768],[20.264427,42.817258],[20.345352,42.827439],[20.428034,42.840642],[20.4763,42.855525],[20.498831,42.877875],[20.494367,42.887467],[20.488909,42.899191],[20.466688,42.909501],[20.450979,42.922032],[20.459454,42.950015],[20.476403,42.966371],[20.493457,42.970195],[20.51113,42.970195],[20.530457,42.975156],[20.538415,42.980659],[20.543893,42.987248],[20.553401,43.002596],[20.562393,43.009495],[20.572832,43.00934],[20.584304,43.006911],[20.596396,43.007092],[20.617273,43.02213],[20.643835,43.052257],[20.664919,43.085407],[20.669157,43.109799],[20.661818,43.115948],[20.65169,43.11631],[20.640941,43.115276],[20.632053,43.117266],[20.626058,43.123725],[20.620581,43.133337],[20.612106,43.154938],[20.600117,43.173826],[20.597533,43.184962],[20.604044,43.197959],[20.612312,43.202274],[20.644869,43.203307],[20.666986,43.209663],[20.745328,43.252865],[20.769512,43.260849],[20.79442,43.263071],[20.809717,43.25961],[20.819432,43.257412],[20.838449,43.245863],[20.848474,43.238137],[20.855088,43.231445],[20.8647,43.217337],[20.8616,43.217518],[20.851471,43.219818],[20.839999,43.212092],[20.840619,43.206976],[20.839069,43.192455],[20.836071,43.179433],[20.832041,43.178606],[20.838552,43.170467],[20.912494,43.138805],[20.993431,43.104148],[21.005157,43.099128],[21.025827,43.093366],[21.092593,43.090678],[21.10851,43.081558],[21.124012,43.058277],[21.139309,43.005826],[21.147887,42.992622],[21.165354,42.985103],[21.17941,42.990581],[21.193052,42.997893],[21.209795,42.995878],[21.225298,42.973554],[21.226745,42.942522],[21.23243,42.910896],[21.260542,42.886556],[21.2716,42.884283],[21.294958,42.884386],[21.306327,42.882448],[21.316972,42.877616],[21.336403,42.865473],[21.346738,42.860847],[21.378777,42.855292],[21.398931,42.854569],[21.40844,42.846998],[21.408419,42.841743],[21.408336,42.820747],[21.404099,42.803978],[21.39056,42.770414],[21.387149,42.754962],[21.383945,42.749976],[21.379191,42.747004],[21.378674,42.744136],[21.388699,42.739046],[21.405546,42.7353],[21.4178,42.73557],[21.441823,42.736101],[21.542488,42.725817],[21.565226,42.720184],[21.580522,42.710211],[21.612665,42.680393],[21.629408,42.672203],[21.644084,42.672306],[21.687389,42.686827],[21.708886,42.687189],[21.738652,42.68215],[21.74425,42.679425],[21.764387,42.669619],[21.772758,42.647501],[21.767074,42.638716],[21.756532,42.633626],[21.744543,42.629647],[21.734725,42.624247],[21.735551,42.621276],[21.730074,42.601018],[21.728833,42.598305],[21.726973,42.596393],[21.720152,42.593887],[21.718291,42.591019],[21.719738,42.586678],[21.726766,42.577945],[21.727697,42.574147],[21.717671,42.551151],[21.667855,42.490095],[21.627858,42.460381],[21.618969,42.449245],[21.616902,42.433923],[21.621863,42.402167],[21.617419,42.386639],[21.596645,42.372092],[21.537321,42.35863],[21.51603,42.341939],[21.514893,42.317832],[21.553857,42.273984],[21.564066,42.246289],[21.561815,42.247164],[21.519854,42.239025],[21.499287,42.238663],[21.48151,42.247784],[21.471973,42.23913],[21.467557,42.235123],[21.457222,42.237035],[21.44792,42.244141],[21.436345,42.24688],[21.419912,42.240058],[21.421462,42.231351],[21.428697,42.222566],[21.429834,42.215848],[21.419085,42.215021],[21.384255,42.224943],[21.366788,42.223858],[21.360602,42.220114],[21.353766,42.215977],[21.294958,42.148979],[21.293718,42.140168],[21.295785,42.134794],[21.298782,42.129419],[21.300332,42.120893],[21.301263,42.10061],[21.300796,42.098425],[21.299299,42.091411],[21.28886,42.089706],[21.245727,42.096167],[21.237804,42.097354],[21.229298,42.103822],[21.225402,42.106785],[21.216203,42.121151],[21.199873,42.14115],[21.164423,42.16704],[21.12639,42.188925],[21.112954,42.194402],[21.106236,42.195798],[21.098484,42.195953],[21.074403,42.184455],[21.04094,42.15997],[21.029238,42.151408],[21.003916,42.141951],[20.975145,42.134658],[20.90417,42.116668],[20.810543,42.092936],[20.784912,42.082032],[20.765378,42.064333],[20.755353,42.042784],[20.743054,41.993484],[20.741814,41.970773],[20.751439,41.940338],[20.754423,41.930904],[20.751052,41.910218],[20.750495,41.906797],[20.739953,41.888039],[20.723313,41.866619],[20.714398,41.859163],[20.702953,41.849591],[20.681456,41.84401],[20.671844,41.849307],[20.652827,41.86928],[20.643422,41.873647],[20.637014,41.870365],[20.626162,41.855198],[20.61872,41.850522],[20.602391,41.849876],[20.590298,41.854733],[20.567147,41.873182],[20.567767,41.88052],[20.562703,41.892845],[20.562496,41.900105],[20.567251,41.912172],[20.573348,41.917675],[20.580583,41.921732],[20.588748,41.929586],[20.59929,41.94788],[20.59929,41.960567],[20.594329,41.973718],[20.589678,41.993639],[20.558259,42.055109],[20.552161,42.07379],[20.551954,42.105803],[20.549371,42.123476],[20.538622,42.150116],[20.500795,42.211223],[20.481674,42.230705],[20.473665,42.237123],[20.456973,42.250497],[20.333363,42.317883],[20.317964,42.319821],[20.249647,42.318607],[20.237762,42.319924],[20.229597,42.32672],[20.220915,42.343101],[20.219468,42.350207],[20.221225,42.36372],[20.218848,42.371446],[20.21306,42.377518],[20.197454,42.38744],[20.192803,42.393693],[20.194043,42.4001],[20.204379,42.411831],[20.204689,42.420099],[20.199728,42.427799],[20.186292,42.437437],[20.180814,42.443095],[20.152702,42.493402],[20.152599,42.493609],[20.152599,42.493712],[20.152392,42.493712],[20.135546,42.509629],[20.085626,42.530015],[20.064956,42.546758]]]}}]}